"Inicio del informe","Fin del informe","Nombre del anuncio","Entrega del anuncio",Resultados,"Indicador de resultado","Costo por resultados","Presupuesto del conjunto de anuncios","Tipo de presupuesto del conjunto de anuncios","Importe gastado (ARS)",Impresiones,Alcance,Frecuencia,"CPM (costo por mil impresiones) (ARS)",Compras,Finalización,"Configuración de atribución",Puja,"Tipo de puja","Último cambio significativo","Clasificación de calidad","Clasificación del porcentaje de interacción","Clasificación del porcentaje de conversiones","Nombre del conjunto de anuncios","ROAS de compras","Valor de conversión de compras promedio [Todas las conversiones de la atribución incremental]","Valor de conversión de compras","ROAS de resultados","Indicador de ROAS de resultado","CTR único (porcentaje de clics en el enlace)","Clics en el enlace","Reproducciones de video de 3 segundos","Tiempo promedio de reproducción del video","Reproducciones de video hasta el 25%","Reproducciones de video hasta el 50%","Reproducciones de video hasta el 75%","Reproducciones de video hasta el 100%",ThruPlays,"CTR (porcentaje de clics en el enlace)","CTR único (todos)","CTR (todos)","CPC (costo por clic en el enlace) (ARS)","Visitas a la página de destino","Artículos agregados al carrito","Pagos iniciados","Resultados (iniciales)","Indicador de resultados (iniciales)"
2026-08-25,2026-08-25,"Ad6 - Secuencia - Nueva coleccion 202666 - Copia 7",active,,,,"Con el presupuesto de la campaña",0,1839.44,185,163,1.134969,9942.918919,,"En curso","7 días tras clic, 1 día tras visualización o 1 día tras visualización activa",0,ABSOLUTE_OCPM,2026-08-24T22:24:38-0300,-,-,-,"A+ - SA - Nueva coleccion 2026",,,,,,2.453988,5,,00:00:00,,,,,,2.702703,3.680982,4.324324,367.888,3,,,,
2026-08-25,2026-08-25,"Ad6 - Secuencia - Nueva coleccion 2026 - Copia 2",inactive,,,,"Con el presupuesto de la campaña",0,0,0,0,0,0,,"En curso","7 días tras clic, 1 día tras visualización o 1 día tras visualización activa",0,ABSOLUTE_OCPM,2026-08-24T22:24:38-0300,-,-,-,"A+ - SA - Nueva coleccion 2026",,,,,,0,,,00:00:00,,,,,,,0,0,,,,,,
2026-08-25,2026-08-25,"Ad6 - Secuencia - Nueva coleccion 202666 - Copia 2",inactive,,,,"Con el presupuesto de la campaña",0,0,0,0,0,0,,"En curso","7 días tras clic, 1 día tras visualización o 1 día tras visualización activa",0,ABSOLUTE_OCPM,2026-08-22T19:14:35-0300,-,-,-,"A+ - Publicos Personalizados  - Sale",,,,,,0,,,00:00:00,,,,,,,0,0,,,,,,
2026-08-25,2026-08-25,1,inactive,,,,"Con el presupuesto de la campaña",0,0,0,0,0,0,,"En curso","7 días tras clic, 1 día tras visualización o 1 día tras visualización activa",0,ABSOLUTE_OCPM,2026-08-22T19:14:35-0300,-,-,-,"A+ - Publicos Personalizados  - Sale",,,,,,0,,,00:00:00,,,,,,,0,0,,,,,,
2026-08-25,2026-08-25,"Ad3 - Angulo Producto Fit",active,,,,"Con el presupuesto de la campaña",0,0,0,0,0,0,,"En curso","7 días tras clic o 1 día tras visualización",0,ABSOLUTE_OCPM,2026-08-22T06:31:57-0300,-,-,-,"A+ - Prospecting - Angulos Nuevos (Anticipo-Viaje-Producto)",,,,,,0,,,00:00:00,,,,,,,0,0,,,,,,
2026-08-25,2026-08-25,"Ad6 - Secuencia - Nueva coleccion 202666 - Copia 6",inactive,,,,"Con el presupuesto de la campaña",0,0,0,0,0,0,,"En curso","7 días tras clic, 1 día tras visualización o 1 día tras visualización activa",0,ABSOLUTE_OCPM,2026-08-22T19:14:35-0300,-,-,-,"A+ - Publicos Personalizados  - Sale",,,,,,0,,,00:00:00,,,,,,,0,0,,,,,,
2026-08-25,2026-08-25,"Ad6 - Secuencia - Nueva coleccion 202666 - Copia 6",active,,,,"Con el presupuesto de la campaña",0,1730,222,197,1.126904,7792.792793,,"En curso","7 días tras clic, 1 día tras visualización o 1 día tras visualización activa",0,ABSOLUTE_OCPM,2026-08-24T22:24:38-0300,-,-,-,"A+ - SA - Nueva coleccion 2026",,,,,,5.583756,13,,00:00:00,,,,,,5.855856,5.583756,7.657658,133.076923,9,,,,
2026-08-25,2026-08-25,"Ad2 - Angulo Viaje",active,,,,"Con el presupuesto de la campaña",0,1953.59,159,147,1.081633,12286.72956,,"En curso","7 días tras clic o 1 día tras visualización",0,ABSOLUTE_OCPM,2026-08-22T06:31:57-0300,-,-,-,"A+ - Prospecting - Angulos Nuevos (Anticipo-Viaje-Producto)",,,,,,2.721088,4,22,3,20,10,8,5,5,2.515723,2.721088,2.515723,488.3975,2,,,,
2026-08-25,2026-08-25,"Ad6 - Secuencia - Nueva coleccion 202666 - Copia 3",inactive,,,,"Con el presupuesto de la campaña",0,0,0,0,0,0,,"En curso","7 días tras clic, 1 día tras visualización o 1 día tras visualización activa",0,ABSOLUTE_OCPM,2026-08-22T19:14:35-0300,-,-,-,"A+ - Publicos Personalizados  - Sale",,,,,,0,,,00:00:00,,,,,,,0,0,,,,,,
2026-08-25,2026-08-25,"Ad6 - Secuencia - Nueva coleccion 202666 - Copia 9",active,,,,"Con el presupuesto de la campaña",0,862.36,80,73,1.09589,10779.5,,"En curso","7 días tras clic, 1 día tras visualización o 1 día tras visualización activa",0,ABSOLUTE_OCPM,2026-08-24T22:24:38-0300,-,-,-,"A+ - SA - Nueva coleccion 2026",,,,,,0,,,00:00:00,,,,,,,0,0,,,,,,
2026-08-25,2026-08-25,"Ad1 - Angulo Anticipo Temporada",active,,,,"Con el presupuesto de la campaña",0,22178.25,2183,1688,1.293246,10159.528172,,"En curso","7 días tras clic o 1 día tras visualización",0,ABSOLUTE_OCPM,2026-08-22T06:31:57-0300,-,-,-,"A+ - Prospecting - Angulos Nuevos (Anticipo-Viaje-Producto)",,,,,,3.672986,68,120,2,441,214,127,94,94,3.114979,4.680095,4.672469,326.150735,69,7,1,,
2026-08-25,2026-08-25,"Secuencia imagenes 1 - Minimal SS25 - Copia 2",inactive,,,,"Con el presupuesto de la campaña",0,0,0,0,0,0,,"En curso","7 días tras clic, 1 día tras visualización o 1 día tras visualización activa",0,ABSOLUTE_OCPM,2026-08-22T19:14:35-0300,-,-,-,"A+ - Publicos Personalizados  - Sale",,,,,,0,,,00:00:00,,,,,,,0,0,,,,,,
2026-08-25,2026-08-25,"Ad6 - Secuencia - Nueva coleccion 202666 - Copia 10",active,,,,"Con el presupuesto de la campaña",0,1532.84,174,154,1.12987,8809.425287,,"En curso","7 días tras clic, 1 día tras visualización o 1 día tras visualización activa",0,ABSOLUTE_OCPM,2026-08-24T22:24:38-0300,-,-,-,"A+ - SA - Nueva coleccion 2026",,,,,,3.246753,8,3,2,20,12,7,3,3,4.597701,5.844156,8.045977,191.605,5,,,,
2026-08-25,2026-08-25,"Ad6 - Secuencia - Nueva coleccion 202666 - Copia 12",active,,,,"Con el presupuesto de la campaña",0,230.67,21,19,1.105263,10984.285714,,"En curso","7 días tras clic, 1 día tras visualización o 1 día tras visualización activa",0,ABSOLUTE_OCPM,2026-08-24T22:24:38-0300,-,-,-,"A+ - SA - Nueva coleccion 2026",,,,,,0,,,00:00:00,,,,,,,0,0,,,,,,
2026-08-25,2026-08-25,"Ad6 - Secuencia - Nueva coleccion 2026 - Copia 3",inactive,,,,"Con el presupuesto de la campaña",0,0,0,0,0,0,,"En curso","7 días tras clic, 1 día tras visualización o 1 día tras visualización activa",0,ABSOLUTE_OCPM,2026-08-22T19:14:35-0300,-,-,-,"A+ - Publicos Personalizados  - Sale",,,,,,0,,,00:00:00,,,,,,,0,0,,,,,,
2026-08-25,2026-08-25,"Ad6 - Secuencia - Nueva coleccion 202666 - Copia 7",inactive,,,,"Con el presupuesto de la campaña",0,0,0,0,0,0,,"En curso","7 días tras clic, 1 día tras visualización o 1 día tras visualización activa",0,ABSOLUTE_OCPM,2026-08-24T22:24:38-0300,-,-,-,"A+ - SA - Nueva coleccion 2026",,,,,,0,,,00:00:00,,,,,,,0,0,,,,,,
2026-08-25,2026-08-25,"Ad6 - Secuencia - Nueva coleccion 202666 - Copia 5",not_delivering,,,,"Con el presupuesto de la campaña",0,0,0,0,0,0,,"En curso","7 días tras clic, 1 día tras visualización o 1 día tras visualización activa",0,ABSOLUTE_OCPM,2026-08-22T19:14:35-0300,-,-,-,"A+ - Publicos Personalizados  - Sale",,,,,,0,,,00:00:00,,,,,,,0,0,,,,,,
2026-08-25,2026-08-25,"Ad5 - Video - Sale - Copia 2",inactive,,,,"Con el presupuesto de la campaña",0,0,0,0,0,0,,"En curso","7 días tras clic, 1 día tras visualización o 1 día tras visualización activa",0,ABSOLUTE_OCPM,2026-08-22T19:14:35-0300,-,-,-,"A+ - Publicos Personalizados  - Sale",,,,,,0,,,00:00:00,,,,,,,0,0,,,,,,
2026-08-25,2026-08-25,"Ad6 - Secuencia - Nueva coleccion 202666 - Copia 9",active,,,,"Con el presupuesto de la campaña",0,2054.59,301,263,1.144487,6825.880399,,"En curso","7 días tras clic, 1 día tras visualización o 1 día tras visualización activa",0,ABSOLUTE_OCPM,2026-08-24T22:24:38-0300,-,-,-,"A+ - SA - Nueva coleccion 2026",,,,,,2.661597,9,,00:00:00,,,,,,2.990033,2.661597,2.990033,228.287778,7,3,,,
2026-08-25,2026-08-25,"Ad6 - Secuencia - Nueva coleccion 202666 - Copia 11",active,,,,"Con el presupuesto de la campaña",0,112.93,9,9,1,12547.777778,,"En curso","7 días tras clic, 1 día tras visualización o 1 día tras visualización activa",0,ABSOLUTE_OCPM,2026-08-24T22:24:38-0300,-,-,-,"A+ - SA - Nueva coleccion 2026",,,,,,11.111111,1,,00:00:00,,,,,,11.111111,11.111111,11.111111,112.93,1,,,,
2026-08-25,2026-08-25,"Ad6 - Secuencia - Nueva coleccion 2026 - Copia 3",inactive,,,,"Con el presupuesto de la campaña",0,0,0,0,0,0,,"En curso","7 días tras clic, 1 día tras visualización o 1 día tras visualización activa",0,ABSOLUTE_OCPM,2026-08-22T19:14:35-0300,-,-,-,"A+ - Publicos Personalizados  - Sale",,,,,,0,,,00:00:00,,,,,,,0,0,,,,,,
2026-08-25,2026-08-25,"Ad6 - Secuencia - Nueva coleccion 202666 - Copia 6",active,,,,"Con el presupuesto de la campaña",0,0,0,0,0,0,,"En curso","7 días tras clic, 1 día tras visualización o 1 día tras visualización activa",0,ABSOLUTE_OCPM,2026-08-24T22:24:38-0300,-,-,-,"A+ - SA - Nueva coleccion 2026",,,,,,0,,,00:00:00,,,,,,,0,0,,,,,,
2026-08-25,2026-08-25,"Ad6 - Secuencia - Nueva coleccion 202666 - Copia 4",inactive,,,,"Con el presupuesto de la campaña",0,0,0,0,0,0,,"En curso","7 días tras clic, 1 día tras visualización o 1 día tras visualización activa",0,ABSOLUTE_OCPM,2026-08-22T19:14:35-0300,-,-,-,"A+ - Publicos Personalizados  - Sale",,,,,,0,,,00:00:00,,,,,,,0,0,,,,,,
2026-08-25,2026-08-25,"Ad5 - Video - Sale - Copia 3",inactive,,,,"Con el presupuesto de la campaña",0,0,0,0,0,0,,"En curso","7 días tras clic, 1 día tras visualización o 1 día tras visualización activa",0,ABSOLUTE_OCPM,2026-08-22T19:14:35-0300,-,-,-,"A+ - Publicos Personalizados  - Sale",,,,,,0,,,00:00:00,,,,,,,0,0,,,,,,
2026-08-25,2026-08-25,"Ad6 - Secuencia - Nueva coleccion 202666 - Copia 3",inactive,,,,"Con el presupuesto de la campaña",0,0,0,0,0,0,,"En curso","7 días tras clic, 1 día tras visualización o 1 día tras visualización activa",0,ABSOLUTE_OCPM,2026-08-22T19:14:35-0300,-,-,-,"A+ - Publicos Personalizados  - Sale",,,,,,0,,,00:00:00,,,,,,,0,0,,,,,,
2026-08-25,2026-08-25,"Ad6 - Secuencia - Nueva coleccion 202666 - Copia 4",inactive,,,,"Con el presupuesto de la campaña",0,0,0,0,0,0,,"En curso","7 días tras clic, 1 día tras visualización o 1 día tras visualización activa",0,ABSOLUTE_OCPM,2026-08-22T19:14:35-0300,-,-,-,"A+ - Publicos Personalizados  - Sale",,,,,,0,,,00:00:00,,,,,,,0,0,,,,,,
2026-08-25,2026-08-25,"Ad6 - Video - Sale - Copia",inactive,,,,"Con el presupuesto de la campaña",0,0,0,0,0,0,,"En curso","7 días tras clic, 1 día tras visualización o 1 día tras visualización activa",0,ABSOLUTE_OCPM,2026-08-22T19:14:35-0300,-,-,-,"A+ - Publicos Personalizados  - Sale",,,,,,0,,,00:00:00,,,,,,,0,0,,,,,,
2026-08-25,2026-08-25,"Ad6 - Secuencia - Nueva coleccion 202666 - Copia 8",active,2,actions:offsite_conversion.fb_pixel_purchase,17497.47,"Con el presupuesto de la campaña",0,34994.94,5458,3572,1.527996,6411.67827,2,"En curso","7 días tras clic, 1 día tras visualización o 1 día tras visualización activa",0,ABSOLUTE_OCPM,2026-08-24T22:24:38-0300,-,-,-,"A+ - SA - Nueva coleccion 2026",3.428281,59986.25,119972.5,3.42828135,action_values:offsite_conversion.fb_pixel_purchase,3.219485,144,,00:00:00,,,,,,2.638329,4.255319,3.884207,243.020417,149,18,2,,
2026-08-25,2026-08-25,"Ad6 - Secuencia - Nueva coleccion 202666 - Copia 7",inactive,,,,"Con el presupuesto de la campaña",0,0,0,0,0,0,,"En curso","7 días tras clic, 1 día tras visualización o 1 día tras visualización activa",0,ABSOLUTE_OCPM,2026-08-22T19:14:35-0300,-,-,-,"A+ - Publicos Personalizados  - Sale",,,,,,0,,,00:00:00,,,,,,,0,0,,,,,,
2026-08-25,2026-08-25,"Ad7 - Video - Sale",inactive,,,,"Con el presupuesto de la campaña",0,0,0,0,0,0,,"En curso","7 días tras clic, 1 día tras visualización o 1 día tras visualización activa",0,ABSOLUTE_OCPM,2026-08-22T19:14:35-0300,-,-,-,"A+ - Publicos Personalizados  - Sale",,,,,,0,,,00:00:00,,,,,,,0,0,,,,,,
2026-08-25,2026-08-25,"Ad6 - Secuencia - Nueva coleccion 202666 - Copia 6",inactive,,,,"Con el presupuesto de la campaña",0,0,0,0,0,0,,"En curso","7 días tras clic, 1 día tras visualización o 1 día tras visualización activa",0,ABSOLUTE_OCPM,2026-08-24T22:24:38-0300,-,-,-,"A+ - SA - Nueva coleccion 2026",,,,,,0,,,00:00:00,,,,,,,0,0,,,,,,
2026-08-25,2026-08-25,"Ad6 - Secuencia - Nueva coleccion 202666 - Copia 7",inactive,,,,"Con el presupuesto de la campaña",0,0,0,0,0,0,,"En curso","7 días tras clic, 1 día tras visualización o 1 día tras visualización activa",0,ABSOLUTE_OCPM,2026-08-24T22:24:38-0300,-,-,-,"A+ - SA - Nueva coleccion 2026",,,,,,0,,,00:00:00,,,,,,,0,0,,,,,,
2026-08-25,2026-08-25,"Ad6 - Video - Sale",inactive,,,,"Con el presupuesto de la campaña",0,0,0,0,0,0,,"En curso","7 días tras clic, 1 día tras visualización o 1 día tras visualización activa",0,ABSOLUTE_OCPM,2026-08-22T19:14:35-0300,-,-,-,"A+ - Publicos Personalizados  - Sale",,,,,,0,,,00:00:00,,,,,,,0,0,,,,,,
2026-08-25,2026-08-25,"Ad6 - Secuencia - Nueva coleccion 202666 - Copia 5",not_delivering,,,,"Con el presupuesto de la campaña",0,0,0,0,0,0,,"En curso","7 días tras clic, 1 día tras visualización o 1 día tras visualización activa",0,ABSOLUTE_OCPM,2026-08-24T22:24:38-0300,-,-,-,"A+ - SA - Nueva coleccion 2026",,,,,,0,,,00:00:00,,,,,,,0,0,,,,,,
2026-08-25,2026-08-25,"Ad6 - Secuencia - Nueva coleccion 202666 - Copia 2",inactive,,,,"Con el presupuesto de la campaña",0,0,0,0,0,0,,"En curso","7 días tras clic, 1 día tras visualización o 1 día tras visualización activa",0,ABSOLUTE_OCPM,2026-08-22T19:14:35-0300,-,-,-,"A+ - Publicos Personalizados  - Sale",,,,,,0,,,00:00:00,,,,,,,0,0,,,,,,
2026-08-25,2026-08-25,"Ad5 - Video - Sale",inactive,,,,"Con el presupuesto de la campaña",0,0,0,0,0,0,,"En curso","7 días tras clic, 1 día tras visualización o 1 día tras visualización activa",0,ABSOLUTE_OCPM,2026-08-22T19:14:35-0300,-,-,-,"A+ - Publicos Personalizados  - Sale",,,,,,0,,,00:00:00,,,,,,,0,0,,,,,,
2026-08-25,2026-08-25,"Ad6 - Secuencia - Nueva coleccion 202666 - Copia 2",inactive,,,,"Con el presupuesto de la campaña",0,0,0,0,0,0,,"En curso","7 días tras clic, 1 día tras visualización o 1 día tras visualización activa",0,ABSOLUTE_OCPM,2026-08-22T19:14:35-0300,-,-,-,"A+ - Publicos Personalizados  - Sale",,,,,,0,,,00:00:00,,,,,,,0,0,,,,,,
2026-08-25,2026-08-25,"Ad6 - Secuencia - Nueva coleccion 202666 - Copia 2",inactive,,,,"Con el presupuesto de la campaña",0,0,0,0,0,0,,"En curso","7 días tras clic, 1 día tras visualización o 1 día tras visualización activa",0,ABSOLUTE_OCPM,2026-08-24T22:24:38-0300,-,-,-,"A+ - SA - Nueva coleccion 2026",,,,,,0,,,00:00:00,,,,,,,0,0,,,,,,
2026-08-25,2026-08-25,"Ad2 - Video - Sale",inactive,,,,"Con el presupuesto de la campaña",0,0,0,0,0,0,,"En curso","7 días tras clic, 1 día tras visualización o 1 día tras visualización activa",0,ABSOLUTE_OCPM,2026-08-22T19:14:35-0300,-,-,-,"A+ - Publicos Personalizados  - Sale",,,,,,0,,,00:00:00,,,,,,,0,0,,,,,,
2026-08-25,2026-08-25,"Ad6 - Secuencia - Nueva coleccion 202666 - Copia 4",inactive,,,,"Con el presupuesto de la campaña",0,0,0,0,0,0,,"En curso","7 días tras clic, 1 día tras visualización o 1 día tras visualización activa",0,ABSOLUTE_OCPM,2026-08-24T22:24:38-0300,-,-,-,"A+ - SA - Nueva coleccion 2026",,,,,,0,,,00:00:00,,,,,,,0,0,,,,,,
2026-08-25,2026-08-25,"Ad6 - Secuencia - Nueva coleccion 2026 - Copia 3",active,,,,"Con el presupuesto de la campaña",0,16846.94,2415,1904,1.268382,6975.958592,,"En curso","7 días tras clic, 1 día tras visualización o 1 día tras visualización activa",0,ABSOLUTE_OCPM,2026-08-24T22:24:38-0300,-,-,-,"A+ - SA - Nueva coleccion 2026",,,,,,3.308824,69,29,2,31,16,10,6,7,2.857143,3.886555,3.933747,244.158551,66,8,1,,
2026-08-25,2026-08-25,"Ad6 - Secuencia - Nueva coleccion 202666 - Copia 4",not_delivering,,,,"Con el presupuesto de la campaña",0,0,0,0,0,0,,"En curso","7 días tras clic, 1 día tras visualización o 1 día tras visualización activa",0,ABSOLUTE_OCPM,2026-08-24T22:24:38-0300,-,-,-,"A+ - SA - Nueva coleccion 2026",,,,,,0,,,00:00:00,,,,,,,0,0,,,,,,
2026-08-25,2026-08-25,"Ad6 - Secuencia - Nueva coleccion 202666 - Copia 4",inactive,,,,"Con el presupuesto de la campaña",0,0,0,0,0,0,,"En curso","7 días tras clic, 1 día tras visualización o 1 día tras visualización activa",0,ABSOLUTE_OCPM,2026-08-22T19:14:35-0300,-,-,-,"A+ - Publicos Personalizados  - Sale",,,,,,0,,,00:00:00,,,,,,,0,0,,,,,,
2026-08-25,2026-08-25,"Ad6 - Secuencia - Nueva coleccion 202666 - Copia 3",inactive,,,,"Con el presupuesto de la campaña",0,0,0,0,0,0,,"En curso","7 días tras clic, 1 día tras visualización o 1 día tras visualización activa",0,ABSOLUTE_OCPM,2026-08-22T19:14:35-0300,-,-,-,"A+ - Publicos Personalizados  - Sale",,,,,,0,,,00:00:00,,,,,,,0,0,,,,,,
2026-08-25,2026-08-25,"Ad6 - Secuencia - Nueva coleccion 202666 - Copia 6",inactive,,,,"Con el presupuesto de la campaña",0,0,0,0,0,0,,"En curso","7 días tras clic, 1 día tras visualización o 1 día tras visualización activa",0,ABSOLUTE_OCPM,2026-08-22T19:14:35-0300,-,-,-,"A+ - Publicos Personalizados  - Sale",,,,,,0,,,00:00:00,,,,,,,0,0,,,,,,
2026-08-25,2026-08-25,"Ad6 - Secuencia - Nueva coleccion 202666 - Copia 3",inactive,,,,"Con el presupuesto de la campaña",0,0,0,0,0,0,,"En curso","7 días tras clic, 1 día tras visualización o 1 día tras visualización activa",0,ABSOLUTE_OCPM,2026-08-24T22:24:38-0300,-,-,-,"A+ - SA - Nueva coleccion 2026",,,,,,0,,,00:00:00,,,,,,,0,0,,,,,,
2026-08-25,2026-08-25,"Ad6 - Secuencia - Nueva coleccion 202666 - Copia 4",inactive,,,,"Con el presupuesto de la campaña",0,0,0,0,0,0,,"En curso","7 días tras clic, 1 día tras visualización o 1 día tras visualización activa",0,ABSOLUTE_OCPM,2026-08-22T19:14:35-0300,-,-,-,"A+ - Publicos Personalizados  - Sale",,,,,,0,,,00:00:00,,,,,,,0,0,,,,,,
2026-08-25,2026-08-25,"Ad6 - Secuencia - Nueva coleccion 202666 - Copia 2",inactive,,,,"Con el presupuesto de la campaña",0,0,0,0,0,0,,"En curso","7 días tras clic, 1 día tras visualización o 1 día tras visualización activa",0,ABSOLUTE_OCPM,2026-08-24T22:24:38-0300,-,-,-,"A+ - SA - Nueva coleccion 2026",,,,,,0,,,00:00:00,,,,,,,0,0,,,,,,
2026-08-25,2026-08-25,"Ad6 - Secuencia - Nueva coleccion 202666 - Copia 3",not_delivering,,,,"Con el presupuesto de la campaña",0,0,0,0,0,0,,"En curso","7 días tras clic, 1 día tras visualización o 1 día tras visualización activa",0,ABSOLUTE_OCPM,2026-08-22T19:14:35-0300,-,-,-,"A+ - Publicos Personalizados  - Sale",,,,,,0,,,00:00:00,,,,,,,0,0,,,,,,
2026-08-25,2026-08-25,"Ad6 - Secuencia - Nueva coleccion 2026 - Copia 4",active,,,,"Con el presupuesto de la campaña",0,211.18,36,23,1.565217,5866.111111,,"En curso","7 días tras clic, 1 día tras visualización o 1 día tras visualización activa",0,ABSOLUTE_OCPM,2026-08-24T22:24:38-0300,-,-,-,"A+ - SA - Nueva coleccion 2026",,,,,,4.347826,1,,00:00:00,,,,,,2.777778,4.347826,2.777778,211.18,1,,,,
2026-08-25,2026-08-25,"Ad6 - Secuencia - Nueva coleccion 202666 - Copia 2",inactive,,,,"Con el presupuesto de la campaña",0,0,0,0,0,0,,"En curso","7 días tras clic, 1 día tras visualización o 1 día tras visualización activa",0,ABSOLUTE_OCPM,2026-08-22T19:14:35-0300,-,-,-,"A+ - Publicos Personalizados  - Sale",,,,,,0,,,00:00:00,,,,,,,0,0,,,,,,
2026-08-25,2026-08-25,"Ad6 - Secuencia - Nueva coleccion 202666 - Copia",inactive,,,,"Con el presupuesto de la campaña",0,0,0,0,0,0,,"En curso","7 días tras clic, 1 día tras visualización o 1 día tras visualización activa",0,ABSOLUTE_OCPM,2026-08-24T22:24:38-0300,-,-,-,"A+ - SA - Nueva coleccion 2026",,,,,,0,,,00:00:00,,,,,,,0,0,,,,,,
2026-08-25,2026-08-25,"Ad5 - Video - Sale - Copia 3",inactive,,,,"Con el presupuesto de la campaña",0,0,0,0,0,0,,"En curso","7 días tras clic, 1 día tras visualización o 1 día tras visualización activa",0,ABSOLUTE_OCPM,2026-08-22T19:14:35-0300,-,-,-,"A+ - Publicos Personalizados  - Sale",,,,,,0,,,00:00:00,,,,,,,0,0,,,,,,
2026-08-25,2026-08-25,"Ad6 - Secuencia - Nueva coleccion 202666 - Copia 5",not_delivering,,,,"Con el presupuesto de la campaña",0,0,0,0,0,0,,"En curso","7 días tras clic, 1 día tras visualización o 1 día tras visualización activa",0,ABSOLUTE_OCPM,2026-08-22T19:14:35-0300,-,-,-,"A+ - Publicos Personalizados  - Sale",,,,,,0,,,00:00:00,,,,,,,0,0,,,,,,
2026-08-25,2026-08-25,"Ad5 - Video - Sale - Copia 2",inactive,,,,"Con el presupuesto de la campaña",0,0,0,0,0,0,,"En curso","7 días tras clic, 1 día tras visualización o 1 día tras visualización activa",0,ABSOLUTE_OCPM,2026-08-22T19:14:35-0300,-,-,-,"A+ - Publicos Personalizados  - Sale",,,,,,0,,,00:00:00,,,,,,,0,0,,,,,,
2026-08-25,2026-08-25,"Ad6 - Secuencia - Nueva coleccion 202666 - Copia 2",inactive,,,,"Con el presupuesto de la campaña",0,0,0,0,0,0,,"En curso","7 días tras clic, 1 día tras visualización o 1 día tras visualización activa",0,ABSOLUTE_OCPM,2026-08-22T19:14:35-0300,-,-,-,"A+ - Publicos Personalizados  - Sale",,,,,,0,,,00:00:00,,,,,,,0,0,,,,,,
2026-08-25,2026-08-25,"Ad6 - Secuencia - Nueva coleccion 2026 - Copia",inactive,,,,"Con el presupuesto de la campaña",0,0,0,0,0,0,,"En curso","7 días tras clic, 1 día tras visualización o 1 día tras visualización activa",0,ABSOLUTE_OCPM,2026-08-24T22:24:38-0300,-,-,-,"A+ - SA - Nueva coleccion 2026",,,,,,0,,,00:00:00,,,,,,,0,0,,,,,,
2026-08-25,2026-08-25,"Ad6 - Secuencia - Nueva coleccion 202666 - Copia",inactive,,,,"Con el presupuesto de la campaña",0,0,0,0,0,0,,"En curso","7 días tras clic, 1 día tras visualización o 1 día tras visualización activa",0,ABSOLUTE_OCPM,2026-08-22T19:14:35-0300,-,-,-,"A+ - Publicos Personalizados  - Sale",,,,,,0,,,00:00:00,,,,,,,0,0,,,,,,
2026-08-25,2026-08-25,"Ad4 - Imagen - Sale",inactive,,,,"Con el presupuesto de la campaña",0,0,0,0,0,0,,"En curso","7 días tras clic, 1 día tras visualización o 1 día tras visualización activa",0,ABSOLUTE_OCPM,2026-08-22T19:14:35-0300,-,-,-,"A+ - Publicos Personalizados  - Sale",,,,,,0,,,00:00:00,,,,,,,0,0,,,,,,
2026-08-25,2026-08-25,"Ad6 - Secuencia - Nueva coleccion 2026 - Copia",inactive,,,,"Con el presupuesto de la campaña",0,0,0,0,0,0,,"En curso","7 días tras clic, 1 día tras visualización o 1 día tras visualización activa",0,ABSOLUTE_OCPM,2026-08-24T22:24:38-0300,-,-,-,"A+ - SA - Nueva coleccion 2026",,,,,,0,,,00:00:00,,,,,,,0,0,,,,,,
2026-08-25,2026-08-25,"Ad3 - Video - Sale",inactive,,,,"Con el presupuesto de la campaña",0,0,0,0,0,0,,"En curso","7 días tras clic, 1 día tras visualización o 1 día tras visualización activa",0,ABSOLUTE_OCPM,2026-08-22T19:14:35-0300,-,-,-,"A+ - Publicos Personalizados  - Sale",,,,,,0,,,00:00:00,,,,,,,0,0,,,,,,
2026-08-25,2026-08-25,"Ad5 - Video - Sale - Copia",not_delivering,,,,"Con el presupuesto de la campaña",0,0,0,0,0,0,,"En curso","7 días tras clic, 1 día tras visualización o 1 día tras visualización activa",0,ABSOLUTE_OCPM,2026-08-22T19:14:35-0300,-,-,-,"A+ - Publicos Personalizados  - Sale",,,,,,0,,,00:00:00,,,,,,,0,0,,,,,,
2026-08-25,2026-08-25,"Ad1 - Video - Sale",inactive,,,,"Con el presupuesto de la campaña",0,0,0,0,0,0,,"En curso","7 días tras clic, 1 día tras visualización o 1 día tras visualización activa",0,ABSOLUTE_OCPM,2026-08-22T19:14:35-0300,-,-,-,"A+ - Publicos Personalizados  - Sale",,,,,,0,,,00:00:00,,,,,,,0,0,,,,,,
2026-08-24,2026-08-24,"Ad6 - Secuencia - Nueva coleccion 202666 - Copia 2",inactive,,,,"Con el presupuesto de la campaña",0,0,0,0,0,0,,"En curso","7 días tras clic, 1 día tras visualización o 1 día tras visualización activa",0,ABSOLUTE_OCPM,2026-08-22T19:14:35-0300,-,-,-,"A+ - Publicos Personalizados  - Sale",,,,,,0,,,00:00:00,,,,,,,0,0,,,,,,
2026-08-24,2026-08-24,"Ad6 - Secuencia - Nueva coleccion 202666 - Copia 7",active,,,,"Con el presupuesto de la campaña",0,4302.81,597,531,1.124294,7207.386935,,"En curso","7 días tras clic, 1 día tras visualización o 1 día tras visualización activa",0,ABSOLUTE_OCPM,2026-08-24T22:24:38-0300,-,-,-,"A+ - SA - Nueva coleccion 2026",,,,,,1.694915,10,,00:00:00,,,,,,1.675042,2.448211,2.345059,430.281,10,1,1,,
2026-08-24,2026-08-24,"Ad6 - Secuencia - Nueva coleccion 2026 - Copia 2",inactive,,,,"Con el presupuesto de la campaña",0,0,0,0,0,0,,"En curso","7 días tras clic, 1 día tras visualización o 1 día tras visualización activa",0,ABSOLUTE_OCPM,2026-08-24T22:24:38-0300,-,-,-,"A+ - SA - Nueva coleccion 2026",,,,,,0,,,00:00:00,,,,,,,0,0,,,,,,
2026-08-24,2026-08-24,"Ad6 - Secuencia - Nueva coleccion 202666 - Copia 6",inactive,,,,"Con el presupuesto de la campaña",0,0,0,0,0,0,,"En curso","7 días tras clic, 1 día tras visualización o 1 día tras visualización activa",0,ABSOLUTE_OCPM,2026-08-22T19:14:35-0300,-,-,-,"A+ - Publicos Personalizados  - Sale",,,,,,0,,,00:00:00,,,,,,,0,0,,,,,,
2026-08-24,2026-08-24,1,inactive,,,,"Con el presupuesto de la campaña",0,0,0,0,0,0,,"En curso","7 días tras clic, 1 día tras visualización o 1 día tras visualización activa",0,ABSOLUTE_OCPM,2026-08-22T19:14:35-0300,-,-,-,"A+ - Publicos Personalizados  - Sale",,,,,,0,,,00:00:00,,,,,,,0,0,,,,,,
2026-08-24,2026-08-24,"Ad3 - Angulo Producto Fit",active,,,,"Con el presupuesto de la campaña",0,0,0,0,0,0,,"En curso","7 días tras clic o 1 día tras visualización",0,ABSOLUTE_OCPM,2026-08-22T06:31:57-0300,-,-,-,"A+ - Prospecting - Angulos Nuevos (Anticipo-Viaje-Producto)",,,,,,0,,,00:00:00,,,,,,,0,0,,,,,,
2026-08-24,2026-08-24,"Ad6 - Secuencia - Nueva coleccion 202666 - Copia 3",inactive,,,,"Con el presupuesto de la campaña",0,0,0,0,0,0,,"En curso","7 días tras clic, 1 día tras visualización o 1 día tras visualización activa",0,ABSOLUTE_OCPM,2026-08-22T19:14:35-0300,-,-,-,"A+ - Publicos Personalizados  - Sale",,,,,,0,,,00:00:00,,,,,,,0,0,,,,,,
2026-08-24,2026-08-24,"Ad6 - Secuencia - Nueva coleccion 202666 - Copia 6",active,,,,"Con el presupuesto de la campaña",0,2369.78,348,319,1.090909,6809.712644,,"En curso","7 días tras clic, 1 día tras visualización o 1 día tras visualización activa",0,ABSOLUTE_OCPM,2026-08-24T22:24:38-0300,-,-,-,"A+ - SA - Nueva coleccion 2026",,,,,,1.567398,6,,00:00:00,,,,,,1.724138,2.194357,2.298851,394.963333,5,3,,,
2026-08-24,2026-08-24,"Ad2 - Angulo Viaje",active,,,,"Con el presupuesto de la campaña",0,0,0,0,0,0,,"En curso","7 días tras clic o 1 día tras visualización",0,ABSOLUTE_OCPM,2026-08-22T06:31:57-0300,-,-,-,"A+ - Prospecting - Angulos Nuevos (Anticipo-Viaje-Producto)",,,,,,0,,,00:00:00,,,,,,,0,0,,,,,,
2026-08-24,2026-08-24,"Secuencia imagenes 1 - Minimal SS25 - Copia 2",inactive,,,,"Con el presupuesto de la campaña",0,0,0,0,0,0,,"En curso","7 días tras clic, 1 día tras visualización o 1 día tras visualización activa",0,ABSOLUTE_OCPM,2026-08-22T19:14:35-0300,-,-,-,"A+ - Publicos Personalizados  - Sale",,,,,,0,,,00:00:00,,,,,,,0,0,,,,,,
2026-08-24,2026-08-24,"Ad6 - Secuencia - Nueva coleccion 202666 - Copia 9",active,,,,"Con el presupuesto de la campaña",0,4728.06,620,508,1.220472,7625.903226,,"En curso","7 días tras clic, 1 día tras visualización o 1 día tras visualización activa",0,ABSOLUTE_OCPM,2026-08-24T22:24:38-0300,-,-,-,"A+ - SA - Nueva coleccion 2026",,,,,,2.952756,17,,00:00:00,,,,,,2.741935,4.330709,4.032258,278.121176,15,8,,,
2026-08-24,2026-08-24,"Ad1 - Angulo Anticipo Temporada",active,,,,"Con el presupuesto de la campaña",0,15051.88,1532,1238,1.23748,9824.986945,,"En curso","7 días tras clic o 1 día tras visualización",0,ABSOLUTE_OCPM,2026-08-22T06:31:57-0300,-,-,-,"A+ - Prospecting - Angulos Nuevos (Anticipo-Viaje-Producto)",,,,,,3.392569,54,47,2,153,75,44,38,38,3.524804,3.71567,4.046997,278.738519,44,12,,,
2026-08-24,2026-08-24,"Ad6 - Secuencia - Nueva coleccion 2026 - Copia 3",inactive,,,,"Con el presupuesto de la campaña",0,0,0,0,0,0,,"En curso","7 días tras clic, 1 día tras visualización o 1 día tras visualización activa",0,ABSOLUTE_OCPM,2026-08-22T19:14:35-0300,-,-,-,"A+ - Publicos Personalizados  - Sale",,,,,,0,,,00:00:00,,,,,,,0,0,,,,,,
2026-08-24,2026-08-24,"Ad6 - Secuencia - Nueva coleccion 202666 - Copia 10",active,,,,"Con el presupuesto de la campaña",0,924.92,80,74,1.081081,11561.5,,"En curso","7 días tras clic, 1 día tras visualización o 1 día tras visualización activa",0,ABSOLUTE_OCPM,2026-08-24T22:24:38-0300,-,-,-,"A+ - SA - Nueva coleccion 2026",,,,,,1.351351,1,5,3,10,7,5,5,5,1.25,1.351351,1.25,924.92,1,,,,
2026-08-24,2026-08-24,"Ad6 - Secuencia - Nueva coleccion 202666 - Copia 12",active,,,,"Con el presupuesto de la campaña",0,2103.17,286,234,1.222222,7353.741259,,"En curso","7 días tras clic, 1 día tras visualización o 1 día tras visualización activa",0,ABSOLUTE_OCPM,2026-08-24T22:24:38-0300,-,-,-,"A+ - SA - Nueva coleccion 2026",,,,,,2.991453,9,1,4,1,1,1,,,3.146853,2.991453,3.146853,233.685556,8,,,,
2026-08-24,2026-08-24,"Ad5 - Video - Sale - Copia 2",inactive,,,,"Con el presupuesto de la campaña",0,0,0,0,0,0,,"En curso","7 días tras clic, 1 día tras visualización o 1 día tras visualización activa",0,ABSOLUTE_OCPM,2026-08-22T19:14:35-0300,-,-,-,"A+ - Publicos Personalizados  - Sale",,,,,,0,,,00:00:00,,,,,,,0,0,,,,,,
2026-08-24,2026-08-24,"Ad6 - Secuencia - Nueva coleccion 202666 - Copia 7",inactive,,,,"Con el presupuesto de la campaña",0,0,0,0,0,0,,"En curso","7 días tras clic, 1 día tras visualización o 1 día tras visualización activa",0,ABSOLUTE_OCPM,2026-08-24T22:24:38-0300,-,-,-,"A+ - SA - Nueva coleccion 2026",,,,,,0,,,00:00:00,,,,,,,0,0,,,,,,
2026-08-24,2026-08-24,"Ad6 - Secuencia - Nueva coleccion 202666 - Copia 5",not_delivering,,,,"Con el presupuesto de la campaña",0,0,0,0,0,0,,"En curso","7 días tras clic, 1 día tras visualización o 1 día tras visualización activa",0,ABSOLUTE_OCPM,2026-08-22T19:14:35-0300,-,-,-,"A+ - Publicos Personalizados  - Sale",,,,,,0,,,00:00:00,,,,,,,0,0,,,,,,
2026-08-24,2026-08-24,"Ad6 - Secuencia - Nueva coleccion 2026 - Copia 3",inactive,,,,"Con el presupuesto de la campaña",0,0,0,0,0,0,,"En curso","7 días tras clic, 1 día tras visualización o 1 día tras visualización activa",0,ABSOLUTE_OCPM,2026-08-22T19:14:35-0300,-,-,-,"A+ - Publicos Personalizados  - Sale",,,,,,0,,,00:00:00,,,,,,,0,0,,,,,,
2026-08-24,2026-08-24,"Ad6 - Secuencia - Nueva coleccion 202666 - Copia 9",active,,,,"Con el presupuesto de la campaña",0,0,0,0,0,0,,"En curso","7 días tras clic, 1 día tras visualización o 1 día tras visualización activa",0,ABSOLUTE_OCPM,2026-08-24T22:24:38-0300,-,-,-,"A+ - SA - Nueva coleccion 2026",,,,,,0,,,00:00:00,,,,,,,0,0,,,,,,
2026-08-24,2026-08-24,"Ad6 - Secuencia - Nueva coleccion 202666 - Copia 11",active,,,,"Con el presupuesto de la campaña",0,2119.17,136,113,1.20354,15582.132353,,"En curso","7 días tras clic, 1 día tras visualización o 1 día tras visualización activa",0,ABSOLUTE_OCPM,2026-08-24T22:24:38-0300,-,-,-,"A+ - SA - Nueva coleccion 2026",,,,,,2.654867,3,,1,1,,,,,2.205882,3.539823,2.941176,706.39,3,,,,
2026-08-24,2026-08-24,"Ad5 - Video - Sale - Copia 3",inactive,,,,"Con el presupuesto de la campaña",0,0,0,0,0,0,,"En curso","7 días tras clic, 1 día tras visualización o 1 día tras visualización activa",0,ABSOLUTE_OCPM,2026-08-22T19:14:35-0300,-,-,-,"A+ - Publicos Personalizados  - Sale",,,,,,0,,,00:00:00,,,,,,,0,0,,,,,,
2026-08-24,2026-08-24,"Ad6 - Secuencia - Nueva coleccion 202666 - Copia 6",active,,,,"Con el presupuesto de la campaña",0,856.4,126,126,1,6796.825397,,"En curso","7 días tras clic, 1 día tras visualización o 1 día tras visualización activa",0,ABSOLUTE_OCPM,2026-08-24T22:24:38-0300,-,-,-,"A+ - SA - Nueva coleccion 2026",,,,,,3.174603,5,,00:00:00,,,,,,3.968254,3.968254,4.761905,171.28,4,1,,,
2026-08-24,2026-08-24,"Ad6 - Secuencia - Nueva coleccion 202666 - Copia 4",inactive,,,,"Con el presupuesto de la campaña",0,0,0,0,0,0,,"En curso","7 días tras clic, 1 día tras visualización o 1 día tras visualización activa",0,ABSOLUTE_OCPM,2026-08-22T19:14:35-0300,-,-,-,"A+ - Publicos Personalizados  - Sale",,,,,,0,,,00:00:00,,,,,,,0,0,,,,,,
2026-08-24,2026-08-24,"Ad6 - Video - Sale - Copia",inactive,,,,"Con el presupuesto de la campaña",0,0,0,0,0,0,,"En curso","7 días tras clic, 1 día tras visualización o 1 día tras visualización activa",0,ABSOLUTE_OCPM,2026-08-22T19:14:35-0300,-,-,-,"A+ - Publicos Personalizados  - Sale",,,,,,0,,,00:00:00,,,,,,,0,0,,,,,,
2026-08-24,2026-08-24,"Ad6 - Secuencia - Nueva coleccion 202666 - Copia 3",inactive,,,,"Con el presupuesto de la campaña",0,0,0,0,0,0,,"En curso","7 días tras clic, 1 día tras visualización o 1 día tras visualización activa",0,ABSOLUTE_OCPM,2026-08-22T19:14:35-0300,-,-,-,"A+ - Publicos Personalizados  - Sale",,,,,,0,,,00:00:00,,,,,,,0,0,,,,,,
2026-08-24,2026-08-24,"Ad6 - Secuencia - Nueva coleccion 202666 - Copia 4",inactive,,,,"Con el presupuesto de la campaña",0,0,0,0,0,0,,"En curso","7 días tras clic, 1 día tras visualización o 1 día tras visualización activa",0,ABSOLUTE_OCPM,2026-08-22T19:14:35-0300,-,-,-,"A+ - Publicos Personalizados  - Sale",,,,,,0,,,00:00:00,,,,,,,0,0,,,,,,
2026-08-24,2026-08-24,"Ad7 - Video - Sale",inactive,,,,"Con el presupuesto de la campaña",0,0,0,0,0,0,,"En curso","7 días tras clic, 1 día tras visualización o 1 día tras visualización activa",0,ABSOLUTE_OCPM,2026-08-22T19:14:35-0300,-,-,-,"A+ - Publicos Personalizados  - Sale",,,,,,0,,,00:00:00,,,,,,,0,0,,,,,,
2026-08-24,2026-08-24,"Ad6 - Secuencia - Nueva coleccion 202666 - Copia 8",active,1,actions:offsite_conversion.fb_pixel_purchase,27752.75,"Con el presupuesto de la campaña",0,27752.75,4148,2952,1.405149,6690.634041,1,"En curso","7 días tras clic, 1 día tras visualización o 1 día tras visualización activa",0,ABSOLUTE_OCPM,2026-08-24T22:24:38-0300,-,-,-,"A+ - SA - Nueva coleccion 2026",2.87493,79787.21,79787.21,2.87492987,action_values:offsite_conversion.fb_pixel_purchase,2.947154,99,,00:00:00,,,,,,2.386692,3.658537,3.230473,280.330808,111,12,6,,
2026-08-24,2026-08-24,"Ad6 - Secuencia - Nueva coleccion 202666 - Copia 7",inactive,,,,"Con el presupuesto de la campaña",0,0,0,0,0,0,,"En curso","7 días tras clic, 1 día tras visualización o 1 día tras visualización activa",0,ABSOLUTE_OCPM,2026-08-22T19:14:35-0300,-,-,-,"A+ - Publicos Personalizados  - Sale",,,,,,0,,,00:00:00,,,,,,,0,0,,,,,,
2026-08-24,2026-08-24,"Ad6 - Video - Sale",inactive,,,,"Con el presupuesto de la campaña",0,0,0,0,0,0,,"En curso","7 días tras clic, 1 día tras visualización o 1 día tras visualización activa",0,ABSOLUTE_OCPM,2026-08-22T19:14:35-0300,-,-,-,"A+ - Publicos Personalizados  - Sale",,,,,,0,,,00:00:00,,,,,,,0,0,,,,,,
2026-08-24,2026-08-24,"Ad6 - Secuencia - Nueva coleccion 202666 - Copia 6",inactive,,,,"Con el presupuesto de la campaña",0,0,0,0,0,0,,"En curso","7 días tras clic, 1 día tras visualización o 1 día tras visualización activa",0,ABSOLUTE_OCPM,2026-08-24T22:24:38-0300,-,-,-,"A+ - SA - Nueva coleccion 2026",,,,,,0,,,00:00:00,,,,,,,0,0,,,,,,
2026-08-24,2026-08-24,"Ad6 - Secuencia - Nueva coleccion 202666 - Copia 7",inactive,,,,"Con el presupuesto de la campaña",0,0,0,0,0,0,,"En curso","7 días tras clic, 1 día tras visualización o 1 día tras visualización activa",0,ABSOLUTE_OCPM,2026-08-24T22:24:38-0300,-,-,-,"A+ - SA - Nueva coleccion 2026",,,,,,0,,,00:00:00,,,,,,,0,0,,,,,,
2026-08-24,2026-08-24,"Ad5 - Video - Sale",inactive,,,,"Con el presupuesto de la campaña",0,0,0,0,0,0,,"En curso","7 días tras clic, 1 día tras visualización o 1 día tras visualización activa",0,ABSOLUTE_OCPM,2026-08-22T19:14:35-0300,-,-,-,"A+ - Publicos Personalizados  - Sale",,,,,,0,,,00:00:00,,,,,,,0,0,,,,,,
2026-08-24,2026-08-24,"Ad6 - Secuencia - Nueva coleccion 202666 - Copia 5",not_delivering,,,,"Con el presupuesto de la campaña",0,0,0,0,0,0,,"En curso","7 días tras clic, 1 día tras visualización o 1 día tras visualización activa",0,ABSOLUTE_OCPM,2026-08-24T22:24:38-0300,-,-,-,"A+ - SA - Nueva coleccion 2026",,,,,,0,,,00:00:00,,,,,,,0,0,,,,,,
2026-08-24,2026-08-24,"Ad6 - Secuencia - Nueva coleccion 202666 - Copia 2",inactive,,,,"Con el presupuesto de la campaña",0,0,0,0,0,0,,"En curso","7 días tras clic, 1 día tras visualización o 1 día tras visualización activa",0,ABSOLUTE_OCPM,2026-08-22T19:14:35-0300,-,-,-,"A+ - Publicos Personalizados  - Sale",,,,,,0,,,00:00:00,,,,,,,0,0,,,,,,
2026-08-24,2026-08-24,"Ad2 - Video - Sale",inactive,,,,"Con el presupuesto de la campaña",0,0,0,0,0,0,,"En curso","7 días tras clic, 1 día tras visualización o 1 día tras visualización activa",0,ABSOLUTE_OCPM,2026-08-22T19:14:35-0300,-,-,-,"A+ - Publicos Personalizados  - Sale",,,,,,0,,,00:00:00,,,,,,,0,0,,,,,,
2026-08-24,2026-08-24,"Ad6 - Secuencia - Nueva coleccion 202666 - Copia 2",inactive,,,,"Con el presupuesto de la campaña",0,0,0,0,0,0,,"En curso","7 días tras clic, 1 día tras visualización o 1 día tras visualización activa",0,ABSOLUTE_OCPM,2026-08-22T19:14:35-0300,-,-,-,"A+ - Publicos Personalizados  - Sale",,,,,,0,,,00:00:00,,,,,,,0,0,,,,,,
2026-08-24,2026-08-24,"Ad6 - Secuencia - Nueva coleccion 202666 - Copia 2",inactive,,,,"Con el presupuesto de la campaña",0,0,0,0,0,0,,"En curso","7 días tras clic, 1 día tras visualización o 1 día tras visualización activa",0,ABSOLUTE_OCPM,2026-08-24T22:24:38-0300,-,-,-,"A+ - SA - Nueva coleccion 2026",,,,,,0,,,00:00:00,,,,,,,0,0,,,,,,
2026-08-24,2026-08-24,"Ad6 - Secuencia - Nueva coleccion 202666 - Copia 4",inactive,,,,"Con el presupuesto de la campaña",0,0,0,0,0,0,,"En curso","7 días tras clic, 1 día tras visualización o 1 día tras visualización activa",0,ABSOLUTE_OCPM,2026-08-24T22:24:38-0300,-,-,-,"A+ - SA - Nueva coleccion 2026",,,,,,0,,,00:00:00,,,,,,,0,0,,,,,,
2026-08-24,2026-08-24,"Ad6 - Secuencia - Nueva coleccion 2026 - Copia 3",active,,,,"Con el presupuesto de la campaña",0,20104.91,2514,1984,1.267137,7997.179793,,"En curso","7 días tras clic, 1 día tras visualización o 1 día tras visualización activa",0,ABSOLUTE_OCPM,2026-08-24T22:24:38-0300,-,-,-,"A+ - SA - Nueva coleccion 2026",,,,,,3.931452,95,24,2,32,16,8,7,10,3.778839,4.385081,4.653938,211.630632,88,5,1,,
2026-08-24,2026-08-24,"Ad6 - Secuencia - Nueva coleccion 202666 - Copia 4",not_delivering,,,,"Con el presupuesto de la campaña",0,0,0,0,0,0,,"En curso","7 días tras clic, 1 día tras visualización o 1 día tras visualización activa",0,ABSOLUTE_OCPM,2026-08-24T22:24:38-0300,-,-,-,"A+ - SA - Nueva coleccion 2026",,,,,,0,,,00:00:00,,,,,,,0,0,,,,,,
2026-08-24,2026-08-24,"Ad6 - Secuencia - Nueva coleccion 202666 - Copia 4",inactive,,,,"Con el presupuesto de la campaña",0,0,0,0,0,0,,"En curso","7 días tras clic, 1 día tras visualización o 1 día tras visualización activa",0,ABSOLUTE_OCPM,2026-08-22T19:14:35-0300,-,-,-,"A+ - Publicos Personalizados  - Sale",,,,,,0,,,00:00:00,,,,,,,0,0,,,,,,
2026-08-24,2026-08-24,"Ad6 - Secuencia - Nueva coleccion 202666 - Copia 3",inactive,,,,"Con el presupuesto de la campaña",0,0,0,0,0,0,,"En curso","7 días tras clic, 1 día tras visualización o 1 día tras visualización activa",0,ABSOLUTE_OCPM,2026-08-22T19:14:35-0300,-,-,-,"A+ - Publicos Personalizados  - Sale",,,,,,0,,,00:00:00,,,,,,,0,0,,,,,,
2026-08-24,2026-08-24,"Ad6 - Secuencia - Nueva coleccion 202666 - Copia 6",inactive,,,,"Con el presupuesto de la campaña",0,0,0,0,0,0,,"En curso","7 días tras clic, 1 día tras visualización o 1 día tras visualización activa",0,ABSOLUTE_OCPM,2026-08-22T19:14:35-0300,-,-,-,"A+ - Publicos Personalizados  - Sale",,,,,,0,,,00:00:00,,,,,,,0,0,,,,,,
2026-08-24,2026-08-24,"Ad6 - Secuencia - Nueva coleccion 202666 - Copia 3",inactive,,,,"Con el presupuesto de la campaña",0,0,0,0,0,0,,"En curso","7 días tras clic, 1 día tras visualización o 1 día tras visualización activa",0,ABSOLUTE_OCPM,2026-08-24T22:24:38-0300,-,-,-,"A+ - SA - Nueva coleccion 2026",,,,,,0,,,00:00:00,,,,,,,0,0,,,,,,
2026-08-24,2026-08-24,"Ad6 - Secuencia - Nueva coleccion 202666 - Copia 4",inactive,,,,"Con el presupuesto de la campaña",0,0,0,0,0,0,,"En curso","7 días tras clic, 1 día tras visualización o 1 día tras visualización activa",0,ABSOLUTE_OCPM,2026-08-22T19:14:35-0300,-,-,-,"A+ - Publicos Personalizados  - Sale",,,,,,0,,,00:00:00,,,,,,,0,0,,,,,,
2026-08-24,2026-08-24,"Ad6 - Secuencia - Nueva coleccion 202666 - Copia 2",inactive,,,,"Con el presupuesto de la campaña",0,0,0,0,0,0,,"En curso","7 días tras clic, 1 día tras visualización o 1 día tras visualización activa",0,ABSOLUTE_OCPM,2026-08-24T22:24:38-0300,-,-,-,"A+ - SA - Nueva coleccion 2026",,,,,,0,,,00:00:00,,,,,,,0,0,,,,,,
2026-08-24,2026-08-24,"Ad6 - Secuencia - Nueva coleccion 202666 - Copia 3",not_delivering,,,,"Con el presupuesto de la campaña",0,0,0,0,0,0,,"En curso","7 días tras clic, 1 día tras visualización o 1 día tras visualización activa",0,ABSOLUTE_OCPM,2026-08-22T19:14:35-0300,-,-,-,"A+ - Publicos Personalizados  - Sale",,,,,,0,,,00:00:00,,,,,,,0,0,,,,,,
2026-08-24,2026-08-24,"Ad6 - Secuencia - Nueva coleccion 2026 - Copia 4",active,,,,"Con el presupuesto de la campaña",0,1030.64,150,132,1.136364,6870.933333,,"En curso","7 días tras clic, 1 día tras visualización o 1 día tras visualización activa",0,ABSOLUTE_OCPM,2026-08-24T22:24:38-0300,-,-,-,"A+ - SA - Nueva coleccion 2026",,,,,,3.030303,6,,1,2,,,,,4,3.787879,10,171.773333,12,1,,,
2026-08-24,2026-08-24,"Ad6 - Secuencia - Nueva coleccion 202666 - Copia 2",inactive,,,,"Con el presupuesto de la campaña",0,0,0,0,0,0,,"En curso","7 días tras clic, 1 día tras visualización o 1 día tras visualización activa",0,ABSOLUTE_OCPM,2026-08-22T19:14:35-0300,-,-,-,"A+ - Publicos Personalizados  - Sale",,,,,,0,,,00:00:00,,,,,,,0,0,,,,,,
2026-08-24,2026-08-24,"Ad6 - Secuencia - Nueva coleccion 202666 - Copia",inactive,,,,"Con el presupuesto de la campaña",0,0,0,0,0,0,,"En curso","7 días tras clic, 1 día tras visualización o 1 día tras visualización activa",0,ABSOLUTE_OCPM,2026-08-24T22:24:38-0300,-,-,-,"A+ - SA - Nueva coleccion 2026",,,,,,0,,,00:00:00,,,,,,,0,0,,,,,,
2026-08-24,2026-08-24,"Ad5 - Video - Sale - Copia 3",inactive,,,,"Con el presupuesto de la campaña",0,0,0,0,0,0,,"En curso","7 días tras clic, 1 día tras visualización o 1 día tras visualización activa",0,ABSOLUTE_OCPM,2026-08-22T19:14:35-0300,-,-,-,"A+ - Publicos Personalizados  - Sale",,,,,,0,,,00:00:00,,,,,,,0,0,,,,,,
2026-08-24,2026-08-24,"Ad6 - Secuencia - Nueva coleccion 202666 - Copia 5",not_delivering,,,,"Con el presupuesto de la campaña",0,0,0,0,0,0,,"En curso","7 días tras clic, 1 día tras visualización o 1 día tras visualización activa",0,ABSOLUTE_OCPM,2026-08-22T19:14:35-0300,-,-,-,"A+ - Publicos Personalizados  - Sale",,,,,,0,,,00:00:00,,,,,,,0,0,,,,,,
2026-08-24,2026-08-24,"Ad5 - Video - Sale - Copia 2",inactive,,,,"Con el presupuesto de la campaña",0,0,0,0,0,0,,"En curso","7 días tras clic, 1 día tras visualización o 1 día tras visualización activa",0,ABSOLUTE_OCPM,2026-08-22T19:14:35-0300,-,-,-,"A+ - Publicos Personalizados  - Sale",,,,,,0,,,00:00:00,,,,,,,0,0,,,,,,
2026-08-24,2026-08-24,"Ad6 - Secuencia - Nueva coleccion 202666 - Copia 2",inactive,,,,"Con el presupuesto de la campaña",0,0,0,0,0,0,,"En curso","7 días tras clic, 1 día tras visualización o 1 día tras visualización activa",0,ABSOLUTE_OCPM,2026-08-22T19:14:35-0300,-,-,-,"A+ - Publicos Personalizados  - Sale",,,,,,0,,,00:00:00,,,,,,,0,0,,,,,,
2026-08-24,2026-08-24,"Ad6 - Secuencia - Nueva coleccion 2026 - Copia",inactive,,,,"Con el presupuesto de la campaña",0,0,0,0,0,0,,"En curso","7 días tras clic, 1 día tras visualización o 1 día tras visualización activa",0,ABSOLUTE_OCPM,2026-08-24T22:24:38-0300,-,-,-,"A+ - SA - Nueva coleccion 2026",,,,,,0,,,00:00:00,,,,,,,0,0,,,,,,
2026-08-24,2026-08-24,"Ad6 - Secuencia - Nueva coleccion 202666 - Copia",inactive,,,,"Con el presupuesto de la campaña",0,0,0,0,0,0,,"En curso","7 días tras clic, 1 día tras visualización o 1 día tras visualización activa",0,ABSOLUTE_OCPM,2026-08-22T19:14:35-0300,-,-,-,"A+ - Publicos Personalizados  - Sale",,,,,,0,,,00:00:00,,,,,,,0,0,,,,,,
2026-08-24,2026-08-24,"Ad4 - Imagen - Sale",inactive,,,,"Con el presupuesto de la campaña",0,0,0,0,0,0,,"En curso","7 días tras clic, 1 día tras visualización o 1 día tras visualización activa",0,ABSOLUTE_OCPM,2026-08-22T19:14:35-0300,-,-,-,"A+ - Publicos Personalizados  - Sale",,,,,,0,,,00:00:00,,,,,,,0,0,,,,,,
2026-08-24,2026-08-24,"Ad6 - Secuencia - Nueva coleccion 2026 - Copia",inactive,,,,"Con el presupuesto de la campaña",0,0,0,0,0,0,,"En curso","7 días tras clic, 1 día tras visualización o 1 día tras visualización activa",0,ABSOLUTE_OCPM,2026-08-24T22:24:38-0300,-,-,-,"A+ - SA - Nueva coleccion 2026",,,,,,0,,,00:00:00,,,,,,,0,0,,,,,,
2026-08-24,2026-08-24,"Ad3 - Video - Sale",inactive,,,,"Con el presupuesto de la campaña",0,0,0,0,0,0,,"En curso","7 días tras clic, 1 día tras visualización o 1 día tras visualización activa",0,ABSOLUTE_OCPM,2026-08-22T19:14:35-0300,-,-,-,"A+ - Publicos Personalizados  - Sale",,,,,,0,,,00:00:00,,,,,,,0,0,,,,,,
2026-08-24,2026-08-24,"Ad5 - Video - Sale - Copia",not_delivering,1,actions:offsite_conversion.fb_pixel_purchase,2418.16,"Con el presupuesto de la campaña",0,2418.16,278,247,1.125506,8698.417266,1,"En curso","7 días tras clic, 1 día tras visualización o 1 día tras visualización activa",0,ABSOLUTE_OCPM,2026-08-22T19:14:35-0300,-,-,-,"A+ - Publicos Personalizados  - Sale",37.284245,90159.27,90159.27,37.28424505,action_values:offsite_conversion.fb_pixel_purchase,3.643725,11,15,13,6,4,5,3,7,3.956835,3.643725,4.316547,219.832727,9,7,2,,
2026-08-24,2026-08-24,"Ad1 - Video - Sale",inactive,,,,"Con el presupuesto de la campaña",0,0,0,0,0,0,,"En curso","7 días tras clic, 1 día tras visualización o 1 día tras visualización activa",0,ABSOLUTE_OCPM,2026-08-22T19:14:35-0300,-,-,-,"A+ - Publicos Personalizados  - Sale",,,,,,0,,,00:00:00,,,,,,,0,0,,,,,,
2026-08-23,2026-08-23,"Ad6 - Secuencia - Nueva coleccion 202666 - Copia 2",inactive,,,,"Con el presupuesto de la campaña",0,0,0,0,0,0,,"En curso","7 días tras clic, 1 día tras visualización o 1 día tras visualización activa",0,ABSOLUTE_OCPM,2026-08-22T19:14:35-0300,-,-,-,"A+ - Publicos Personalizados  - Sale",,,,,,0,,,00:00:00,,,,,,,0,0,,,,,,
2026-08-23,2026-08-23,"Ad6 - Secuencia - Nueva coleccion 202666 - Copia 7",active,,,,"Con el presupuesto de la campaña",0,5439.44,619,530,1.167925,8787.463651,,"En curso","7 días tras clic, 1 día tras visualización o 1 día tras visualización activa",0,ABSOLUTE_OCPM,2026-08-24T22:24:38-0300,-,-,-,"A+ - SA - Nueva coleccion 2026",,,,,,2.830189,16,,00:00:00,,,,,,2.584814,3.962264,4.200323,339.965,16,6,,,
2026-08-23,2026-08-23,"Ad6 - Secuencia - Nueva coleccion 2026 - Copia 2",inactive,,,,"Con el presupuesto de la campaña",0,0,0,0,0,0,,"En curso","7 días tras clic, 1 día tras visualización o 1 día tras visualización activa",0,ABSOLUTE_OCPM,2026-08-24T22:24:38-0300,-,-,-,"A+ - SA - Nueva coleccion 2026",,,,,,0,,,00:00:00,,,,,,,0,0,,,,,,
2026-08-23,2026-08-23,"Ad6 - Secuencia - Nueva coleccion 202666 - Copia 6",inactive,,,,"Con el presupuesto de la campaña",0,0,0,0,0,0,,"En curso","7 días tras clic, 1 día tras visualización o 1 día tras visualización activa",0,ABSOLUTE_OCPM,2026-08-22T19:14:35-0300,-,-,-,"A+ - Publicos Personalizados  - Sale",,,,,,0,,,00:00:00,,,,,,,0,0,,,,,,
2026-08-23,2026-08-23,1,inactive,,,,"Con el presupuesto de la campaña",0,0,0,0,0,0,,"En curso","7 días tras clic, 1 día tras visualización o 1 día tras visualización activa",0,ABSOLUTE_OCPM,2026-08-22T19:14:35-0300,-,-,-,"A+ - Publicos Personalizados  - Sale",,,,,,0,,,00:00:00,,,,,,,0,0,,,,,,
2026-08-23,2026-08-23,"Ad3 - Angulo Producto Fit",active,,,,"Con el presupuesto de la campaña",0,0,0,0,0,0,,"En curso","7 días tras clic o 1 día tras visualización",0,ABSOLUTE_OCPM,2026-08-22T06:31:57-0300,-,-,-,"A+ - Prospecting - Angulos Nuevos (Anticipo-Viaje-Producto)",,,,,,0,,,00:00:00,,,,,,,0,0,,,,,,
2026-08-23,2026-08-23,"Ad6 - Secuencia - Nueva coleccion 202666 - Copia 3",inactive,,,,"Con el presupuesto de la campaña",0,0,0,0,0,0,,"En curso","7 días tras clic, 1 día tras visualización o 1 día tras visualización activa",0,ABSOLUTE_OCPM,2026-08-22T19:14:35-0300,-,-,-,"A+ - Publicos Personalizados  - Sale",,,,,,0,,,00:00:00,,,,,,,0,0,,,,,,
2026-08-23,2026-08-23,"Ad6 - Secuencia - Nueva coleccion 202666 - Copia 6",active,,,,"Con el presupuesto de la campaña",0,4368.42,420,344,1.22093,10401,,"En curso","7 días tras clic, 1 día tras visualización o 1 día tras visualización activa",0,ABSOLUTE_OCPM,2026-08-24T22:24:38-0300,-,-,-,"A+ - SA - Nueva coleccion 2026",,,,,,3.77907,14,,00:00:00,,,,,,3.333333,5.813953,6.428571,312.03,14,1,,,
2026-08-23,2026-08-23,"Ad2 - Angulo Viaje",active,,,,"Con el presupuesto de la campaña",0,0,0,0,0,0,,"En curso","7 días tras clic o 1 día tras visualización",0,ABSOLUTE_OCPM,2026-08-22T06:31:57-0300,-,-,-,"A+ - Prospecting - Angulos Nuevos (Anticipo-Viaje-Producto)",,,,,,0,,,00:00:00,,,,,,,0,0,,,,,,
2026-08-23,2026-08-23,"Secuencia imagenes 1 - Minimal SS25 - Copia 2",inactive,,,,"Con el presupuesto de la campaña",0,0,0,0,0,0,,"En curso","7 días tras clic, 1 día tras visualización o 1 día tras visualización activa",0,ABSOLUTE_OCPM,2026-08-22T19:14:35-0300,-,-,-,"A+ - Publicos Personalizados  - Sale",,,,,,0,,,00:00:00,,,,,,,0,0,,,,,,
2026-08-23,2026-08-23,"Ad6 - Secuencia - Nueva coleccion 202666 - Copia 9",active,,,,"Con el presupuesto de la campaña",0,24.76,3,3,1,8253.333333,,"En curso","7 días tras clic, 1 día tras visualización o 1 día tras visualización activa",0,ABSOLUTE_OCPM,2026-08-24T22:24:38-0300,-,-,-,"A+ - SA - Nueva coleccion 2026",,,,,,0,,,00:00:00,,,,,,,0,0,,,,,,
2026-08-23,2026-08-23,"Ad1 - Angulo Anticipo Temporada",active,,,,"Con el presupuesto de la campaña",0,18745.14,1211,1018,1.189587,15479.058629,,"En curso","7 días tras clic o 1 día tras visualización",0,ABSOLUTE_OCPM,2026-08-22T06:31:57-0300,-,-,-,"A+ - Prospecting - Angulos Nuevos (Anticipo-Viaje-Producto)",,,,,,3.045187,46,47,2,134,70,41,34,34,3.798514,3.831041,5.284889,407.503043,45,8,2,,
2026-08-23,2026-08-23,"Ad6 - Secuencia - Nueva coleccion 2026 - Copia 3",inactive,,,,"Con el presupuesto de la campaña",0,0,0,0,0,0,,"En curso","7 días tras clic, 1 día tras visualización o 1 día tras visualización activa",0,ABSOLUTE_OCPM,2026-08-22T19:14:35-0300,-,-,-,"A+ - Publicos Personalizados  - Sale",,,,,,0,,,00:00:00,,,,,,,0,0,,,,,,
2026-08-23,2026-08-23,"Ad6 - Secuencia - Nueva coleccion 202666 - Copia 10",active,,,,"Con el presupuesto de la campaña",0,808.29,92,82,1.121951,8785.76087,,"En curso","7 días tras clic, 1 día tras visualización o 1 día tras visualización activa",0,ABSOLUTE_OCPM,2026-08-24T22:24:38-0300,-,-,-,"A+ - SA - Nueva coleccion 2026",,,,,,8.536585,7,2,1,15,8,3,2,2,7.608696,8.536585,8.695652,115.47,5,,,,
2026-08-23,2026-08-23,"Ad6 - Secuencia - Nueva coleccion 202666 - Copia 12",active,,,,"Con el presupuesto de la campaña",0,570.16,112,87,1.287356,5090.714286,,"En curso","7 días tras clic, 1 día tras visualización o 1 día tras visualización activa",0,ABSOLUTE_OCPM,2026-08-24T22:24:38-0300,-,-,-,"A+ - SA - Nueva coleccion 2026",,,,,,1.149425,1,,00:00:00,,,,,,0.892857,2.298851,2.678571,570.16,,,,,
2026-08-23,2026-08-23,"Ad5 - Video - Sale - Copia 2",inactive,,,,"Con el presupuesto de la campaña",0,0,0,0,0,0,,"En curso","7 días tras clic, 1 día tras visualización o 1 día tras visualización activa",0,ABSOLUTE_OCPM,2026-08-22T19:14:35-0300,-,-,-,"A+ - Publicos Personalizados  - Sale",,,,,,0,,,00:00:00,,,,,,,0,0,,,,,,
2026-08-23,2026-08-23,"Ad6 - Secuencia - Nueva coleccion 202666 - Copia 7",inactive,,,,"Con el presupuesto de la campaña",0,0,0,0,0,0,,"En curso","7 días tras clic, 1 día tras visualización o 1 día tras visualización activa",0,ABSOLUTE_OCPM,2026-08-24T22:24:38-0300,-,-,-,"A+ - SA - Nueva coleccion 2026",,,,,,0,,,00:00:00,,,,,,,0,0,,,,,,
2026-08-23,2026-08-23,"Ad6 - Secuencia - Nueva coleccion 202666 - Copia 5",not_delivering,,,,"Con el presupuesto de la campaña",0,1.56,2,2,1,780,,"En curso","7 días tras clic, 1 día tras visualización o 1 día tras visualización activa",0,ABSOLUTE_OCPM,2026-08-22T19:14:35-0300,-,-,-,"A+ - Publicos Personalizados  - Sale",,,,,,0,,,00:00:00,,,,,,,0,0,,,,,,
2026-08-23,2026-08-23,"Ad6 - Secuencia - Nueva coleccion 2026 - Copia 3",inactive,,,,"Con el presupuesto de la campaña",0,0,0,0,0,0,,"En curso","7 días tras clic, 1 día tras visualización o 1 día tras visualización activa",0,ABSOLUTE_OCPM,2026-08-22T19:14:35-0300,-,-,-,"A+ - Publicos Personalizados  - Sale",,,,,,0,,,00:00:00,,,,,,,0,0,,,,,,
2026-08-23,2026-08-23,"Ad6 - Secuencia - Nueva coleccion 202666 - Copia 9",active,,,,"Con el presupuesto de la campaña",0,275.32,20,18,1.111111,13766,,"En curso","7 días tras clic, 1 día tras visualización o 1 día tras visualización activa",0,ABSOLUTE_OCPM,2026-08-24T22:24:38-0300,-,-,-,"A+ - SA - Nueva coleccion 2026",,,,,,0,,,00:00:00,,,,,,,0,0,,,,,,
2026-08-23,2026-08-23,"Ad6 - Secuencia - Nueva coleccion 202666 - Copia 11",active,,,,"Con el presupuesto de la campaña",0,0,0,0,0,0,,"En curso","7 días tras clic, 1 día tras visualización o 1 día tras visualización activa",0,ABSOLUTE_OCPM,2026-08-24T22:24:38-0300,-,-,-,"A+ - SA - Nueva coleccion 2026",,,,,,0,,,00:00:00,,,,,,,0,0,,,,,,
2026-08-23,2026-08-23,"Ad5 - Video - Sale - Copia 3",inactive,,,,"Con el presupuesto de la campaña",0,0,0,0,0,0,,"En curso","7 días tras clic, 1 día tras visualización o 1 día tras visualización activa",0,ABSOLUTE_OCPM,2026-08-22T19:14:35-0300,-,-,-,"A+ - Publicos Personalizados  - Sale",,,,,,0,,,00:00:00,,,,,,,0,0,,,,,,
2026-08-23,2026-08-23,"Ad6 - Secuencia - Nueva coleccion 202666 - Copia 6",active,,,,"Con el presupuesto de la campaña",0,0,0,0,0,0,,"En curso","7 días tras clic, 1 día tras visualización o 1 día tras visualización activa",0,ABSOLUTE_OCPM,2026-08-24T22:24:38-0300,-,-,-,"A+ - SA - Nueva coleccion 2026",,,,,,0,,,00:00:00,,,,,,,0,0,,,,,,
2026-08-23,2026-08-23,"Ad6 - Secuencia - Nueva coleccion 202666 - Copia 4",inactive,,,,"Con el presupuesto de la campaña",0,0,0,0,0,0,,"En curso","7 días tras clic, 1 día tras visualización o 1 día tras visualización activa",0,ABSOLUTE_OCPM,2026-08-22T19:14:35-0300,-,-,-,"A+ - Publicos Personalizados  - Sale",,,,,,0,,,00:00:00,,,,,,,0,0,,,,,,
2026-08-23,2026-08-23,"Ad6 - Video - Sale - Copia",inactive,,,,"Con el presupuesto de la campaña",0,0,0,0,0,0,,"En curso","7 días tras clic, 1 día tras visualización o 1 día tras visualización activa",0,ABSOLUTE_OCPM,2026-08-22T19:14:35-0300,-,-,-,"A+ - Publicos Personalizados  - Sale",,,,,,0,,,00:00:00,,,,,,,0,0,,,,,,
2026-08-23,2026-08-23,"Ad6 - Secuencia - Nueva coleccion 202666 - Copia 3",inactive,,,,"Con el presupuesto de la campaña",0,0,0,0,0,0,,"En curso","7 días tras clic, 1 día tras visualización o 1 día tras visualización activa",0,ABSOLUTE_OCPM,2026-08-22T19:14:35-0300,-,-,-,"A+ - Publicos Personalizados  - Sale",,,,,,0,,,00:00:00,,,,,,,0,0,,,,,,
2026-08-23,2026-08-23,"Ad6 - Secuencia - Nueva coleccion 202666 - Copia 4",inactive,,,,"Con el presupuesto de la campaña",0,0,0,0,0,0,,"En curso","7 días tras clic, 1 día tras visualización o 1 día tras visualización activa",0,ABSOLUTE_OCPM,2026-08-22T19:14:35-0300,-,-,-,"A+ - Publicos Personalizados  - Sale",,,,,,0,,,00:00:00,,,,,,,0,0,,,,,,
2026-08-23,2026-08-23,"Ad7 - Video - Sale",inactive,,,,"Con el presupuesto de la campaña",0,0,0,0,0,0,,"En curso","7 días tras clic, 1 día tras visualización o 1 día tras visualización activa",0,ABSOLUTE_OCPM,2026-08-22T19:14:35-0300,-,-,-,"A+ - Publicos Personalizados  - Sale",,,,,,0,,,00:00:00,,,,,,,0,0,,,,,,
2026-08-23,2026-08-23,"Ad6 - Secuencia - Nueva coleccion 202666 - Copia 8",active,2,actions:offsite_conversion.fb_pixel_purchase,27586.94,"Con el presupuesto de la campaña",0,55173.88,6629,4465,1.484658,8323.107558,2,"En curso","7 días tras clic, 1 día tras visualización o 1 día tras visualización activa",0,ABSOLUTE_OCPM,2026-08-24T22:24:38-0300,-,-,-,"A+ - SA - Nueva coleccion 2026",4.183127,115399.685,230799.37,4.18312741,action_values:offsite_conversion.fb_pixel_purchase,4.389698,230,,00:00:00,,,,,,3.469603,5.263158,4.782018,239.886435,222,24,4,,
2026-08-23,2026-08-23,"Ad6 - Secuencia - Nueva coleccion 202666 - Copia 7",inactive,,,,"Con el presupuesto de la campaña",0,0,0,0,0,0,,"En curso","7 días tras clic, 1 día tras visualización o 1 día tras visualización activa",0,ABSOLUTE_OCPM,2026-08-22T19:14:35-0300,-,-,-,"A+ - Publicos Personalizados  - Sale",,,,,,0,,,00:00:00,,,,,,,0,0,,,,,,
2026-08-23,2026-08-23,"Ad6 - Video - Sale",inactive,,,,"Con el presupuesto de la campaña",0,0,0,0,0,0,,"En curso","7 días tras clic, 1 día tras visualización o 1 día tras visualización activa",0,ABSOLUTE_OCPM,2026-08-22T19:14:35-0300,-,-,-,"A+ - Publicos Personalizados  - Sale",,,,,,0,,,00:00:00,,,,,,,0,0,,,,,,
2026-08-23,2026-08-23,"Ad6 - Secuencia - Nueva coleccion 202666 - Copia 6",inactive,,,,"Con el presupuesto de la campaña",0,0,0,0,0,0,,"En curso","7 días tras clic, 1 día tras visualización o 1 día tras visualización activa",0,ABSOLUTE_OCPM,2026-08-24T22:24:38-0300,-,-,-,"A+ - SA - Nueva coleccion 2026",,,,,,0,,,00:00:00,,,,,,,0,0,,,,,,
2026-08-23,2026-08-23,"Ad6 - Secuencia - Nueva coleccion 202666 - Copia 7",inactive,,,,"Con el presupuesto de la campaña",0,0,0,0,0,0,,"En curso","7 días tras clic, 1 día tras visualización o 1 día tras visualización activa",0,ABSOLUTE_OCPM,2026-08-24T22:24:38-0300,-,-,-,"A+ - SA - Nueva coleccion 2026",,,,,,0,,,00:00:00,,,,,,,0,0,,,,,,
2026-08-23,2026-08-23,"Ad5 - Video - Sale",inactive,,,,"Con el presupuesto de la campaña",0,0,0,0,0,0,,"En curso","7 días tras clic, 1 día tras visualización o 1 día tras visualización activa",0,ABSOLUTE_OCPM,2026-08-22T19:14:35-0300,-,-,-,"A+ - Publicos Personalizados  - Sale",,,,,,0,,,00:00:00,,,,,,,0,0,,,,,,
2026-08-23,2026-08-23,"Ad6 - Secuencia - Nueva coleccion 202666 - Copia 5",not_delivering,,,,"Con el presupuesto de la campaña",0,0,0,0,0,0,,"En curso","7 días tras clic, 1 día tras visualización o 1 día tras visualización activa",0,ABSOLUTE_OCPM,2026-08-24T22:24:38-0300,-,-,-,"A+ - SA - Nueva coleccion 2026",,,,,,0,,,00:00:00,,,,,,,0,0,,,,,,
2026-08-23,2026-08-23,"Ad6 - Secuencia - Nueva coleccion 202666 - Copia 2",inactive,,,,"Con el presupuesto de la campaña",0,0,0,0,0,0,,"En curso","7 días tras clic, 1 día tras visualización o 1 día tras visualización activa",0,ABSOLUTE_OCPM,2026-08-22T19:14:35-0300,-,-,-,"A+ - Publicos Personalizados  - Sale",,,,,,0,,,00:00:00,,,,,,,0,0,,,,,,
2026-08-23,2026-08-23,"Ad2 - Video - Sale",inactive,,,,"Con el presupuesto de la campaña",0,0,0,0,0,0,,"En curso","7 días tras clic, 1 día tras visualización o 1 día tras visualización activa",0,ABSOLUTE_OCPM,2026-08-22T19:14:35-0300,-,-,-,"A+ - Publicos Personalizados  - Sale",,,,,,0,,,00:00:00,,,,,,,0,0,,,,,,
2026-08-23,2026-08-23,"Ad6 - Secuencia - Nueva coleccion 202666 - Copia 2",inactive,,,,"Con el presupuesto de la campaña",0,0,0,0,0,0,,"En curso","7 días tras clic, 1 día tras visualización o 1 día tras visualización activa",0,ABSOLUTE_OCPM,2026-08-22T19:14:35-0300,-,-,-,"A+ - Publicos Personalizados  - Sale",,,,,,0,,,00:00:00,,,,,,,0,0,,,,,,
2026-08-23,2026-08-23,"Ad6 - Secuencia - Nueva coleccion 202666 - Copia 2",inactive,,,,"Con el presupuesto de la campaña",0,0,0,0,0,0,,"En curso","7 días tras clic, 1 día tras visualización o 1 día tras visualización activa",0,ABSOLUTE_OCPM,2026-08-24T22:24:38-0300,-,-,-,"A+ - SA - Nueva coleccion 2026",,,,,,0,,,00:00:00,,,,,,,0,0,,,,,,
2026-08-23,2026-08-23,"Ad6 - Secuencia - Nueva coleccion 202666 - Copia 4",inactive,,,,"Con el presupuesto de la campaña",0,0,0,0,0,0,,"En curso","7 días tras clic, 1 día tras visualización o 1 día tras visualización activa",0,ABSOLUTE_OCPM,2026-08-24T22:24:38-0300,-,-,-,"A+ - SA - Nueva coleccion 2026",,,,,,0,,,00:00:00,,,,,,,0,0,,,,,,
2026-08-23,2026-08-23,"Ad6 - Secuencia - Nueva coleccion 2026 - Copia 3",active,,,,"Con el presupuesto de la campaña",0,11848.04,1496,1119,1.336908,7919.812834,,"En curso","7 días tras clic, 1 día tras visualización o 1 día tras visualización activa",0,ABSOLUTE_OCPM,2026-08-24T22:24:38-0300,-,-,-,"A+ - SA - Nueva coleccion 2026",,,,,,3.485255,51,5,1,12,2,2,,,3.409091,3.842717,4.010695,232.31451,44,5,,,
2026-08-23,2026-08-23,"Ad6 - Secuencia - Nueva coleccion 202666 - Copia 4",not_delivering,,,,"Con el presupuesto de la campaña",0,0,0,0,0,0,,"En curso","7 días tras clic, 1 día tras visualización o 1 día tras visualización activa",0,ABSOLUTE_OCPM,2026-08-24T22:24:38-0300,-,-,-,"A+ - SA - Nueva coleccion 2026",,,,,,0,,,00:00:00,,,,,,,0,0,,,,,,
2026-08-23,2026-08-23,"Ad6 - Secuencia - Nueva coleccion 202666 - Copia 4",inactive,,,,"Con el presupuesto de la campaña",0,0,0,0,0,0,,"En curso","7 días tras clic, 1 día tras visualización o 1 día tras visualización activa",0,ABSOLUTE_OCPM,2026-08-22T19:14:35-0300,-,-,-,"A+ - Publicos Personalizados  - Sale",,,,,,0,,,00:00:00,,,,,,,0,0,,,,,,
2026-08-23,2026-08-23,"Ad6 - Secuencia - Nueva coleccion 202666 - Copia 3",inactive,,,,"Con el presupuesto de la campaña",0,0,0,0,0,0,,"En curso","7 días tras clic, 1 día tras visualización o 1 día tras visualización activa",0,ABSOLUTE_OCPM,2026-08-22T19:14:35-0300,-,-,-,"A+ - Publicos Personalizados  - Sale",,,,,,0,,,00:00:00,,,,,,,0,0,,,,,,
2026-08-23,2026-08-23,"Ad6 - Secuencia - Nueva coleccion 202666 - Copia 6",inactive,,,,"Con el presupuesto de la campaña",0,0,0,0,0,0,,"En curso","7 días tras clic, 1 día tras visualización o 1 día tras visualización activa",0,ABSOLUTE_OCPM,2026-08-22T19:14:35-0300,-,-,-,"A+ - Publicos Personalizados  - Sale",,,,,,0,,,00:00:00,,,,,,,0,0,,,,,,
2026-08-23,2026-08-23,"Ad6 - Secuencia - Nueva coleccion 202666 - Copia 3",inactive,,,,"Con el presupuesto de la campaña",0,0,0,0,0,0,,"En curso","7 días tras clic, 1 día tras visualización o 1 día tras visualización activa",0,ABSOLUTE_OCPM,2026-08-24T22:24:38-0300,-,-,-,"A+ - SA - Nueva coleccion 2026",,,,,,0,,,00:00:00,,,,,,,0,0,,,,,,
2026-08-23,2026-08-23,"Ad6 - Secuencia - Nueva coleccion 202666 - Copia 4",inactive,,,,"Con el presupuesto de la campaña",0,0,0,0,0,0,,"En curso","7 días tras clic, 1 día tras visualización o 1 día tras visualización activa",0,ABSOLUTE_OCPM,2026-08-22T19:14:35-0300,-,-,-,"A+ - Publicos Personalizados  - Sale",,,,,,0,,,00:00:00,,,,,,,0,0,,,,,,
2026-08-23,2026-08-23,"Ad6 - Secuencia - Nueva coleccion 202666 - Copia 2",inactive,,,,"Con el presupuesto de la campaña",0,0,0,0,0,0,,"En curso","7 días tras clic, 1 día tras visualización o 1 día tras visualización activa",0,ABSOLUTE_OCPM,2026-08-24T22:24:38-0300,-,-,-,"A+ - SA - Nueva coleccion 2026",,,,,,0,,,00:00:00,,,,,,,0,0,,,,,,
2026-08-23,2026-08-23,"Ad6 - Secuencia - Nueva coleccion 202666 - Copia 3",not_delivering,,,,"Con el presupuesto de la campaña",0,348.96,24,24,1,14540,,"En curso","7 días tras clic, 1 día tras visualización o 1 día tras visualización activa",0,ABSOLUTE_OCPM,2026-08-22T19:14:35-0300,-,-,-,"A+ - Publicos Personalizados  - Sale",,,,,,0,,,00:00:00,,,,,,,4.166667,4.166667,,,,,,
2026-08-23,2026-08-23,"Ad6 - Secuencia - Nueva coleccion 2026 - Copia 4",active,,,,"Con el presupuesto de la campaña",0,66.45,13,10,1.3,5111.538462,,"En curso","7 días tras clic, 1 día tras visualización o 1 día tras visualización activa",0,ABSOLUTE_OCPM,2026-08-24T22:24:38-0300,-,-,-,"A+ - SA - Nueva coleccion 2026",,,,,,0,,,1,,,,,,,0,0,,,,,,
2026-08-23,2026-08-23,"Ad6 - Secuencia - Nueva coleccion 202666 - Copia 2",inactive,,,,"Con el presupuesto de la campaña",0,0,0,0,0,0,,"En curso","7 días tras clic, 1 día tras visualización o 1 día tras visualización activa",0,ABSOLUTE_OCPM,2026-08-22T19:14:35-0300,-,-,-,"A+ - Publicos Personalizados  - Sale",,,,,,0,,,00:00:00,,,,,,,0,0,,,,,,
2026-08-23,2026-08-23,"Ad6 - Secuencia - Nueva coleccion 202666 - Copia",inactive,,,,"Con el presupuesto de la campaña",0,0,0,0,0,0,,"En curso","7 días tras clic, 1 día tras visualización o 1 día tras visualización activa",0,ABSOLUTE_OCPM,2026-08-24T22:24:38-0300,-,-,-,"A+ - SA - Nueva coleccion 2026",,,,,,0,,,00:00:00,,,,,,,0,0,,,,,,
2026-08-23,2026-08-23,"Ad5 - Video - Sale - Copia 3",inactive,,,,"Con el presupuesto de la campaña",0,0,0,0,0,0,,"En curso","7 días tras clic, 1 día tras visualización o 1 día tras visualización activa",0,ABSOLUTE_OCPM,2026-08-22T19:14:35-0300,-,-,-,"A+ - Publicos Personalizados  - Sale",,,,,,0,,,00:00:00,,,,,,,0,0,,,,,,
2026-08-23,2026-08-23,"Ad6 - Secuencia - Nueva coleccion 202666 - Copia 5",not_delivering,,,,"Con el presupuesto de la campaña",0,0,0,0,0,0,,"En curso","7 días tras clic, 1 día tras visualización o 1 día tras visualización activa",0,ABSOLUTE_OCPM,2026-08-22T19:14:35-0300,-,-,-,"A+ - Publicos Personalizados  - Sale",,,,,,0,,,00:00:00,,,,,,,0,0,,,,,,
2026-08-23,2026-08-23,"Ad5 - Video - Sale - Copia 2",inactive,,,,"Con el presupuesto de la campaña",0,0,0,0,0,0,,"En curso","7 días tras clic, 1 día tras visualización o 1 día tras visualización activa",0,ABSOLUTE_OCPM,2026-08-22T19:14:35-0300,-,-,-,"A+ - Publicos Personalizados  - Sale",,,,,,0,,,00:00:00,,,,,,,0,0,,,,,,
2026-08-23,2026-08-23,"Ad6 - Secuencia - Nueva coleccion 202666 - Copia 2",inactive,,,,"Con el presupuesto de la campaña",0,0,0,0,0,0,,"En curso","7 días tras clic, 1 día tras visualización o 1 día tras visualización activa",0,ABSOLUTE_OCPM,2026-08-22T19:14:35-0300,-,-,-,"A+ - Publicos Personalizados  - Sale",,,,,,0,,,00:00:00,,,,,,,0,0,,,,,,
2026-08-23,2026-08-23,"Ad6 - Secuencia - Nueva coleccion 2026 - Copia",inactive,,,,"Con el presupuesto de la campaña",0,0,0,0,0,0,,"En curso","7 días tras clic, 1 día tras visualización o 1 día tras visualización activa",0,ABSOLUTE_OCPM,2026-08-24T22:24:38-0300,-,-,-,"A+ - SA - Nueva coleccion 2026",,,,,,0,,,00:00:00,,,,,,,0,0,,,,,,
2026-08-23,2026-08-23,"Ad6 - Secuencia - Nueva coleccion 202666 - Copia",inactive,,,,"Con el presupuesto de la campaña",0,0,0,0,0,0,,"En curso","7 días tras clic, 1 día tras visualización o 1 día tras visualización activa",0,ABSOLUTE_OCPM,2026-08-22T19:14:35-0300,-,-,-,"A+ - Publicos Personalizados  - Sale",,,,,,0,,,00:00:00,,,,,,,0,0,,,,,,
2026-08-23,2026-08-23,"Ad4 - Imagen - Sale",inactive,,,,"Con el presupuesto de la campaña",0,0,0,0,0,0,,"En curso","7 días tras clic, 1 día tras visualización o 1 día tras visualización activa",0,ABSOLUTE_OCPM,2026-08-22T19:14:35-0300,-,-,-,"A+ - Publicos Personalizados  - Sale",,,,,,0,,,00:00:00,,,,,,,0,0,,,,,,
2026-08-23,2026-08-23,"Ad6 - Secuencia - Nueva coleccion 2026 - Copia",inactive,,,,"Con el presupuesto de la campaña",0,0,0,0,0,0,,"En curso","7 días tras clic, 1 día tras visualización o 1 día tras visualización activa",0,ABSOLUTE_OCPM,2026-08-24T22:24:38-0300,-,-,-,"A+ - SA - Nueva coleccion 2026",,,,,,0,,,00:00:00,,,,,,,0,0,,,,,,
2026-08-23,2026-08-23,"Ad3 - Video - Sale",inactive,,,,"Con el presupuesto de la campaña",0,0,0,0,0,0,,"En curso","7 días tras clic, 1 día tras visualización o 1 día tras visualización activa",0,ABSOLUTE_OCPM,2026-08-22T19:14:35-0300,-,-,-,"A+ - Publicos Personalizados  - Sale",,,,,,0,,,00:00:00,,,,,,,0,0,,,,,,
2026-08-23,2026-08-23,"Ad5 - Video - Sale - Copia",not_delivering,,,,"Con el presupuesto de la campaña",0,11630.71,1022,804,1.271144,11380.342466,,"En curso","7 días tras clic, 1 día tras visualización o 1 día tras visualización activa",0,ABSOLUTE_OCPM,2026-08-22T19:14:35-0300,-,-,-,"A+ - Publicos Personalizados  - Sale",,,,,,5.472637,52,85,12,44,29,27,16,46,5.088063,5.970149,6.066536,223.6675,51,5,3,,
2026-08-23,2026-08-23,"Ad1 - Video - Sale",inactive,,,,"Con el presupuesto de la campaña",0,0,0,0,0,0,,"En curso","7 días tras clic, 1 día tras visualización o 1 día tras visualización activa",0,ABSOLUTE_OCPM,2026-08-22T19:14:35-0300,-,-,-,"A+ - Publicos Personalizados  - Sale",,,,,,0,,,00:00:00,,,,,,,0,0,,,,,,
2026-08-22,2026-08-22,"Ad6 - Secuencia - Nueva coleccion 202666 - Copia 2",inactive,,,,"Con el presupuesto de la campaña",0,0,0,0,0,0,,"En curso","7 días tras clic, 1 día tras visualización o 1 día tras visualización activa",0,ABSOLUTE_OCPM,2026-08-22T19:14:35-0300,-,-,-,"A+ - Publicos Personalizados  - Sale",,,,,,0,,,00:00:00,,,,,,,0,0,,,,,,
2026-08-22,2026-08-22,"Ad6 - Secuencia - Nueva coleccion 202666 - Copia 7",active,,,,"Con el presupuesto de la campaña",0,0,0,0,0,0,,"En curso","7 días tras clic, 1 día tras visualización o 1 día tras visualización activa",0,ABSOLUTE_OCPM,2026-08-24T22:24:38-0300,-,-,-,"A+ - SA - Nueva coleccion 2026",,,,,,0,,,00:00:00,,,,,,,0,0,,,,,,
2026-08-22,2026-08-22,"Ad6 - Secuencia - Nueva coleccion 2026 - Copia 2",inactive,,,,"Con el presupuesto de la campaña",0,0,0,0,0,0,,"En curso","7 días tras clic, 1 día tras visualización o 1 día tras visualización activa",0,ABSOLUTE_OCPM,2026-08-24T22:24:38-0300,-,-,-,"A+ - SA - Nueva coleccion 2026",,,,,,0,,,00:00:00,,,,,,,0,0,,,,,,
2026-08-22,2026-08-22,"Ad6 - Secuencia - Nueva coleccion 202666 - Copia 6",inactive,,,,"Con el presupuesto de la campaña",0,0,0,0,0,0,,"En curso","7 días tras clic, 1 día tras visualización o 1 día tras visualización activa",0,ABSOLUTE_OCPM,2026-08-22T19:14:35-0300,-,-,-,"A+ - Publicos Personalizados  - Sale",,,,,,0,,,00:00:00,,,,,,,0,0,,,,,,
2026-08-22,2026-08-22,1,inactive,,,,"Con el presupuesto de la campaña",0,0,0,0,0,0,,"En curso","7 días tras clic, 1 día tras visualización o 1 día tras visualización activa",0,ABSOLUTE_OCPM,2026-08-22T19:14:35-0300,-,-,-,"A+ - Publicos Personalizados  - Sale",,,,,,0,,,00:00:00,,,,,,,0,0,,,,,,
2026-08-22,2026-08-22,"Ad3 - Angulo Producto Fit",active,,,,"Con el presupuesto de la campaña",0,0,0,0,0,0,,"En curso","7 días tras clic o 1 día tras visualización",0,ABSOLUTE_OCPM,2026-08-22T06:31:57-0300,-,-,-,"A+ - Prospecting - Angulos Nuevos (Anticipo-Viaje-Producto)",,,,,,0,,,00:00:00,,,,,,,0,0,,,,,,
2026-08-22,2026-08-22,"Ad6 - Secuencia - Nueva coleccion 202666 - Copia 3",inactive,,,,"Con el presupuesto de la campaña",0,0,0,0,0,0,,"En curso","7 días tras clic, 1 día tras visualización o 1 día tras visualización activa",0,ABSOLUTE_OCPM,2026-08-22T19:14:35-0300,-,-,-,"A+ - Publicos Personalizados  - Sale",,,,,,0,,,00:00:00,,,,,,,0,0,,,,,,
2026-08-22,2026-08-22,"Ad6 - Secuencia - Nueva coleccion 202666 - Copia 6",active,,,,"Con el presupuesto de la campaña",0,0,0,0,0,0,,"En curso","7 días tras clic, 1 día tras visualización o 1 día tras visualización activa",0,ABSOLUTE_OCPM,2026-08-24T22:24:38-0300,-,-,-,"A+ - SA - Nueva coleccion 2026",,,,,,0,,,00:00:00,,,,,,,0,0,,,,,,
2026-08-22,2026-08-22,"Ad2 - Angulo Viaje",active,,,,"Con el presupuesto de la campaña",0,0,0,0,0,0,,"En curso","7 días tras clic o 1 día tras visualización",0,ABSOLUTE_OCPM,2026-08-22T06:31:57-0300,-,-,-,"A+ - Prospecting - Angulos Nuevos (Anticipo-Viaje-Producto)",,,,,,0,,,00:00:00,,,,,,,0,0,,,,,,
2026-08-22,2026-08-22,"Secuencia imagenes 1 - Minimal SS25 - Copia 2",inactive,,,,"Con el presupuesto de la campaña",0,0,0,0,0,0,,"En curso","7 días tras clic, 1 día tras visualización o 1 día tras visualización activa",0,ABSOLUTE_OCPM,2026-08-22T19:14:35-0300,-,-,-,"A+ - Publicos Personalizados  - Sale",,,,,,0,,,00:00:00,,,,,,,0,0,,,,,,
2026-08-22,2026-08-22,"Ad6 - Secuencia - Nueva coleccion 202666 - Copia 9",active,,,,"Con el presupuesto de la campaña",0,0,0,0,0,0,,"En curso","7 días tras clic, 1 día tras visualización o 1 día tras visualización activa",0,ABSOLUTE_OCPM,2026-08-24T22:24:38-0300,-,-,-,"A+ - SA - Nueva coleccion 2026",,,,,,0,,,00:00:00,,,,,,,0,0,,,,,,
2026-08-22,2026-08-22,"Ad1 - Angulo Anticipo Temporada",active,,,,"Con el presupuesto de la campaña",0,21833.17,1616,1288,1.254658,13510.625,,"En curso","7 días tras clic o 1 día tras visualización",0,ABSOLUTE_OCPM,2026-08-22T06:31:57-0300,Promedio,-,-,"A+ - Prospecting - Angulos Nuevos (Anticipo-Viaje-Producto)",,,,,,3.959627,65,116,3,292,159,93,65,66,4.022277,4.736025,5.259901,335.894923,52,2,,,
2026-08-22,2026-08-22,"Ad6 - Secuencia - Nueva coleccion 2026 - Copia 3",inactive,,,,"Con el presupuesto de la campaña",0,0,0,0,0,0,,"En curso","7 días tras clic, 1 día tras visualización o 1 día tras visualización activa",0,ABSOLUTE_OCPM,2026-08-22T19:14:35-0300,-,-,-,"A+ - Publicos Personalizados  - Sale",,,,,,0,,,00:00:00,,,,,,,0,0,,,,,,
2026-08-22,2026-08-22,"Ad6 - Secuencia - Nueva coleccion 202666 - Copia 10",active,1,actions:offsite_conversion.fb_pixel_purchase,2553.52,"Con el presupuesto de la campaña",0,2553.52,259,219,1.182648,9859.150579,1,"En curso","7 días tras clic, 1 día tras visualización o 1 día tras visualización activa",0,ABSOLUTE_OCPM,2026-08-24T22:24:38-0300,-,-,-,"A+ - SA - Nueva coleccion 2026",18.468009,47158.43,47158.43,18.46800887,action_values:offsite_conversion.fb_pixel_purchase,3.196347,8,8,2,28,11,9,7,7,3.088803,5.479452,5.405405,319.19,6,4,2,,
2026-08-22,2026-08-22,"Ad6 - Secuencia - Nueva coleccion 202666 - Copia 12",active,1,actions:offsite_conversion.fb_pixel_purchase,13185.34,"Con el presupuesto de la campaña",0,13185.34,983,696,1.412356,13413.367243,1,"En curso","7 días tras clic, 1 día tras visualización o 1 día tras visualización activa",0,ABSOLUTE_OCPM,2026-08-24T22:24:38-0300,-,-,-,"A+ - SA - Nueva coleccion 2026",2.577977,33991.5,33991.5,2.57797675,action_values:offsite_conversion.fb_pixel_purchase,3.591954,31,1,10,2,1,1,1,1,3.153611,4.454023,4.069176,425.333548,31,4,3,,
2026-08-22,2026-08-22,"Ad5 - Video - Sale - Copia 2",inactive,,,,"Con el presupuesto de la campaña",0,0,0,0,0,0,,"En curso","7 días tras clic, 1 día tras visualización o 1 día tras visualización activa",0,ABSOLUTE_OCPM,2026-08-22T19:14:35-0300,-,-,-,"A+ - Publicos Personalizados  - Sale",,,,,,0,,,00:00:00,,,,,,,0,0,,,,,,
2026-08-22,2026-08-22,"Ad6 - Secuencia - Nueva coleccion 202666 - Copia 7",inactive,,,,"Con el presupuesto de la campaña",0,0,0,0,0,0,,"En curso","7 días tras clic, 1 día tras visualización o 1 día tras visualización activa",0,ABSOLUTE_OCPM,2026-08-24T22:24:38-0300,-,-,-,"A+ - SA - Nueva coleccion 2026",,,,,,0,,,00:00:00,,,,,,,0,0,,,,,,
2026-08-22,2026-08-22,"Ad6 - Secuencia - Nueva coleccion 202666 - Copia 5",not_delivering,,,,"Con el presupuesto de la campaña",0,1622.05,133,125,1.064,12195.864662,,"En curso","7 días tras clic, 1 día tras visualización o 1 día tras visualización activa",0,ABSOLUTE_OCPM,2026-08-22T19:14:35-0300,-,-,-,"A+ - Publicos Personalizados  - Sale",,,,,,3.2,4,,00:00:00,,,,,,3.007519,4,5.263158,405.5125,4,,,,
2026-08-22,2026-08-22,"Ad6 - Secuencia - Nueva coleccion 2026 - Copia 3",inactive,,,,"Con el presupuesto de la campaña",0,0,0,0,0,0,,"En curso","7 días tras clic, 1 día tras visualización o 1 día tras visualización activa",0,ABSOLUTE_OCPM,2026-08-22T19:14:35-0300,-,-,-,"A+ - Publicos Personalizados  - Sale",,,,,,0,,,00:00:00,,,,,,,0,0,,,,,,
2026-08-22,2026-08-22,"Ad6 - Secuencia - Nueva coleccion 202666 - Copia 9",active,,,,"Con el presupuesto de la campaña",0,65.58,5,5,1,13116,,"En curso","7 días tras clic, 1 día tras visualización o 1 día tras visualización activa",0,ABSOLUTE_OCPM,2026-08-24T22:24:38-0300,-,-,-,"A+ - SA - Nueva coleccion 2026",,,,,,0,,,00:00:00,,,,,,,0,0,,,,,,
2026-08-22,2026-08-22,"Ad6 - Secuencia - Nueva coleccion 202666 - Copia 11",active,,,,"Con el presupuesto de la campaña",0,2.47,2,2,1,1235,,"En curso","7 días tras clic, 1 día tras visualización o 1 día tras visualización activa",0,ABSOLUTE_OCPM,2026-08-24T22:24:38-0300,-,-,-,"A+ - SA - Nueva coleccion 2026",,,,,,0,,,00:00:00,,,,,,,0,0,,,,,,
2026-08-22,2026-08-22,"Ad5 - Video - Sale - Copia 3",inactive,,,,"Con el presupuesto de la campaña",0,0,0,0,0,0,,"En curso","7 días tras clic, 1 día tras visualización o 1 día tras visualización activa",0,ABSOLUTE_OCPM,2026-08-22T19:14:35-0300,-,-,-,"A+ - Publicos Personalizados  - Sale",,,,,,0,,,00:00:00,,,,,,,0,0,,,,,,
2026-08-22,2026-08-22,"Ad6 - Secuencia - Nueva coleccion 202666 - Copia 6",active,,,,"Con el presupuesto de la campaña",0,443.89,48,48,1,9247.708333,,"En curso","7 días tras clic, 1 día tras visualización o 1 día tras visualización activa",0,ABSOLUTE_OCPM,2026-08-24T22:24:38-0300,-,-,-,"A+ - SA - Nueva coleccion 2026",,,,,,6.25,3,,00:00:00,,,,,,6.25,6.25,14.583333,147.963333,7,,,,
2026-08-22,2026-08-22,"Ad6 - Secuencia - Nueva coleccion 202666 - Copia 4",inactive,,,,"Con el presupuesto de la campaña",0,0,0,0,0,0,,"En curso","7 días tras clic, 1 día tras visualización o 1 día tras visualización activa",0,ABSOLUTE_OCPM,2026-08-22T19:14:35-0300,-,-,-,"A+ - Publicos Personalizados  - Sale",,,,,,0,,,00:00:00,,,,,,,0,0,,,,,,
2026-08-22,2026-08-22,"Ad6 - Video - Sale - Copia",inactive,,,,"Con el presupuesto de la campaña",0,0,0,0,0,0,,"En curso","7 días tras clic, 1 día tras visualización o 1 día tras visualización activa",0,ABSOLUTE_OCPM,2026-08-22T19:14:35-0300,-,-,-,"A+ - Publicos Personalizados  - Sale",,,,,,0,,,00:00:00,,,,,,,0,0,,,,,,
2026-08-22,2026-08-22,"Ad6 - Secuencia - Nueva coleccion 202666 - Copia 3",inactive,,,,"Con el presupuesto de la campaña",0,0,0,0,0,0,,"En curso","7 días tras clic, 1 día tras visualización o 1 día tras visualización activa",0,ABSOLUTE_OCPM,2026-08-22T19:14:35-0300,-,-,-,"A+ - Publicos Personalizados  - Sale",,,,,,0,,,00:00:00,,,,,,,0,0,,,,,,
2026-08-22,2026-08-22,"Ad6 - Secuencia - Nueva coleccion 202666 - Copia 4",inactive,,,,"Con el presupuesto de la campaña",0,0,0,0,0,0,,"En curso","7 días tras clic, 1 día tras visualización o 1 día tras visualización activa",0,ABSOLUTE_OCPM,2026-08-22T19:14:35-0300,-,-,-,"A+ - Publicos Personalizados  - Sale",,,,,,0,,,00:00:00,,,,,,,0,0,,,,,,
2026-08-22,2026-08-22,"Ad7 - Video - Sale",inactive,,,,"Con el presupuesto de la campaña",0,0,0,0,0,0,,"En curso","7 días tras clic, 1 día tras visualización o 1 día tras visualización activa",0,ABSOLUTE_OCPM,2026-08-22T19:14:35-0300,-,-,-,"A+ - Publicos Personalizados  - Sale",,,,,,0,,,00:00:00,,,,,,,0,0,,,,,,
2026-08-22,2026-08-22,"Ad6 - Secuencia - Nueva coleccion 202666 - Copia 8",active,,,,"Con el presupuesto de la campaña",0,27917.7,3441,2529,1.360617,8113.251962,,"En curso","7 días tras clic, 1 día tras visualización o 1 día tras visualización activa",0,ABSOLUTE_OCPM,2026-08-24T22:24:38-0300,-,-,-,"A+ - SA - Nueva coleccion 2026",,,,,,3.440095,94,,00:00:00,,,,,,2.731764,4.468169,3.836094,296.996809,106,21,,,
2026-08-22,2026-08-22,"Ad6 - Secuencia - Nueva coleccion 202666 - Copia 7",inactive,,,,"Con el presupuesto de la campaña",0,0,0,0,0,0,,"En curso","7 días tras clic, 1 día tras visualización o 1 día tras visualización activa",0,ABSOLUTE_OCPM,2026-08-22T19:14:35-0300,-,-,-,"A+ - Publicos Personalizados  - Sale",,,,,,0,,,00:00:00,,,,,,,0,0,,,,,,
2026-08-22,2026-08-22,"Ad6 - Video - Sale",inactive,,,,"Con el presupuesto de la campaña",0,0,0,0,0,0,,"En curso","7 días tras clic, 1 día tras visualización o 1 día tras visualización activa",0,ABSOLUTE_OCPM,2026-08-22T19:14:35-0300,-,-,-,"A+ - Publicos Personalizados  - Sale",,,,,,0,,,00:00:00,,,,,,,0,0,,,,,,
2026-08-22,2026-08-22,"Ad6 - Secuencia - Nueva coleccion 202666 - Copia 6",inactive,,,,"Con el presupuesto de la campaña",0,0,0,0,0,0,,"En curso","7 días tras clic, 1 día tras visualización o 1 día tras visualización activa",0,ABSOLUTE_OCPM,2026-08-24T22:24:38-0300,-,-,-,"A+ - SA - Nueva coleccion 2026",,,,,,0,,,00:00:00,,,,,,,0,0,,,,,,
2026-08-22,2026-08-22,"Ad6 - Secuencia - Nueva coleccion 202666 - Copia 7",inactive,,,,"Con el presupuesto de la campaña",0,0,0,0,0,0,,"En curso","7 días tras clic, 1 día tras visualización o 1 día tras visualización activa",0,ABSOLUTE_OCPM,2026-08-24T22:24:38-0300,-,-,-,"A+ - SA - Nueva coleccion 2026",,,,,,0,,,00:00:00,,,,,,,0,0,,,,,,
2026-08-22,2026-08-22,"Ad5 - Video - Sale",inactive,,,,"Con el presupuesto de la campaña",0,0,0,0,0,0,,"En curso","7 días tras clic, 1 día tras visualización o 1 día tras visualización activa",0,ABSOLUTE_OCPM,2026-08-22T19:14:35-0300,-,-,-,"A+ - Publicos Personalizados  - Sale",,,,,,0,,,00:00:00,,,,,,,0,0,,,,,,
2026-08-22,2026-08-22,"Ad6 - Secuencia - Nueva coleccion 202666 - Copia 5",not_delivering,,,,"Con el presupuesto de la campaña",0,0,0,0,0,0,,"En curso","7 días tras clic, 1 día tras visualización o 1 día tras visualización activa",0,ABSOLUTE_OCPM,2026-08-24T22:24:38-0300,-,-,-,"A+ - SA - Nueva coleccion 2026",,,,,,0,,,00:00:00,,,,,,,0,0,,,,,,
2026-08-22,2026-08-22,"Ad6 - Secuencia - Nueva coleccion 202666 - Copia 2",inactive,,,,"Con el presupuesto de la campaña",0,0,0,0,0,0,,"En curso","7 días tras clic, 1 día tras visualización o 1 día tras visualización activa",0,ABSOLUTE_OCPM,2026-08-22T19:14:35-0300,-,-,-,"A+ - Publicos Personalizados  - Sale",,,,,,0,,,00:00:00,,,,,,,0,0,,,,,,
2026-08-22,2026-08-22,"Ad2 - Video - Sale",inactive,,,,"Con el presupuesto de la campaña",0,0,0,0,0,0,,"En curso","7 días tras clic, 1 día tras visualización o 1 día tras visualización activa",0,ABSOLUTE_OCPM,2026-08-22T19:14:35-0300,-,-,-,"A+ - Publicos Personalizados  - Sale",,,,,,0,,,00:00:00,,,,,,,0,0,,,,,,
2026-08-22,2026-08-22,"Ad6 - Secuencia - Nueva coleccion 202666 - Copia 2",inactive,,,,"Con el presupuesto de la campaña",0,0,0,0,0,0,,"En curso","7 días tras clic, 1 día tras visualización o 1 día tras visualización activa",0,ABSOLUTE_OCPM,2026-08-22T19:14:35-0300,-,-,-,"A+ - Publicos Personalizados  - Sale",,,,,,0,,,00:00:00,,,,,,,0,0,,,,,,
2026-08-22,2026-08-22,"Ad6 - Secuencia - Nueva coleccion 202666 - Copia 2",inactive,,,,"Con el presupuesto de la campaña",0,44.27,4,4,1,11067.5,,"En curso","7 días tras clic, 1 día tras visualización o 1 día tras visualización activa",0,ABSOLUTE_OCPM,2026-08-24T22:24:38-0300,-,-,-,"A+ - SA - Nueva coleccion 2026",,,,,,0,,,2,1,,,,,,0,0,,,,,,
2026-08-22,2026-08-22,"Ad6 - Secuencia - Nueva coleccion 202666 - Copia 4",inactive,,,,"Con el presupuesto de la campaña",0,0,0,0,0,0,,"En curso","7 días tras clic, 1 día tras visualización o 1 día tras visualización activa",0,ABSOLUTE_OCPM,2026-08-24T22:24:38-0300,-,-,-,"A+ - SA - Nueva coleccion 2026",,,,,,0,,,00:00:00,,,,,,,0,0,,,,,,
2026-08-22,2026-08-22,"Ad6 - Secuencia - Nueva coleccion 2026 - Copia 3",active,,,,"Con el presupuesto de la campaña",0,12381.47,1457,1129,1.290523,8497.920384,,"En curso","7 días tras clic, 1 día tras visualización o 1 día tras visualización activa",0,ABSOLUTE_OCPM,2026-08-24T22:24:38-0300,-,-,-,"A+ - SA - Nueva coleccion 2026",,,,,,4.162976,62,9,1,13,7,2,2,2,4.255319,4.69442,5.216198,199.701129,69,4,,,
2026-08-22,2026-08-22,"Ad6 - Secuencia - Nueva coleccion 202666 - Copia 4",not_delivering,,,,"Con el presupuesto de la campaña",0,0,0,0,0,0,,"En curso","7 días tras clic, 1 día tras visualización o 1 día tras visualización activa",0,ABSOLUTE_OCPM,2026-08-24T22:24:38-0300,-,-,-,"A+ - SA - Nueva coleccion 2026",,,,,,0,,,00:00:00,,,,,,,0,0,,,,,,
2026-08-22,2026-08-22,"Ad6 - Secuencia - Nueva coleccion 202666 - Copia 4",inactive,,,,"Con el presupuesto de la campaña",0,0,0,0,0,0,,"En curso","7 días tras clic, 1 día tras visualización o 1 día tras visualización activa",0,ABSOLUTE_OCPM,2026-08-22T19:14:35-0300,-,-,-,"A+ - Publicos Personalizados  - Sale",,,,,,0,,,00:00:00,,,,,,,0,0,,,,,,
2026-08-22,2026-08-22,"Ad6 - Secuencia - Nueva coleccion 202666 - Copia 3",inactive,,,,"Con el presupuesto de la campaña",0,0,0,0,0,0,,"En curso","7 días tras clic, 1 día tras visualización o 1 día tras visualización activa",0,ABSOLUTE_OCPM,2026-08-22T19:14:35-0300,-,-,-,"A+ - Publicos Personalizados  - Sale",,,,,,0,,,00:00:00,,,,,,,0,0,,,,,,
2026-08-22,2026-08-22,"Ad6 - Secuencia - Nueva coleccion 202666 - Copia 6",inactive,,,,"Con el presupuesto de la campaña",0,0,0,0,0,0,,"En curso","7 días tras clic, 1 día tras visualización o 1 día tras visualización activa",0,ABSOLUTE_OCPM,2026-08-22T19:14:35-0300,-,-,-,"A+ - Publicos Personalizados  - Sale",,,,,,0,,,00:00:00,,,,,,,0,0,,,,,,
2026-08-22,2026-08-22,"Ad6 - Secuencia - Nueva coleccion 202666 - Copia 3",inactive,,,,"Con el presupuesto de la campaña",0,0,0,0,0,0,,"En curso","7 días tras clic, 1 día tras visualización o 1 día tras visualización activa",0,ABSOLUTE_OCPM,2026-08-24T22:24:38-0300,-,-,-,"A+ - SA - Nueva coleccion 2026",,,,,,0,,,00:00:00,,,,,,,0,0,,,,,,
2026-08-22,2026-08-22,"Ad6 - Secuencia - Nueva coleccion 202666 - Copia 4",inactive,,,,"Con el presupuesto de la campaña",0,0,0,0,0,0,,"En curso","7 días tras clic, 1 día tras visualización o 1 día tras visualización activa",0,ABSOLUTE_OCPM,2026-08-22T19:14:35-0300,-,-,-,"A+ - Publicos Personalizados  - Sale",,,,,,0,,,00:00:00,,,,,,,0,0,,,,,,
2026-08-22,2026-08-22,"Ad6 - Secuencia - Nueva coleccion 202666 - Copia 2",inactive,,,,"Con el presupuesto de la campaña",0,0,0,0,0,0,,"En curso","7 días tras clic, 1 día tras visualización o 1 día tras visualización activa",0,ABSOLUTE_OCPM,2026-08-24T22:24:38-0300,-,-,-,"A+ - SA - Nueva coleccion 2026",,,,,,0,,,00:00:00,,,,,,,0,0,,,,,,
2026-08-22,2026-08-22,"Ad6 - Secuencia - Nueva coleccion 202666 - Copia 3",not_delivering,,,,"Con el presupuesto de la campaña",0,54.32,8,8,1,6790,,"En curso","7 días tras clic, 1 día tras visualización o 1 día tras visualización activa",0,ABSOLUTE_OCPM,2026-08-22T19:14:35-0300,-,-,-,"A+ - Publicos Personalizados  - Sale",,,,,,25,2,,00:00:00,,,,,,25,25,25,27.16,2,,,,
2026-08-22,2026-08-22,"Ad6 - Secuencia - Nueva coleccion 2026 - Copia 4",active,,,,"Con el presupuesto de la campaña",0,47.11,12,8,1.5,3925.833333,,"En curso","7 días tras clic, 1 día tras visualización o 1 día tras visualización activa",0,ABSOLUTE_OCPM,2026-08-24T22:24:38-0300,-,-,-,"A+ - SA - Nueva coleccion 2026",,,,,,12.5,1,,2,1,,,,,8.333333,12.5,16.666667,47.11,,,,,
2026-08-22,2026-08-22,"Ad6 - Secuencia - Nueva coleccion 202666 - Copia 2",inactive,,,,"Con el presupuesto de la campaña",0,0,0,0,0,0,,"En curso","7 días tras clic, 1 día tras visualización o 1 día tras visualización activa",0,ABSOLUTE_OCPM,2026-08-22T19:14:35-0300,-,-,-,"A+ - Publicos Personalizados  - Sale",,,,,,0,,,00:00:00,,,,,,,0,0,,,,,,
2026-08-22,2026-08-22,"Ad6 - Secuencia - Nueva coleccion 202666 - Copia",inactive,,,,"Con el presupuesto de la campaña",0,136.09,9,7,1.285714,15121.111111,,"En curso","7 días tras clic, 1 día tras visualización o 1 día tras visualización activa",0,ABSOLUTE_OCPM,2026-08-24T22:24:38-0300,-,-,-,"A+ - SA - Nueva coleccion 2026",,,,,,14.285714,1,,00:00:00,,,,,,11.111111,14.285714,22.222222,136.09,1,,,,
2026-08-22,2026-08-22,"Ad5 - Video - Sale - Copia 3",inactive,,,,"Con el presupuesto de la campaña",0,0,0,0,0,0,,"En curso","7 días tras clic, 1 día tras visualización o 1 día tras visualización activa",0,ABSOLUTE_OCPM,2026-08-22T19:14:35-0300,-,-,-,"A+ - Publicos Personalizados  - Sale",,,,,,0,,,00:00:00,,,,,,,0,0,,,,,,
2026-08-22,2026-08-22,"Ad6 - Secuencia - Nueva coleccion 202666 - Copia 5",not_delivering,,,,"Con el presupuesto de la campaña",0,124.31,13,13,1,9562.307692,,"En curso","7 días tras clic, 1 día tras visualización o 1 día tras visualización activa",0,ABSOLUTE_OCPM,2026-08-22T19:14:35-0300,-,-,-,"A+ - Publicos Personalizados  - Sale",,,,,,0,,,00:00:00,,,,,,,0,0,,,,,,
2026-08-22,2026-08-22,"Ad5 - Video - Sale - Copia 2",inactive,,,,"Con el presupuesto de la campaña",0,0,0,0,0,0,,"En curso","7 días tras clic, 1 día tras visualización o 1 día tras visualización activa",0,ABSOLUTE_OCPM,2026-08-22T19:14:35-0300,-,-,-,"A+ - Publicos Personalizados  - Sale",,,,,,0,,,00:00:00,,,,,,,0,0,,,,,,
2026-08-22,2026-08-22,"Ad6 - Secuencia - Nueva coleccion 202666 - Copia 2",inactive,,,,"Con el presupuesto de la campaña",0,0,0,0,0,0,,"En curso","7 días tras clic, 1 día tras visualización o 1 día tras visualización activa",0,ABSOLUTE_OCPM,2026-08-22T19:14:35-0300,-,-,-,"A+ - Publicos Personalizados  - Sale",,,,,,0,,,00:00:00,,,,,,,0,0,,,,,,
2026-08-22,2026-08-22,"Ad6 - Secuencia - Nueva coleccion 2026 - Copia",inactive,,,,"Con el presupuesto de la campaña",0,0,0,0,0,0,,"En curso","7 días tras clic, 1 día tras visualización o 1 día tras visualización activa",0,ABSOLUTE_OCPM,2026-08-24T22:24:38-0300,-,-,-,"A+ - SA - Nueva coleccion 2026",,,,,,0,,,00:00:00,,,,,,,0,0,,,,,,
2026-08-22,2026-08-22,"Ad6 - Secuencia - Nueva coleccion 202666 - Copia",inactive,,,,"Con el presupuesto de la campaña",0,0,0,0,0,0,,"En curso","7 días tras clic, 1 día tras visualización o 1 día tras visualización activa",0,ABSOLUTE_OCPM,2026-08-22T19:14:35-0300,-,-,-,"A+ - Publicos Personalizados  - Sale",,,,,,0,,,00:00:00,,,,,,,0,0,,,,,,
2026-08-22,2026-08-22,"Ad4 - Imagen - Sale",inactive,,,,"Con el presupuesto de la campaña",0,0,0,0,0,0,,"En curso","7 días tras clic, 1 día tras visualización o 1 día tras visualización activa",0,ABSOLUTE_OCPM,2026-08-22T19:14:35-0300,-,-,-,"A+ - Publicos Personalizados  - Sale",,,,,,0,,,00:00:00,,,,,,,0,0,,,,,,
2026-08-22,2026-08-22,"Ad6 - Secuencia - Nueva coleccion 2026 - Copia",inactive,,,,"Con el presupuesto de la campaña",0,0,0,0,0,0,,"En curso","7 días tras clic, 1 día tras visualización o 1 día tras visualización activa",0,ABSOLUTE_OCPM,2026-08-24T22:24:38-0300,-,-,-,"A+ - SA - Nueva coleccion 2026",,,,,,0,,,00:00:00,,,,,,,0,0,,,,,,
2026-08-22,2026-08-22,"Ad3 - Video - Sale",inactive,,,,"Con el presupuesto de la campaña",0,0,0,0,0,0,,"En curso","7 días tras clic, 1 día tras visualización o 1 día tras visualización activa",0,ABSOLUTE_OCPM,2026-08-22T19:14:35-0300,-,-,-,"A+ - Publicos Personalizados  - Sale",,,,,,0,,,00:00:00,,,,,,,0,0,,,,,,
2026-08-22,2026-08-22,"Ad5 - Video - Sale - Copia",not_delivering,,,,"Con el presupuesto de la campaña",0,3572.76,352,302,1.165563,10149.886364,,"En curso","7 días tras clic, 1 día tras visualización o 1 día tras visualización activa",0,ABSOLUTE_OCPM,2026-08-22T19:14:35-0300,-,-,-,"A+ - Publicos Personalizados  - Sale",,,,,,3.97351,17,52,10,23,14,13,8,23,4.829545,4.635762,6.534091,210.162353,17,,,,
2026-08-22,2026-08-22,"Ad1 - Video - Sale",inactive,,,,"Con el presupuesto de la campaña",0,0,0,0,0,0,,"En curso","7 días tras clic, 1 día tras visualización o 1 día tras visualización activa",0,ABSOLUTE_OCPM,2026-08-22T19:14:35-0300,-,-,-,"A+ - Publicos Personalizados  - Sale",,,,,,0,,,00:00:00,,,,,,,0,0,,,,,,
2026-08-21,2026-08-21,"Ad6 - Secuencia - Nueva coleccion 202666 - Copia 2",inactive,,,,"Con el presupuesto de la campaña",0,0,0,0,0,0,,"En curso","7 días tras clic, 1 día tras visualización o 1 día tras visualización activa",0,ABSOLUTE_OCPM,2026-08-22T19:14:35-0300,-,-,-,"A+ - Publicos Personalizados  - Sale",,,,,,0,,,00:00:00,,,,,,,0,0,,,,,,
2026-08-21,2026-08-21,"Ad6 - Secuencia - Nueva coleccion 202666 - Copia 7",active,,,,"Con el presupuesto de la campaña",0,81.35,9,9,1,9038.888889,,"En curso","7 días tras clic, 1 día tras visualización o 1 día tras visualización activa",0,ABSOLUTE_OCPM,2026-08-24T22:24:38-0300,-,-,-,"A+ - SA - Nueva coleccion 2026",,,,,,0,,,00:00:00,,,,,,,0,0,,,,,,
2026-08-21,2026-08-21,"Ad6 - Secuencia - Nueva coleccion 2026 - Copia 2",inactive,,,,"Con el presupuesto de la campaña",0,0,0,0,0,0,,"En curso","7 días tras clic, 1 día tras visualización o 1 día tras visualización activa",0,ABSOLUTE_OCPM,2026-08-24T22:24:38-0300,-,-,-,"A+ - SA - Nueva coleccion 2026",,,,,,0,,,00:00:00,,,,,,,0,0,,,,,,
2026-08-21,2026-08-21,"Ad6 - Secuencia - Nueva coleccion 202666 - Copia 6",inactive,,,,"Con el presupuesto de la campaña",0,0,0,0,0,0,,"En curso","7 días tras clic, 1 día tras visualización o 1 día tras visualización activa",0,ABSOLUTE_OCPM,2026-08-22T19:14:35-0300,-,-,-,"A+ - Publicos Personalizados  - Sale",,,,,,0,,,00:00:00,,,,,,,0,0,,,,,,
2026-08-21,2026-08-21,1,inactive,,,,"Con el presupuesto de la campaña",0,0,0,0,0,0,,"En curso","7 días tras clic, 1 día tras visualización o 1 día tras visualización activa",0,ABSOLUTE_OCPM,2026-08-22T19:14:35-0300,-,-,-,"A+ - Publicos Personalizados  - Sale",,,,,,0,,,00:00:00,,,,,,,0,0,,,,,,
2026-08-21,2026-08-21,"Ad3 - Angulo Producto Fit",active,,,,"Con el presupuesto de la campaña",0,1261.08,95,91,1.043956,13274.526316,,"En curso","7 días tras clic o 1 día tras visualización",0,ABSOLUTE_OCPM,2026-08-22T06:31:57-0300,-,-,-,"A+ - Prospecting - Angulos Nuevos (Anticipo-Viaje-Producto)",,,,,,3.296703,3,17,1,64,25,18,17,17,3.157895,3.296703,3.157895,420.36,3,,,,
2026-08-21,2026-08-21,"Ad6 - Secuencia - Nueva coleccion 202666 - Copia 3",inactive,,,,"Con el presupuesto de la campaña",0,0,0,0,0,0,,"En curso","7 días tras clic, 1 día tras visualización o 1 día tras visualización activa",0,ABSOLUTE_OCPM,2026-08-22T19:14:35-0300,-,-,-,"A+ - Publicos Personalizados  - Sale",,,,,,0,,,00:00:00,,,,,,,0,0,,,,,,
2026-08-21,2026-08-21,"Ad6 - Secuencia - Nueva coleccion 202666 - Copia 6",active,,,,"Con el presupuesto de la campaña",0,300.94,37,34,1.088235,8133.513514,,"En curso","7 días tras clic, 1 día tras visualización o 1 día tras visualización activa",0,ABSOLUTE_OCPM,2026-08-24T22:24:38-0300,-,-,-,"A+ - SA - Nueva coleccion 2026",,,,,,0,,,00:00:00,,,,,,,0,0,,,,,,
2026-08-21,2026-08-21,"Ad2 - Angulo Viaje",active,,,,"Con el presupuesto de la campaña",0,1367.13,132,127,1.03937,10357.045455,,"En curso","7 días tras clic o 1 día tras visualización",0,ABSOLUTE_OCPM,2026-08-22T06:31:57-0300,-,-,-,"A+ - Prospecting - Angulos Nuevos (Anticipo-Viaje-Producto)",,,,,,1.574803,2,32,2,29,15,10,4,4,1.515152,2.362205,2.272727,683.565,2,,,,
2026-08-21,2026-08-21,"Secuencia imagenes 1 - Minimal SS25 - Copia 2",inactive,,,,"Con el presupuesto de la campaña",0,0,0,0,0,0,,"En curso","7 días tras clic, 1 día tras visualización o 1 día tras visualización activa",0,ABSOLUTE_OCPM,2026-08-22T19:14:35-0300,-,-,-,"A+ - Publicos Personalizados  - Sale",,,,,,0,,,00:00:00,,,,,,,0,0,,,,,,
2026-08-21,2026-08-21,"Ad6 - Secuencia - Nueva coleccion 202666 - Copia 9",active,,,,"Con el presupuesto de la campaña",0,0.74,1,1,1,740,,"En curso","7 días tras clic, 1 día tras visualización o 1 día tras visualización activa",0,ABSOLUTE_OCPM,2026-08-24T22:24:38-0300,-,-,-,"A+ - SA - Nueva coleccion 2026",,,,,,0,,,00:00:00,,,,,,,0,0,,,,,,
2026-08-21,2026-08-21,"Ad1 - Angulo Anticipo Temporada",active,,,,"Con el presupuesto de la campaña",0,22188.48,1888,1599,1.180738,11752.372881,,"En curso","7 días tras clic o 1 día tras visualización",0,ABSOLUTE_OCPM,2026-08-22T06:31:57-0300,"Por encima del promedio",-,-,"A+ - Prospecting - Angulos Nuevos (Anticipo-Viaje-Producto)",,,,,,1.876173,30,366,2,843,445,286,222,221,1.588983,2.626642,2.807203,739.616,25,2,1,,
2026-08-21,2026-08-21,"Ad6 - Secuencia - Nueva coleccion 2026 - Copia 3",inactive,,,,"Con el presupuesto de la campaña",0,0,0,0,0,0,,"En curso","7 días tras clic, 1 día tras visualización o 1 día tras visualización activa",0,ABSOLUTE_OCPM,2026-08-22T19:14:35-0300,-,-,-,"A+ - Publicos Personalizados  - Sale",,,,,,0,,,00:00:00,,,,,,,0,0,,,,,,
2026-08-21,2026-08-21,"Ad6 - Secuencia - Nueva coleccion 202666 - Copia 10",active,,,,"Con el presupuesto de la campaña",0,0,0,0,0,0,,"En curso","7 días tras clic, 1 día tras visualización o 1 día tras visualización activa",0,ABSOLUTE_OCPM,2026-08-24T22:24:38-0300,-,-,-,"A+ - SA - Nueva coleccion 2026",,,,,,0,,,00:00:00,,,,,,,0,0,,,,,,
2026-08-21,2026-08-21,"Ad6 - Secuencia - Nueva coleccion 202666 - Copia 12",active,,,,"Con el presupuesto de la campaña",0,0,0,0,0,0,,"En curso","7 días tras clic, 1 día tras visualización o 1 día tras visualización activa",0,ABSOLUTE_OCPM,2026-08-24T22:24:38-0300,-,-,-,"A+ - SA - Nueva coleccion 2026",,,,,,0,,,00:00:00,,,,,,,0,0,,,,,,
2026-08-21,2026-08-21,"Ad5 - Video - Sale - Copia 2",inactive,,,,"Con el presupuesto de la campaña",0,0,0,0,0,0,,"En curso","7 días tras clic, 1 día tras visualización o 1 día tras visualización activa",0,ABSOLUTE_OCPM,2026-08-22T19:14:35-0300,-,-,-,"A+ - Publicos Personalizados  - Sale",,,,,,0,,,00:00:00,,,,,,,0,0,,,,,,
2026-08-21,2026-08-21,"Ad6 - Secuencia - Nueva coleccion 202666 - Copia 7",inactive,,,,"Con el presupuesto de la campaña",0,0,0,0,0,0,,"En curso","7 días tras clic, 1 día tras visualización o 1 día tras visualización activa",0,ABSOLUTE_OCPM,2026-08-24T22:24:38-0300,-,-,-,"A+ - SA - Nueva coleccion 2026",,,,,,0,,,00:00:00,,,,,,,0,0,,,,,,
2026-08-21,2026-08-21,"Ad6 - Secuencia - Nueva coleccion 202666 - Copia 5",not_delivering,,,,"Con el presupuesto de la campaña",0,4698.86,311,258,1.205426,15108.874598,,"En curso","7 días tras clic, 1 día tras visualización o 1 día tras visualización activa",0,ABSOLUTE_OCPM,2026-08-22T19:14:35-0300,-,-,-,"A+ - Publicos Personalizados  - Sale",,,,,,4.263566,11,,00:00:00,,,,,,3.536977,4.651163,4.180064,427.169091,5,5,1,,
2026-08-21,2026-08-21,"Ad6 - Secuencia - Nueva coleccion 2026 - Copia 3",inactive,,,,"Con el presupuesto de la campaña",0,0,0,0,0,0,,"En curso","7 días tras clic, 1 día tras visualización o 1 día tras visualización activa",0,ABSOLUTE_OCPM,2026-08-22T19:14:35-0300,-,-,-,"A+ - Publicos Personalizados  - Sale",,,,,,0,,,00:00:00,,,,,,,0,0,,,,,,
2026-08-21,2026-08-21,"Ad6 - Secuencia - Nueva coleccion 202666 - Copia 9",active,,,,"Con el presupuesto de la campaña",0,16.67,2,2,1,8335,,"En curso","7 días tras clic, 1 día tras visualización o 1 día tras visualización activa",0,ABSOLUTE_OCPM,2026-08-24T22:24:38-0300,-,-,-,"A+ - SA - Nueva coleccion 2026",,,,,,0,,,00:00:00,,,,,,,0,0,,,,,,
2026-08-21,2026-08-21,"Ad6 - Secuencia - Nueva coleccion 202666 - Copia 11",active,,,,"Con el presupuesto de la campaña",0,492.5,38,34,1.117647,12960.526316,,"En curso","7 días tras clic, 1 día tras visualización o 1 día tras visualización activa",0,ABSOLUTE_OCPM,2026-08-24T22:24:38-0300,-,-,-,"A+ - SA - Nueva coleccion 2026",,,,,,5.882353,2,,2,1,,,,,5.263158,5.882353,5.263158,246.25,2,,,,
2026-08-21,2026-08-21,"Ad5 - Video - Sale - Copia 3",inactive,,,,"Con el presupuesto de la campaña",0,0,0,0,0,0,,"En curso","7 días tras clic, 1 día tras visualización o 1 día tras visualización activa",0,ABSOLUTE_OCPM,2026-08-22T19:14:35-0300,-,-,-,"A+ - Publicos Personalizados  - Sale",,,,,,0,,,00:00:00,,,,,,,0,0,,,,,,
2026-08-21,2026-08-21,"Ad6 - Secuencia - Nueva coleccion 202666 - Copia 6",active,,,,"Con el presupuesto de la campaña",0,6.75,2,2,1,3375,,"En curso","7 días tras clic, 1 día tras visualización o 1 día tras visualización activa",0,ABSOLUTE_OCPM,2026-08-24T22:24:38-0300,-,-,-,"A+ - SA - Nueva coleccion 2026",,,,,,0,,,00:00:00,,,,,,,0,0,,,,,,
2026-08-21,2026-08-21,"Ad6 - Secuencia - Nueva coleccion 202666 - Copia 4",inactive,,,,"Con el presupuesto de la campaña",0,0,0,0,0,0,,"En curso","7 días tras clic, 1 día tras visualización o 1 día tras visualización activa",0,ABSOLUTE_OCPM,2026-08-22T19:14:35-0300,-,-,-,"A+ - Publicos Personalizados  - Sale",,,,,,0,,,00:00:00,,,,,,,0,0,,,,,,
2026-08-21,2026-08-21,"Ad6 - Video - Sale - Copia",inactive,,,,"Con el presupuesto de la campaña",0,0,0,0,0,0,,"En curso","7 días tras clic, 1 día tras visualización o 1 día tras visualización activa",0,ABSOLUTE_OCPM,2026-08-22T19:14:35-0300,-,-,-,"A+ - Publicos Personalizados  - Sale",,,,,,0,,,00:00:00,,,,,,,0,0,,,,,,
2026-08-21,2026-08-21,"Ad6 - Secuencia - Nueva coleccion 202666 - Copia 3",inactive,,,,"Con el presupuesto de la campaña",0,0,0,0,0,0,,"En curso","7 días tras clic, 1 día tras visualización o 1 día tras visualización activa",0,ABSOLUTE_OCPM,2026-08-22T19:14:35-0300,-,-,-,"A+ - Publicos Personalizados  - Sale",,,,,,0,,,00:00:00,,,,,,,0,0,,,,,,
2026-08-21,2026-08-21,"Ad6 - Secuencia - Nueva coleccion 202666 - Copia 4",inactive,,,,"Con el presupuesto de la campaña",0,0,0,0,0,0,,"En curso","7 días tras clic, 1 día tras visualización o 1 día tras visualización activa",0,ABSOLUTE_OCPM,2026-08-22T19:14:35-0300,-,-,-,"A+ - Publicos Personalizados  - Sale",,,,,,0,,,00:00:00,,,,,,,0,0,,,,,,
2026-08-21,2026-08-21,"Ad7 - Video - Sale",inactive,,,,"Con el presupuesto de la campaña",0,0,0,0,0,0,,"En curso","7 días tras clic, 1 día tras visualización o 1 día tras visualización activa",0,ABSOLUTE_OCPM,2026-08-22T19:14:35-0300,-,-,-,"A+ - Publicos Personalizados  - Sale",,,,,,0,,,00:00:00,,,,,,,0,0,,,,,,
2026-08-21,2026-08-21,"Ad6 - Secuencia - Nueva coleccion 202666 - Copia 8",active,1,actions:offsite_conversion.fb_pixel_purchase,42861.82,"Con el presupuesto de la campaña",0,42861.82,5999,4249,1.411862,7144.827471,1,"En curso","7 días tras clic, 1 día tras visualización o 1 día tras visualización activa",0,ABSOLUTE_OCPM,2026-08-24T22:24:38-0300,-,-,-,"A+ - SA - Nueva coleccion 2026",0.518864,22239.47,22239.47,0.51886434,action_values:offsite_conversion.fb_pixel_purchase,3.530242,187,,00:00:00,,,,,,3.117186,4.306896,4.134022,229.207594,164,21,2,,
2026-08-21,2026-08-21,"Ad6 - Secuencia - Nueva coleccion 202666 - Copia 7",inactive,,,,"Con el presupuesto de la campaña",0,0,0,0,0,0,,"En curso","7 días tras clic, 1 día tras visualización o 1 día tras visualización activa",0,ABSOLUTE_OCPM,2026-08-22T19:14:35-0300,-,-,-,"A+ - Publicos Personalizados  - Sale",,,,,,0,,,00:00:00,,,,,,,0,0,,,,,,
2026-08-21,2026-08-21,"Ad6 - Video - Sale",inactive,,,,"Con el presupuesto de la campaña",0,0,0,0,0,0,,"En curso","7 días tras clic, 1 día tras visualización o 1 día tras visualización activa",0,ABSOLUTE_OCPM,2026-08-22T19:14:35-0300,-,-,-,"A+ - Publicos Personalizados  - Sale",,,,,,0,,,00:00:00,,,,,,,0,0,,,,,,
2026-08-21,2026-08-21,"Ad6 - Secuencia - Nueva coleccion 202666 - Copia 6",inactive,,,,"Con el presupuesto de la campaña",0,0,0,0,0,0,,"En curso","7 días tras clic, 1 día tras visualización o 1 día tras visualización activa",0,ABSOLUTE_OCPM,2026-08-24T22:24:38-0300,-,-,-,"A+ - SA - Nueva coleccion 2026",,,,,,0,,,00:00:00,,,,,,,0,0,,,,,,
2026-08-21,2026-08-21,"Ad6 - Secuencia - Nueva coleccion 202666 - Copia 7",inactive,,,,"Con el presupuesto de la campaña",0,0,0,0,0,0,,"En curso","7 días tras clic, 1 día tras visualización o 1 día tras visualización activa",0,ABSOLUTE_OCPM,2026-08-24T22:24:38-0300,-,-,-,"A+ - SA - Nueva coleccion 2026",,,,,,0,,,00:00:00,,,,,,,0,0,,,,,,
2026-08-21,2026-08-21,"Ad5 - Video - Sale",inactive,,,,"Con el presupuesto de la campaña",0,0,0,0,0,0,,"En curso","7 días tras clic, 1 día tras visualización o 1 día tras visualización activa",0,ABSOLUTE_OCPM,2026-08-22T19:14:35-0300,-,-,-,"A+ - Publicos Personalizados  - Sale",,,,,,0,,,00:00:00,,,,,,,0,0,,,,,,
2026-08-21,2026-08-21,"Ad6 - Secuencia - Nueva coleccion 202666 - Copia 5",not_delivering,,,,"Con el presupuesto de la campaña",0,0,0,0,0,0,,"En curso","7 días tras clic, 1 día tras visualización o 1 día tras visualización activa",0,ABSOLUTE_OCPM,2026-08-24T22:24:38-0300,-,-,-,"A+ - SA - Nueva coleccion 2026",,,,,,0,,,00:00:00,,,,,,,0,0,,,,,,
2026-08-21,2026-08-21,"Ad6 - Secuencia - Nueva coleccion 202666 - Copia 2",inactive,,,,"Con el presupuesto de la campaña",0,0,0,0,0,0,,"En curso","7 días tras clic, 1 día tras visualización o 1 día tras visualización activa",0,ABSOLUTE_OCPM,2026-08-22T19:14:35-0300,-,-,-,"A+ - Publicos Personalizados  - Sale",,,,,,0,,,00:00:00,,,,,,,0,0,,,,,,
2026-08-21,2026-08-21,"Ad2 - Video - Sale",inactive,,,,"Con el presupuesto de la campaña",0,0,0,0,0,0,,"En curso","7 días tras clic, 1 día tras visualización o 1 día tras visualización activa",0,ABSOLUTE_OCPM,2026-08-22T19:14:35-0300,-,-,-,"A+ - Publicos Personalizados  - Sale",,,,,,0,,,00:00:00,,,,,,,0,0,,,,,,
2026-08-21,2026-08-21,"Ad6 - Secuencia - Nueva coleccion 202666 - Copia 2",inactive,,,,"Con el presupuesto de la campaña",0,0,0,0,0,0,,"En curso","7 días tras clic, 1 día tras visualización o 1 día tras visualización activa",0,ABSOLUTE_OCPM,2026-08-22T19:14:35-0300,-,-,-,"A+ - Publicos Personalizados  - Sale",,,,,,0,,,00:00:00,,,,,,,0,0,,,,,,
2026-08-21,2026-08-21,"Ad6 - Secuencia - Nueva coleccion 202666 - Copia 2",inactive,,,,"Con el presupuesto de la campaña",0,2323.65,214,192,1.114583,10858.17757,,"En curso","7 días tras clic, 1 día tras visualización o 1 día tras visualización activa",0,ABSOLUTE_OCPM,2026-08-24T22:24:38-0300,-,-,-,"A+ - SA - Nueva coleccion 2026",,,,,,1.5625,3,12,5,23,13,10,9,9,1.401869,2.604167,5.140187,774.55,8,,,,
2026-08-21,2026-08-21,"Ad6 - Secuencia - Nueva coleccion 202666 - Copia 4",inactive,,,,"Con el presupuesto de la campaña",0,0,0,0,0,0,,"En curso","7 días tras clic, 1 día tras visualización o 1 día tras visualización activa",0,ABSOLUTE_OCPM,2026-08-24T22:24:38-0300,-,-,-,"A+ - SA - Nueva coleccion 2026",,,,,,0,,,00:00:00,,,,,,,0,0,,,,,,
2026-08-21,2026-08-21,"Ad6 - Secuencia - Nueva coleccion 2026 - Copia 3",active,1,actions:offsite_conversion.fb_pixel_purchase,6452.17,"Con el presupuesto de la campaña",0,6452.17,973,876,1.110731,6631.212744,1,"En curso","7 días tras clic, 1 día tras visualización o 1 día tras visualización activa",0,ABSOLUTE_OCPM,2026-08-24T22:24:38-0300,-,-,-,"A+ - SA - Nueva coleccion 2026",32.53944,209950,209950,32.53944022,action_values:offsite_conversion.fb_pixel_purchase,4.680365,62,9,2,13,7,6,6,6,6.372045,5.022831,6.68037,104.067258,45,10,,,
2026-08-21,2026-08-21,"Ad6 - Secuencia - Nueva coleccion 202666 - Copia 4",not_delivering,,,,"Con el presupuesto de la campaña",0,0,0,0,0,0,,"En curso","7 días tras clic, 1 día tras visualización o 1 día tras visualización activa",0,ABSOLUTE_OCPM,2026-08-24T22:24:38-0300,-,-,-,"A+ - SA - Nueva coleccion 2026",,,,,,0,,,00:00:00,,,,,,,0,0,,,,,,
2026-08-21,2026-08-21,"Ad6 - Secuencia - Nueva coleccion 202666 - Copia 4",inactive,,,,"Con el presupuesto de la campaña",0,0,0,0,0,0,,"En curso","7 días tras clic, 1 día tras visualización o 1 día tras visualización activa",0,ABSOLUTE_OCPM,2026-08-22T19:14:35-0300,-,-,-,"A+ - Publicos Personalizados  - Sale",,,,,,0,,,00:00:00,,,,,,,0,0,,,,,,
2026-08-21,2026-08-21,"Ad6 - Secuencia - Nueva coleccion 202666 - Copia 3",inactive,,,,"Con el presupuesto de la campaña",0,0,0,0,0,0,,"En curso","7 días tras clic, 1 día tras visualización o 1 día tras visualización activa",0,ABSOLUTE_OCPM,2026-08-22T19:14:35-0300,-,-,-,"A+ - Publicos Personalizados  - Sale",,,,,,0,,,00:00:00,,,,,,,0,0,,,,,,
2026-08-21,2026-08-21,"Ad6 - Secuencia - Nueva coleccion 202666 - Copia 6",inactive,,,,"Con el presupuesto de la campaña",0,0,0,0,0,0,,"En curso","7 días tras clic, 1 día tras visualización o 1 día tras visualización activa",0,ABSOLUTE_OCPM,2026-08-22T19:14:35-0300,-,-,-,"A+ - Publicos Personalizados  - Sale",,,,,,0,,,00:00:00,,,,,,,0,0,,,,,,
2026-08-21,2026-08-21,"Ad6 - Secuencia - Nueva coleccion 202666 - Copia 3",inactive,,,,"Con el presupuesto de la campaña",0,0,0,0,0,0,,"En curso","7 días tras clic, 1 día tras visualización o 1 día tras visualización activa",0,ABSOLUTE_OCPM,2026-08-24T22:24:38-0300,-,-,-,"A+ - SA - Nueva coleccion 2026",,,,,,0,,,00:00:00,,,,,,,0,0,,,,,,
2026-08-21,2026-08-21,"Ad6 - Secuencia - Nueva coleccion 202666 - Copia 4",inactive,,,,"Con el presupuesto de la campaña",0,0,0,0,0,0,,"En curso","7 días tras clic, 1 día tras visualización o 1 día tras visualización activa",0,ABSOLUTE_OCPM,2026-08-22T19:14:35-0300,-,-,-,"A+ - Publicos Personalizados  - Sale",,,,,,0,,,00:00:00,,,,,,,0,0,,,,,,
2026-08-21,2026-08-21,"Ad6 - Secuencia - Nueva coleccion 202666 - Copia 2",inactive,,,,"Con el presupuesto de la campaña",0,0,0,0,0,0,,"En curso","7 días tras clic, 1 día tras visualización o 1 día tras visualización activa",0,ABSOLUTE_OCPM,2026-08-24T22:24:38-0300,-,-,-,"A+ - SA - Nueva coleccion 2026",,,,,,0,,,00:00:00,,,,,,,0,0,,,,,,
2026-08-21,2026-08-21,"Ad6 - Secuencia - Nueva coleccion 202666 - Copia 3",not_delivering,,,,"Con el presupuesto de la campaña",0,308.99,9,9,1,34332.222222,,"En curso","7 días tras clic, 1 día tras visualización o 1 día tras visualización activa",0,ABSOLUTE_OCPM,2026-08-22T19:14:35-0300,-,-,-,"A+ - Publicos Personalizados  - Sale",,,,,,11.111111,1,,00:00:00,,,,,,11.111111,11.111111,22.222222,308.99,1,,,,
2026-08-21,2026-08-21,"Ad6 - Secuencia - Nueva coleccion 2026 - Copia 4",active,,,,"Con el presupuesto de la campaña",0,0,0,0,0,0,,"En curso","7 días tras clic, 1 día tras visualización o 1 día tras visualización activa",0,ABSOLUTE_OCPM,2026-08-24T22:24:38-0300,-,-,-,"A+ - SA - Nueva coleccion 2026",,,,,,0,,,00:00:00,,,,,,,0,0,,,,,,
2026-08-21,2026-08-21,"Ad6 - Secuencia - Nueva coleccion 202666 - Copia 2",inactive,,,,"Con el presupuesto de la campaña",0,0,0,0,0,0,,"En curso","7 días tras clic, 1 día tras visualización o 1 día tras visualización activa",0,ABSOLUTE_OCPM,2026-08-22T19:14:35-0300,-,-,-,"A+ - Publicos Personalizados  - Sale",,,,,,0,,,00:00:00,,,,,,,0,0,,,,,,
2026-08-21,2026-08-21,"Ad6 - Secuencia - Nueva coleccion 202666 - Copia",inactive,,,,"Con el presupuesto de la campaña",0,0,0,0,0,0,,"En curso","7 días tras clic, 1 día tras visualización o 1 día tras visualización activa",0,ABSOLUTE_OCPM,2026-08-24T22:24:38-0300,-,-,-,"A+ - SA - Nueva coleccion 2026",,,,,,0,,,00:00:00,,,,,,,0,0,,,,,,
2026-08-21,2026-08-21,"Ad5 - Video - Sale - Copia 3",inactive,,,,"Con el presupuesto de la campaña",0,0,0,0,0,0,,"En curso","7 días tras clic, 1 día tras visualización o 1 día tras visualización activa",0,ABSOLUTE_OCPM,2026-08-22T19:14:35-0300,-,-,-,"A+ - Publicos Personalizados  - Sale",,,,,,0,,,00:00:00,,,,,,,0,0,,,,,,
2026-08-21,2026-08-21,"Ad6 - Secuencia - Nueva coleccion 202666 - Copia 5",not_delivering,,,,"Con el presupuesto de la campaña",0,0,0,0,0,0,,"En curso","7 días tras clic, 1 día tras visualización o 1 día tras visualización activa",0,ABSOLUTE_OCPM,2026-08-22T19:14:35-0300,-,-,-,"A+ - Publicos Personalizados  - Sale",,,,,,0,,,00:00:00,,,,,,,0,0,,,,,,
2026-08-21,2026-08-21,"Ad5 - Video - Sale - Copia 2",inactive,,,,"Con el presupuesto de la campaña",0,0,0,0,0,0,,"En curso","7 días tras clic, 1 día tras visualización o 1 día tras visualización activa",0,ABSOLUTE_OCPM,2026-08-22T19:14:35-0300,-,-,-,"A+ - Publicos Personalizados  - Sale",,,,,,0,,,00:00:00,,,,,,,0,0,,,,,,
2026-08-21,2026-08-21,"Ad6 - Secuencia - Nueva coleccion 202666 - Copia 2",inactive,,,,"Con el presupuesto de la campaña",0,0,0,0,0,0,,"En curso","7 días tras clic, 1 día tras visualización o 1 día tras visualización activa",0,ABSOLUTE_OCPM,2026-08-22T19:14:35-0300,-,-,-,"A+ - Publicos Personalizados  - Sale",,,,,,0,,,00:00:00,,,,,,,0,0,,,,,,
2026-08-21,2026-08-21,"Ad6 - Secuencia - Nueva coleccion 2026 - Copia",inactive,,,,"Con el presupuesto de la campaña",0,1761.68,183,162,1.12963,9626.666667,,"En curso","7 días tras clic, 1 día tras visualización o 1 día tras visualización activa",0,ABSOLUTE_OCPM,2026-08-24T22:24:38-0300,-,-,-,"A+ - SA - Nueva coleccion 2026",,,,,,1.234568,2,3,2,1,,,,,1.092896,1.234568,1.092896,880.84,1,,,,
2026-08-21,2026-08-21,"Ad6 - Secuencia - Nueva coleccion 202666 - Copia",inactive,,,,"Con el presupuesto de la campaña",0,0,0,0,0,0,,"En curso","7 días tras clic, 1 día tras visualización o 1 día tras visualización activa",0,ABSOLUTE_OCPM,2026-08-22T19:14:35-0300,-,-,-,"A+ - Publicos Personalizados  - Sale",,,,,,0,,,00:00:00,,,,,,,0,0,,,,,,
2026-08-21,2026-08-21,"Ad4 - Imagen - Sale",inactive,,,,"Con el presupuesto de la campaña",0,0,0,0,0,0,,"En curso","7 días tras clic, 1 día tras visualización o 1 día tras visualización activa",0,ABSOLUTE_OCPM,2026-08-22T19:14:35-0300,-,-,-,"A+ - Publicos Personalizados  - Sale",,,,,,0,,,00:00:00,,,,,,,0,0,,,,,,
2026-08-21,2026-08-21,"Ad6 - Secuencia - Nueva coleccion 2026 - Copia",inactive,,,,"Con el presupuesto de la campaña",0,190.18,20,19,1.052632,9509,,"En curso","7 días tras clic, 1 día tras visualización o 1 día tras visualización activa",0,ABSOLUTE_OCPM,2026-08-24T22:24:38-0300,-,-,-,"A+ - SA - Nueva coleccion 2026",,,,,,5.263158,1,1,19,1,1,1,1,1,5,5.263158,5,190.18,,,,,
2026-08-21,2026-08-21,"Ad3 - Video - Sale",inactive,,,,"Con el presupuesto de la campaña",0,0,0,0,0,0,,"En curso","7 días tras clic, 1 día tras visualización o 1 día tras visualización activa",0,ABSOLUTE_OCPM,2026-08-22T19:14:35-0300,-,-,-,"A+ - Publicos Personalizados  - Sale",,,,,,0,,,00:00:00,,,,,,,0,0,,,,,,
2026-08-21,2026-08-21,"Ad5 - Video - Sale - Copia",not_delivering,,,,"Con el presupuesto de la campaña",0,2015.22,167,152,1.098684,12067.185629,,"En curso","7 días tras clic, 1 día tras visualización o 1 día tras visualización activa",0,ABSOLUTE_OCPM,2026-08-22T19:14:35-0300,-,-,-,"A+ - Publicos Personalizados  - Sale",,,,,,5.921053,9,84,12,33,29,19,10,35,5.389222,6.578947,8.383234,223.913333,10,,,,
2026-08-21,2026-08-21,"Ad1 - Video - Sale",inactive,,,,"Con el presupuesto de la campaña",0,0,0,0,0,0,,"En curso","7 días tras clic, 1 día tras visualización o 1 día tras visualización activa",0,ABSOLUTE_OCPM,2026-08-22T19:14:35-0300,-,-,-,"A+ - Publicos Personalizados  - Sale",,,,,,0,,,00:00:00,,,,,,,0,0,,,,,,
2026-08-20,2026-08-20,"Ad6 - Secuencia - Nueva coleccion 202666 - Copia 2",inactive,,,,"Con el presupuesto de la campaña",0,0,0,0,0,0,,"En curso","7 días tras clic, 1 día tras visualización o 1 día tras visualización activa",0,ABSOLUTE_OCPM,2026-08-22T19:14:35-0300,-,-,-,"A+ - Publicos Personalizados  - Sale",,,,,,0,,,00:00:00,,,,,,,0,0,,,,,,
2026-08-20,2026-08-20,"Ad6 - Secuencia - Nueva coleccion 202666 - Copia 7",active,1,actions:offsite_conversion.fb_pixel_purchase,799.73,"Con el presupuesto de la campaña",0,799.73,72,64,1.125,11107.361111,1,"En curso","7 días tras clic, 1 día tras visualización o 1 día tras visualización activa",0,ABSOLUTE_OCPM,2026-08-24T22:24:38-0300,-,-,-,"A+ - SA - Nueva coleccion 2026",80.856001,64662.97,64662.97,80.8560014,action_values:offsite_conversion.fb_pixel_purchase,3.125,2,,00:00:00,,,,,,2.777778,4.6875,6.944444,399.865,2,,,,
2026-08-20,2026-08-20,"Ad6 - Secuencia - Nueva coleccion 2026 - Copia 2",inactive,,,,"Con el presupuesto de la campaña",0,103.33,6,5,1.2,17221.666667,,"En curso","7 días tras clic, 1 día tras visualización o 1 día tras visualización activa",0,ABSOLUTE_OCPM,2026-08-24T22:24:38-0300,-,-,-,"A+ - SA - Nueva coleccion 2026",,,,,,0,,,0,,,,,,,0,0,,,,,,
2026-08-20,2026-08-20,"Ad6 - Secuencia - Nueva coleccion 202666 - Copia 6",inactive,,,,"Con el presupuesto de la campaña",0,0,0,0,0,0,,"En curso","7 días tras clic, 1 día tras visualización o 1 día tras visualización activa",0,ABSOLUTE_OCPM,2026-08-22T19:14:35-0300,-,-,-,"A+ - Publicos Personalizados  - Sale",,,,,,0,,,00:00:00,,,,,,,0,0,,,,,,
2026-08-20,2026-08-20,1,inactive,,,,"Con el presupuesto de la campaña",0,0,0,0,0,0,,"En curso","7 días tras clic, 1 día tras visualización o 1 día tras visualización activa",0,ABSOLUTE_OCPM,2026-08-22T19:14:35-0300,-,-,-,"A+ - Publicos Personalizados  - Sale",,,,,,0,,,00:00:00,,,,,,,0,0,,,,,,
2026-08-20,2026-08-20,"Ad3 - Angulo Producto Fit",active,,,,"Con el presupuesto de la campaña",0,0,0,0,0,0,,"En curso","7 días tras clic o 1 día tras visualización",0,ABSOLUTE_OCPM,2026-08-22T06:31:57-0300,-,-,-,"A+ - Prospecting - Angulos Nuevos (Anticipo-Viaje-Producto)",,,,,,0,,,00:00:00,,,,,,,0,0,,,,,,
2026-08-20,2026-08-20,"Ad6 - Secuencia - Nueva coleccion 202666 - Copia 3",inactive,,,,"Con el presupuesto de la campaña",0,0,0,0,0,0,,"En curso","7 días tras clic, 1 día tras visualización o 1 día tras visualización activa",0,ABSOLUTE_OCPM,2026-08-22T19:14:35-0300,-,-,-,"A+ - Publicos Personalizados  - Sale",,,,,,0,,,00:00:00,,,,,,,0,0,,,,,,
2026-08-20,2026-08-20,"Ad6 - Secuencia - Nueva coleccion 202666 - Copia 6",active,,,,"Con el presupuesto de la campaña",0,254.23,40,36,1.111111,6355.75,,"En curso","7 días tras clic, 1 día tras visualización o 1 día tras visualización activa",0,ABSOLUTE_OCPM,2026-08-24T22:24:38-0300,-,-,-,"A+ - SA - Nueva coleccion 2026",,,,,,2.777778,3,,00:00:00,,,,,,7.5,5.555556,10,84.743333,3,2,1,,
2026-08-20,2026-08-20,"Ad2 - Angulo Viaje",active,,,,"Con el presupuesto de la campaña",0,265.3,14,13,1.076923,18950,,"En curso","7 días tras clic o 1 día tras visualización",0,ABSOLUTE_OCPM,2026-08-22T06:31:57-0300,-,-,-,"A+ - Prospecting - Angulos Nuevos (Anticipo-Viaje-Producto)",,,,,,7.692308,1,5,3,5,2,,,,7.142857,15.384615,14.285714,265.3,1,2,,,
2026-08-20,2026-08-20,"Secuencia imagenes 1 - Minimal SS25 - Copia 2",inactive,,,,"Con el presupuesto de la campaña",0,0,0,0,0,0,,"En curso","7 días tras clic, 1 día tras visualización o 1 día tras visualización activa",0,ABSOLUTE_OCPM,2026-08-22T19:14:35-0300,-,-,-,"A+ - Publicos Personalizados  - Sale",,,,,,0,,,00:00:00,,,,,,,0,0,,,,,,
2026-08-20,2026-08-20,"Ad6 - Secuencia - Nueva coleccion 202666 - Copia 9",active,,,,"Con el presupuesto de la campaña",0,93.36,8,8,1,11670,,"En curso","7 días tras clic, 1 día tras visualización o 1 día tras visualización activa",0,ABSOLUTE_OCPM,2026-08-24T22:24:38-0300,-,-,-,"A+ - SA - Nueva coleccion 2026",,,,,,0,,,00:00:00,,,,,,,0,0,,,,,,
2026-08-20,2026-08-20,"Ad1 - Angulo Anticipo Temporada",active,,,,"Con el presupuesto de la campaña",0,24125.99,1591,1295,1.228571,15164.041483,,"En curso","7 días tras clic o 1 día tras visualización",0,ABSOLUTE_OCPM,2026-08-22T06:31:57-0300,Promedio,-,-,"A+ - Prospecting - Angulos Nuevos (Anticipo-Viaje-Producto)",,,,,,2.007722,31,296,2,664,370,226,156,157,1.94846,3.088803,3.268385,778.257742,29,9,,,
2026-08-20,2026-08-20,"Ad6 - Secuencia - Nueva coleccion 2026 - Copia 3",inactive,,,,"Con el presupuesto de la campaña",0,0,0,0,0,0,,"En curso","7 días tras clic, 1 día tras visualización o 1 día tras visualización activa",0,ABSOLUTE_OCPM,2026-08-22T19:14:35-0300,-,-,-,"A+ - Publicos Personalizados  - Sale",,,,,,0,,,00:00:00,,,,,,,0,0,,,,,,
2026-08-20,2026-08-20,"Ad6 - Secuencia - Nueva coleccion 202666 - Copia 10",active,,,,"Con el presupuesto de la campaña",0,570.32,70,67,1.044776,8147.428571,,"En curso","7 días tras clic, 1 día tras visualización o 1 día tras visualización activa",0,ABSOLUTE_OCPM,2026-08-24T22:24:38-0300,-,-,-,"A+ - SA - Nueva coleccion 2026",,,,,,4.477612,3,3,10,4,4,4,3,3,4.285714,5.970149,7.142857,190.106667,3,,,,
2026-08-20,2026-08-20,"Ad6 - Secuencia - Nueva coleccion 202666 - Copia 12",active,,,,"Con el presupuesto de la campaña",0,15.23,1,1,1,15230,,"En curso","7 días tras clic, 1 día tras visualización o 1 día tras visualización activa",0,ABSOLUTE_OCPM,2026-08-24T22:24:38-0300,-,-,-,"A+ - SA - Nueva coleccion 2026",,,,,,0,,,00:00:00,,,,,,,0,0,,,,,,
2026-08-20,2026-08-20,"Ad5 - Video - Sale - Copia 2",inactive,,,,"Con el presupuesto de la campaña",0,0,0,0,0,0,,"En curso","7 días tras clic, 1 día tras visualización o 1 día tras visualización activa",0,ABSOLUTE_OCPM,2026-08-22T19:14:35-0300,-,-,-,"A+ - Publicos Personalizados  - Sale",,,,,,0,,,00:00:00,,,,,,,0,0,,,,,,
2026-08-20,2026-08-20,"Ad6 - Secuencia - Nueva coleccion 202666 - Copia 7",inactive,,,,"Con el presupuesto de la campaña",0,0,0,0,0,0,,"En curso","7 días tras clic, 1 día tras visualización o 1 día tras visualización activa",0,ABSOLUTE_OCPM,2026-08-24T22:24:38-0300,-,-,-,"A+ - SA - Nueva coleccion 2026",,,,,,0,,,00:00:00,,,,,,,0,0,,,,,,
2026-08-20,2026-08-20,"Ad6 - Secuencia - Nueva coleccion 202666 - Copia 5",not_delivering,1,actions:offsite_conversion.fb_pixel_purchase,6516.87,"Con el presupuesto de la campaña",0,6516.87,436,365,1.194521,14946.949541,1,"En curso","7 días tras clic, 1 día tras visualización o 1 día tras visualización activa",0,ABSOLUTE_OCPM,2026-08-22T19:14:35-0300,-,-,-,"A+ - Publicos Personalizados  - Sale",11.914375,77644.43,77644.43,11.91437454,action_values:offsite_conversion.fb_pixel_purchase,5.753425,27,,00:00:00,,,,,,6.192661,6.575342,8.027523,241.365556,24,7,1,,
2026-08-20,2026-08-20,"Ad6 - Secuencia - Nueva coleccion 2026 - Copia 3",inactive,,,,"Con el presupuesto de la campaña",0,0,0,0,0,0,,"En curso","7 días tras clic, 1 día tras visualización o 1 día tras visualización activa",0,ABSOLUTE_OCPM,2026-08-22T19:14:35-0300,-,-,-,"A+ - Publicos Personalizados  - Sale",,,,,,0,,,00:00:00,,,,,,,0,0,,,,,,
2026-08-20,2026-08-20,"Ad6 - Secuencia - Nueva coleccion 202666 - Copia 9",active,,,,"Con el presupuesto de la campaña",0,1539.95,142,129,1.100775,10844.71831,,"En curso","7 días tras clic, 1 día tras visualización o 1 día tras visualización activa",0,ABSOLUTE_OCPM,2026-08-24T22:24:38-0300,-,-,-,"A+ - SA - Nueva coleccion 2026",,,,,,4.651163,7,,00:00:00,,,,,,4.929577,5.426357,7.042254,219.992857,3,,,,
2026-08-20,2026-08-20,"Ad6 - Secuencia - Nueva coleccion 202666 - Copia 11",active,,,,"Con el presupuesto de la campaña",0,188.32,16,16,1,11770,,"En curso","7 días tras clic, 1 día tras visualización o 1 día tras visualización activa",0,ABSOLUTE_OCPM,2026-08-24T22:24:38-0300,-,-,-,"A+ - SA - Nueva coleccion 2026",,,,,,0,,,00:00:00,,,,,,,0,0,,,,,,
2026-08-20,2026-08-20,"Ad5 - Video - Sale - Copia 3",inactive,,,,"Con el presupuesto de la campaña",0,0,0,0,0,0,,"En curso","7 días tras clic, 1 día tras visualización o 1 día tras visualización activa",0,ABSOLUTE_OCPM,2026-08-22T19:14:35-0300,-,-,-,"A+ - Publicos Personalizados  - Sale",,,,,,0,,,00:00:00,,,,,,,0,0,,,,,,
2026-08-20,2026-08-20,"Ad6 - Secuencia - Nueva coleccion 202666 - Copia 6",active,,,,"Con el presupuesto de la campaña",0,0,0,0,0,0,,"En curso","7 días tras clic, 1 día tras visualización o 1 día tras visualización activa",0,ABSOLUTE_OCPM,2026-08-24T22:24:38-0300,-,-,-,"A+ - SA - Nueva coleccion 2026",,,,,,0,,,00:00:00,,,,,,,0,0,,,,,,
2026-08-20,2026-08-20,"Ad6 - Secuencia - Nueva coleccion 202666 - Copia 4",inactive,,,,"Con el presupuesto de la campaña",0,0,0,0,0,0,,"En curso","7 días tras clic, 1 día tras visualización o 1 día tras visualización activa",0,ABSOLUTE_OCPM,2026-08-22T19:14:35-0300,-,-,-,"A+ - Publicos Personalizados  - Sale",,,,,,0,,,00:00:00,,,,,,,0,0,,,,,,
2026-08-20,2026-08-20,"Ad6 - Video - Sale - Copia",inactive,,,,"Con el presupuesto de la campaña",0,0,0,0,0,0,,"En curso","7 días tras clic, 1 día tras visualización o 1 día tras visualización activa",0,ABSOLUTE_OCPM,2026-08-22T19:14:35-0300,-,-,-,"A+ - Publicos Personalizados  - Sale",,,,,,0,,,00:00:00,,,,,,,0,0,,,,,,
2026-08-20,2026-08-20,"Ad6 - Secuencia - Nueva coleccion 202666 - Copia 3",inactive,,,,"Con el presupuesto de la campaña",0,120.81,17,17,1,7106.470588,,"En curso","7 días tras clic, 1 día tras visualización o 1 día tras visualización activa",0,ABSOLUTE_OCPM,2026-08-22T19:14:35-0300,-,-,-,"A+ - Publicos Personalizados  - Sale",,,,,,0,,,00:00:00,,,,,,,0,0,,,,,,
2026-08-20,2026-08-20,"Ad6 - Secuencia - Nueva coleccion 202666 - Copia 4",inactive,,,,"Con el presupuesto de la campaña",0,0,0,0,0,0,,"En curso","7 días tras clic, 1 día tras visualización o 1 día tras visualización activa",0,ABSOLUTE_OCPM,2026-08-22T19:14:35-0300,-,-,-,"A+ - Publicos Personalizados  - Sale",,,,,,0,,,00:00:00,,,,,,,0,0,,,,,,
2026-08-20,2026-08-20,"Ad7 - Video - Sale",inactive,,,,"Con el presupuesto de la campaña",0,0,0,0,0,0,,"En curso","7 días tras clic, 1 día tras visualización o 1 día tras visualización activa",0,ABSOLUTE_OCPM,2026-08-22T19:14:35-0300,-,-,-,"A+ - Publicos Personalizados  - Sale",,,,,,0,,,00:00:00,,,,,,,0,0,,,,,,
2026-08-20,2026-08-20,"Ad6 - Secuencia - Nueva coleccion 202666 - Copia 8",active,1,actions:offsite_conversion.fb_pixel_purchase,39721.15,"Con el presupuesto de la campaña",0,39721.15,4135,2749,1.504183,9606.082225,1,"En curso","7 días tras clic, 1 día tras visualización o 1 día tras visualización activa",0,ABSOLUTE_OCPM,2026-08-24T22:24:38-0300,-,-,-,"A+ - SA - Nueva coleccion 2026",0.987873,39239.47,39239.47,0.98787346,action_values:offsite_conversion.fb_pixel_purchase,3.819571,130,,00:00:00,,,,,,3.143894,4.8745,4.353083,305.547308,111,10,4,,
2026-08-20,2026-08-20,"Ad6 - Secuencia - Nueva coleccion 202666 - Copia 7",inactive,,,,"Con el presupuesto de la campaña",0,0,0,0,0,0,,"En curso","7 días tras clic, 1 día tras visualización o 1 día tras visualización activa",0,ABSOLUTE_OCPM,2026-08-22T19:14:35-0300,-,-,-,"A+ - Publicos Personalizados  - Sale",,,,,,0,,,00:00:00,,,,,,,0,0,,,,,,
2026-08-20,2026-08-20,"Ad6 - Video - Sale",inactive,,,,"Con el presupuesto de la campaña",0,0,0,0,0,0,,"En curso","7 días tras clic, 1 día tras visualización o 1 día tras visualización activa",0,ABSOLUTE_OCPM,2026-08-22T19:14:35-0300,-,-,-,"A+ - Publicos Personalizados  - Sale",,,,,,0,,,00:00:00,,,,,,,0,0,,,,,,
2026-08-20,2026-08-20,"Ad6 - Secuencia - Nueva coleccion 202666 - Copia 6",inactive,,,,"Con el presupuesto de la campaña",0,0,0,0,0,0,,"En curso","7 días tras clic, 1 día tras visualización o 1 día tras visualización activa",0,ABSOLUTE_OCPM,2026-08-24T22:24:38-0300,-,-,-,"A+ - SA - Nueva coleccion 2026",,,,,,0,,,00:00:00,,,,,,,0,0,,,,,,
2026-08-20,2026-08-20,"Ad6 - Secuencia - Nueva coleccion 202666 - Copia 7",inactive,,,,"Con el presupuesto de la campaña",0,0,0,0,0,0,,"En curso","7 días tras clic, 1 día tras visualización o 1 día tras visualización activa",0,ABSOLUTE_OCPM,2026-08-24T22:24:38-0300,-,-,-,"A+ - SA - Nueva coleccion 2026",,,,,,0,,,00:00:00,,,,,,,0,0,,,,,,
2026-08-20,2026-08-20,"Ad5 - Video - Sale",inactive,,,,"Con el presupuesto de la campaña",0,0,0,0,0,0,,"En curso","7 días tras clic, 1 día tras visualización o 1 día tras visualización activa",0,ABSOLUTE_OCPM,2026-08-22T19:14:35-0300,-,-,-,"A+ - Publicos Personalizados  - Sale",,,,,,0,,,00:00:00,,,,,,,0,0,,,,,,
2026-08-20,2026-08-20,"Ad6 - Secuencia - Nueva coleccion 202666 - Copia 5",not_delivering,,,,"Con el presupuesto de la campaña",0,0,0,0,0,0,,"En curso","7 días tras clic, 1 día tras visualización o 1 día tras visualización activa",0,ABSOLUTE_OCPM,2026-08-24T22:24:38-0300,-,-,-,"A+ - SA - Nueva coleccion 2026",,,,,,0,,,00:00:00,,,,,,,0,0,,,,,,
2026-08-20,2026-08-20,"Ad6 - Secuencia - Nueva coleccion 202666 - Copia 2",inactive,,,,"Con el presupuesto de la campaña",0,0,0,0,0,0,,"En curso","7 días tras clic, 1 día tras visualización o 1 día tras visualización activa",0,ABSOLUTE_OCPM,2026-08-22T19:14:35-0300,-,-,-,"A+ - Publicos Personalizados  - Sale",,,,,,0,,,00:00:00,,,,,,,0,0,,,,,,
2026-08-20,2026-08-20,"Ad2 - Video - Sale",inactive,,,,"Con el presupuesto de la campaña",0,0,0,0,0,0,,"En curso","7 días tras clic, 1 día tras visualización o 1 día tras visualización activa",0,ABSOLUTE_OCPM,2026-08-22T19:14:35-0300,-,-,-,"A+ - Publicos Personalizados  - Sale",,,,,,0,,,00:00:00,,,,,,,0,0,,,,,,
2026-08-20,2026-08-20,"Ad6 - Secuencia - Nueva coleccion 202666 - Copia 2",inactive,,,,"Con el presupuesto de la campaña",0,0,0,0,0,0,,"En curso","7 días tras clic, 1 día tras visualización o 1 día tras visualización activa",0,ABSOLUTE_OCPM,2026-08-22T19:14:35-0300,-,-,-,"A+ - Publicos Personalizados  - Sale",,,,,,0,,,00:00:00,,,,,,,0,0,,,,,,
2026-08-20,2026-08-20,"Ad6 - Secuencia - Nueva coleccion 202666 - Copia 2",inactive,,,,"Con el presupuesto de la campaña",0,0,0,0,0,0,,"En curso","7 días tras clic, 1 día tras visualización o 1 día tras visualización activa",0,ABSOLUTE_OCPM,2026-08-24T22:24:38-0300,-,-,-,"A+ - SA - Nueva coleccion 2026",,,,,,0,,,00:00:00,,,,,,,0,0,,,,,,
2026-08-20,2026-08-20,"Ad6 - Secuencia - Nueva coleccion 202666 - Copia 4",inactive,,,,"Con el presupuesto de la campaña",0,0,0,0,0,0,,"En curso","7 días tras clic, 1 día tras visualización o 1 día tras visualización activa",0,ABSOLUTE_OCPM,2026-08-24T22:24:38-0300,-,-,-,"A+ - SA - Nueva coleccion 2026",,,,,,0,,,00:00:00,,,,,,,0,0,,,,,,
2026-08-20,2026-08-20,"Ad6 - Secuencia - Nueva coleccion 2026 - Copia 3",active,1,actions:offsite_conversion.fb_pixel_purchase,25709.93,"Con el presupuesto de la campaña",0,25709.93,2353,1833,1.283688,10926.447089,1,"En curso","7 días tras clic, 1 día tras visualización o 1 día tras visualización activa",0,ABSOLUTE_OCPM,2026-08-24T22:24:38-0300,-,-,-,"A+ - SA - Nueva coleccion 2026",2.31362,59483,59483,2.31361968,action_values:offsite_conversion.fb_pixel_purchase,2.673213,68,12,3,23,10,7,3,3,2.889928,3.327878,4.122397,378.087206,70,22,2,,
2026-08-20,2026-08-20,"Ad6 - Secuencia - Nueva coleccion 202666 - Copia 4",not_delivering,,,,"Con el presupuesto de la campaña",0,0,0,0,0,0,,"En curso","7 días tras clic, 1 día tras visualización o 1 día tras visualización activa",0,ABSOLUTE_OCPM,2026-08-24T22:24:38-0300,-,-,-,"A+ - SA - Nueva coleccion 2026",,,,,,0,,,00:00:00,,,,,,,0,0,,,,,,
2026-08-20,2026-08-20,"Ad6 - Secuencia - Nueva coleccion 202666 - Copia 4",inactive,,,,"Con el presupuesto de la campaña",0,0,0,0,0,0,,"En curso","7 días tras clic, 1 día tras visualización o 1 día tras visualización activa",0,ABSOLUTE_OCPM,2026-08-22T19:14:35-0300,-,-,-,"A+ - Publicos Personalizados  - Sale",,,,,,0,,,00:00:00,,,,,,,0,0,,,,,,
2026-08-20,2026-08-20,"Ad6 - Secuencia - Nueva coleccion 202666 - Copia 3",inactive,,,,"Con el presupuesto de la campaña",0,0,0,0,0,0,,"En curso","7 días tras clic, 1 día tras visualización o 1 día tras visualización activa",0,ABSOLUTE_OCPM,2026-08-22T19:14:35-0300,-,-,-,"A+ - Publicos Personalizados  - Sale",,,,,,0,,,00:00:00,,,,,,,0,0,,,,,,
2026-08-20,2026-08-20,"Ad6 - Secuencia - Nueva coleccion 202666 - Copia 6",inactive,,,,"Con el presupuesto de la campaña",0,0,0,0,0,0,,"En curso","7 días tras clic, 1 día tras visualización o 1 día tras visualización activa",0,ABSOLUTE_OCPM,2026-08-22T19:14:35-0300,-,-,-,"A+ - Publicos Personalizados  - Sale",,,,,,0,,,00:00:00,,,,,,,0,0,,,,,,
2026-08-20,2026-08-20,"Ad6 - Secuencia - Nueva coleccion 202666 - Copia 3",inactive,,,,"Con el presupuesto de la campaña",0,0,0,0,0,0,,"En curso","7 días tras clic, 1 día tras visualización o 1 día tras visualización activa",0,ABSOLUTE_OCPM,2026-08-24T22:24:38-0300,-,-,-,"A+ - SA - Nueva coleccion 2026",,,,,,0,,,00:00:00,,,,,,,0,0,,,,,,
2026-08-20,2026-08-20,"Ad6 - Secuencia - Nueva coleccion 202666 - Copia 4",inactive,,,,"Con el presupuesto de la campaña",0,0,0,0,0,0,,"En curso","7 días tras clic, 1 día tras visualización o 1 día tras visualización activa",0,ABSOLUTE_OCPM,2026-08-22T19:14:35-0300,-,-,-,"A+ - Publicos Personalizados  - Sale",,,,,,0,,,00:00:00,,,,,,,0,0,,,,,,
2026-08-20,2026-08-20,"Ad6 - Secuencia - Nueva coleccion 202666 - Copia 2",inactive,,,,"Con el presupuesto de la campaña",0,0,0,0,0,0,,"En curso","7 días tras clic, 1 día tras visualización o 1 día tras visualización activa",0,ABSOLUTE_OCPM,2026-08-24T22:24:38-0300,-,-,-,"A+ - SA - Nueva coleccion 2026",,,,,,0,,,00:00:00,,,,,,,0,0,,,,,,
2026-08-20,2026-08-20,"Ad6 - Secuencia - Nueva coleccion 202666 - Copia 3",not_delivering,,,,"Con el presupuesto de la campaña",0,0,0,0,0,0,,"En curso","7 días tras clic, 1 día tras visualización o 1 día tras visualización activa",0,ABSOLUTE_OCPM,2026-08-22T19:14:35-0300,-,-,-,"A+ - Publicos Personalizados  - Sale",,,,,,0,,,00:00:00,,,,,,,0,0,,,,,,
2026-08-20,2026-08-20,"Ad6 - Secuencia - Nueva coleccion 2026 - Copia 4",active,,,,"Con el presupuesto de la campaña",0,0,0,0,0,0,,"En curso","7 días tras clic, 1 día tras visualización o 1 día tras visualización activa",0,ABSOLUTE_OCPM,2026-08-24T22:24:38-0300,-,-,-,"A+ - SA - Nueva coleccion 2026",,,,,,0,,,00:00:00,,,,,,,0,0,,,,,,
2026-08-20,2026-08-20,"Ad6 - Secuencia - Nueva coleccion 202666 - Copia 2",inactive,,,,"Con el presupuesto de la campaña",0,0,0,0,0,0,,"En curso","7 días tras clic, 1 día tras visualización o 1 día tras visualización activa",0,ABSOLUTE_OCPM,2026-08-22T19:14:35-0300,-,-,-,"A+ - Publicos Personalizados  - Sale",,,,,,0,,,00:00:00,,,,,,,0,0,,,,,,
2026-08-20,2026-08-20,"Ad6 - Secuencia - Nueva coleccion 202666 - Copia",inactive,,,,"Con el presupuesto de la campaña",0,0,0,0,0,0,,"En curso","7 días tras clic, 1 día tras visualización o 1 día tras visualización activa",0,ABSOLUTE_OCPM,2026-08-24T22:24:38-0300,-,-,-,"A+ - SA - Nueva coleccion 2026",,,,,,0,,,00:00:00,,,,,,,0,0,,,,,,
2026-08-20,2026-08-20,"Ad5 - Video - Sale - Copia 3",inactive,,,,"Con el presupuesto de la campaña",0,0,0,0,0,0,,"En curso","7 días tras clic, 1 día tras visualización o 1 día tras visualización activa",0,ABSOLUTE_OCPM,2026-08-22T19:14:35-0300,-,-,-,"A+ - Publicos Personalizados  - Sale",,,,,,0,,,00:00:00,,,,,,,0,0,,,,,,
2026-08-20,2026-08-20,"Ad6 - Secuencia - Nueva coleccion 202666 - Copia 5",not_delivering,,,,"Con el presupuesto de la campaña",0,0,0,0,0,0,,"En curso","7 días tras clic, 1 día tras visualización o 1 día tras visualización activa",0,ABSOLUTE_OCPM,2026-08-22T19:14:35-0300,-,-,-,"A+ - Publicos Personalizados  - Sale",,,,,,0,,,00:00:00,,,,,,,0,0,,,,,,
2026-08-20,2026-08-20,"Ad5 - Video - Sale - Copia 2",inactive,,,,"Con el presupuesto de la campaña",0,0,0,0,0,0,,"En curso","7 días tras clic, 1 día tras visualización o 1 día tras visualización activa",0,ABSOLUTE_OCPM,2026-08-22T19:14:35-0300,-,-,-,"A+ - Publicos Personalizados  - Sale",,,,,,0,,,00:00:00,,,,,,,0,0,,,,,,
2026-08-20,2026-08-20,"Ad6 - Secuencia - Nueva coleccion 202666 - Copia 2",inactive,,,,"Con el presupuesto de la campaña",0,0,0,0,0,0,,"En curso","7 días tras clic, 1 día tras visualización o 1 día tras visualización activa",0,ABSOLUTE_OCPM,2026-08-22T19:14:35-0300,-,-,-,"A+ - Publicos Personalizados  - Sale",,,,,,0,,,00:00:00,,,,,,,0,0,,,,,,
2026-08-20,2026-08-20,"Ad6 - Secuencia - Nueva coleccion 2026 - Copia",inactive,,,,"Con el presupuesto de la campaña",0,0,0,0,0,0,,"En curso","7 días tras clic, 1 día tras visualización o 1 día tras visualización activa",0,ABSOLUTE_OCPM,2026-08-24T22:24:38-0300,-,-,-,"A+ - SA - Nueva coleccion 2026",,,,,,0,,,00:00:00,,,,,,,0,0,,,,,,
2026-08-20,2026-08-20,"Ad6 - Secuencia - Nueva coleccion 202666 - Copia",inactive,,,,"Con el presupuesto de la campaña",0,701.07,11,11,1,63733.636364,,"En curso","7 días tras clic, 1 día tras visualización o 1 día tras visualización activa",0,ABSOLUTE_OCPM,2026-08-22T19:14:35-0300,-,-,-,"A+ - Publicos Personalizados  - Sale",,,,,,0,,5,4,6,3,2,1,1,,0,0,,,,,,
2026-08-20,2026-08-20,"Ad4 - Imagen - Sale",inactive,,,,"Con el presupuesto de la campaña",0,0,0,0,0,0,,"En curso","7 días tras clic, 1 día tras visualización o 1 día tras visualización activa",0,ABSOLUTE_OCPM,2026-08-22T19:14:35-0300,-,-,-,"A+ - Publicos Personalizados  - Sale",,,,,,0,,,00:00:00,,,,,,,0,0,,,,,,
2026-08-20,2026-08-20,"Ad6 - Secuencia - Nueva coleccion 2026 - Copia",inactive,,,,"Con el presupuesto de la campaña",0,66.97,8,7,1.142857,8371.25,,"En curso","7 días tras clic, 1 día tras visualización o 1 día tras visualización activa",0,ABSOLUTE_OCPM,2026-08-24T22:24:38-0300,-,-,-,"A+ - SA - Nueva coleccion 2026",,,,,,0,,,00:00:00,,,,,,,0,0,,,,,,
2026-08-20,2026-08-20,"Ad3 - Video - Sale",inactive,,,,"Con el presupuesto de la campaña",0,0,0,0,0,0,,"En curso","7 días tras clic, 1 día tras visualización o 1 día tras visualización activa",0,ABSOLUTE_OCPM,2026-08-22T19:14:35-0300,-,-,-,"A+ - Publicos Personalizados  - Sale",,,,,,0,,,00:00:00,,,,,,,0,0,,,,,,
2026-08-20,2026-08-20,"Ad5 - Video - Sale - Copia",not_delivering,,,,"Con el presupuesto de la campaña",0,772.51,22,20,1.1,35114.090909,,"En curso","7 días tras clic, 1 día tras visualización o 1 día tras visualización activa",0,ABSOLUTE_OCPM,2026-08-22T19:14:35-0300,-,-,-,"A+ - Publicos Personalizados  - Sale",,,,,,5,1,12,12,4,3,3,2,4,4.545455,10,9.090909,772.51,1,1,,,
2026-08-20,2026-08-20,"Ad1 - Video - Sale",inactive,,,,"Con el presupuesto de la campaña",0,0,0,0,0,0,,"En curso","7 días tras clic, 1 día tras visualización o 1 día tras visualización activa",0,ABSOLUTE_OCPM,2026-08-22T19:14:35-0300,-,-,-,"A+ - Publicos Personalizados  - Sale",,,,,,0,,,00:00:00,,,,,,,0,0,,,,,,
2026-08-19,2026-08-19,"Ad6 - Secuencia - Nueva coleccion 202666 - Copia 2",inactive,,,,"Con el presupuesto de la campaña",0,0,0,0,0,0,,"En curso","7 días tras clic, 1 día tras visualización o 1 día tras visualización activa",0,ABSOLUTE_OCPM,2026-08-22T19:14:35-0300,-,-,-,"A+ - Publicos Personalizados  - Sale",,,,,,0,,,00:00:00,,,,,,,0,0,,,,,,
2026-08-19,2026-08-19,"Ad6 - Secuencia - Nueva coleccion 202666 - Copia 7",active,,,,"Con el presupuesto de la campaña",0,2830.41,254,226,1.123894,11143.346457,,"En curso","7 días tras clic, 1 día tras visualización o 1 día tras visualización activa",0,ABSOLUTE_OCPM,2026-08-24T22:24:38-0300,-,-,-,"A+ - SA - Nueva coleccion 2026",,,,,,2.654867,8,,00:00:00,,,,,,3.149606,3.097345,4.724409,353.80125,9,10,1,,
2026-08-19,2026-08-19,"Ad6 - Secuencia - Nueva coleccion 2026 - Copia 2",inactive,,,,"Con el presupuesto de la campaña",0,89.28,10,9,1.111111,8928,,"En curso","7 días tras clic, 1 día tras visualización o 1 día tras visualización activa",0,ABSOLUTE_OCPM,2026-08-24T22:24:38-0300,-,-,-,"A+ - SA - Nueva coleccion 2026",,,,,,0,,4,6,5,4,3,1,1,,0,0,,,,,,
2026-08-19,2026-08-19,"Ad6 - Secuencia - Nueva coleccion 202666 - Copia 6",inactive,,,,"Con el presupuesto de la campaña",0,0,0,0,0,0,,"En curso","7 días tras clic, 1 día tras visualización o 1 día tras visualización activa",0,ABSOLUTE_OCPM,2026-08-22T19:14:35-0300,-,-,-,"A+ - Publicos Personalizados  - Sale",,,,,,0,,,00:00:00,,,,,,,0,0,,,,,,
2026-08-19,2026-08-19,1,inactive,,,,"Con el presupuesto de la campaña",0,0,0,0,0,0,,"En curso","7 días tras clic, 1 día tras visualización o 1 día tras visualización activa",0,ABSOLUTE_OCPM,2026-08-22T19:14:35-0300,-,-,-,"A+ - Publicos Personalizados  - Sale",,,,,,0,,,00:00:00,,,,,,,0,0,,,,,,
2026-08-19,2026-08-19,"Ad3 - Angulo Producto Fit",active,,,,"Con el presupuesto de la campaña",0,0,0,0,0,0,,"En curso","7 días tras clic o 1 día tras visualización",0,ABSOLUTE_OCPM,2026-08-22T06:31:57-0300,-,-,-,"A+ - Prospecting - Angulos Nuevos (Anticipo-Viaje-Producto)",,,,,,0,,,00:00:00,,,,,,,0,0,,,,,,
2026-08-19,2026-08-19,"Ad6 - Secuencia - Nueva coleccion 202666 - Copia 3",inactive,,,,"Con el presupuesto de la campaña",0,0,0,0,0,0,,"En curso","7 días tras clic, 1 día tras visualización o 1 día tras visualización activa",0,ABSOLUTE_OCPM,2026-08-22T19:14:35-0300,-,-,-,"A+ - Publicos Personalizados  - Sale",,,,,,0,,,00:00:00,,,,,,,0,0,,,,,,
2026-08-19,2026-08-19,"Ad6 - Secuencia - Nueva coleccion 202666 - Copia 6",active,,,,"Con el presupuesto de la campaña",0,369.21,52,49,1.061224,7100.192308,,"En curso","7 días tras clic, 1 día tras visualización o 1 día tras visualización activa",0,ABSOLUTE_OCPM,2026-08-24T22:24:38-0300,-,-,-,"A+ - SA - Nueva coleccion 2026",,,,,,4.081633,2,,00:00:00,,,,,,3.846154,6.122449,7.692308,184.605,1,,,,
2026-08-19,2026-08-19,"Ad2 - Angulo Viaje",active,,,,"Con el presupuesto de la campaña",0,50.69,10,10,1,5069,,"En curso","7 días tras clic o 1 día tras visualización",0,ABSOLUTE_OCPM,2026-08-22T06:31:57-0300,-,-,-,"A+ - Prospecting - Angulos Nuevos (Anticipo-Viaje-Producto)",,,,,,0,,1,2,1,1,1,1,1,,10,10,,,,,,
2026-08-19,2026-08-19,"Secuencia imagenes 1 - Minimal SS25 - Copia 2",inactive,,,,"Con el presupuesto de la campaña",0,0,0,0,0,0,,"En curso","7 días tras clic, 1 día tras visualización o 1 día tras visualización activa",0,ABSOLUTE_OCPM,2026-08-22T19:14:35-0300,-,-,-,"A+ - Publicos Personalizados  - Sale",,,,,,0,,,00:00:00,,,,,,,0,0,,,,,,
2026-08-19,2026-08-19,"Ad6 - Secuencia - Nueva coleccion 202666 - Copia 9",active,1,actions:offsite_conversion.fb_pixel_purchase,2919.99,"Con el presupuesto de la campaña",0,2919.99,348,292,1.191781,8390.775862,1,"En curso","7 días tras clic, 1 día tras visualización o 1 día tras visualización activa",0,ABSOLUTE_OCPM,2026-08-24T22:24:38-0300,-,-,-,"A+ - SA - Nueva coleccion 2026",40.744831,118974.5,118974.5,40.74483132,action_values:offsite_conversion.fb_pixel_purchase,5.136986,15,,00:00:00,,,,,,4.310345,6.506849,6.609195,194.666,15,7,2,,
2026-08-19,2026-08-19,"Ad1 - Angulo Anticipo Temporada",active,,,,"Con el presupuesto de la campaña",0,21791.41,1936,1560,1.241026,11255.893595,,"En curso","7 días tras clic o 1 día tras visualización",0,ABSOLUTE_OCPM,2026-08-22T06:31:57-0300,Promedio,-,-,"A+ - Prospecting - Angulos Nuevos (Anticipo-Viaje-Producto)",,,,,,2.564103,42,342,2,903,482,285,217,218,2.169421,3.269231,3.56405,518.843095,39,6,,,
2026-08-19,2026-08-19,"Ad6 - Secuencia - Nueva coleccion 2026 - Copia 3",inactive,,,,"Con el presupuesto de la campaña",0,0,0,0,0,0,,"En curso","7 días tras clic, 1 día tras visualización o 1 día tras visualización activa",0,ABSOLUTE_OCPM,2026-08-22T19:14:35-0300,-,-,-,"A+ - Publicos Personalizados  - Sale",,,,,,0,,,00:00:00,,,,,,,0,0,,,,,,
2026-08-19,2026-08-19,"Ad6 - Secuencia - Nueva coleccion 202666 - Copia 10",active,,,,"Con el presupuesto de la campaña",0,152.72,27,24,1.125,5656.296296,,"En curso","7 días tras clic, 1 día tras visualización o 1 día tras visualización activa",0,ABSOLUTE_OCPM,2026-08-24T22:24:38-0300,-,-,-,"A+ - SA - Nueva coleccion 2026",,,,,,0,,,2,2,1,1,,,,0,0,,,,,,
2026-08-19,2026-08-19,"Ad6 - Secuencia - Nueva coleccion 202666 - Copia 12",active,,,,"Con el presupuesto de la campaña",0,130.54,22,19,1.157895,5933.636364,,"En curso","7 días tras clic, 1 día tras visualización o 1 día tras visualización activa",0,ABSOLUTE_OCPM,2026-08-24T22:24:38-0300,-,-,-,"A+ - SA - Nueva coleccion 2026",,,,,,5.263158,1,,00:00:00,,,,,,4.545455,5.263158,4.545455,130.54,1,,,,
2026-08-19,2026-08-19,"Ad5 - Video - Sale - Copia 2",inactive,,,,"Con el presupuesto de la campaña",0,0,0,0,0,0,,"En curso","7 días tras clic, 1 día tras visualización o 1 día tras visualización activa",0,ABSOLUTE_OCPM,2026-08-22T19:14:35-0300,-,-,-,"A+ - Publicos Personalizados  - Sale",,,,,,0,,,00:00:00,,,,,,,0,0,,,,,,
2026-08-19,2026-08-19,"Ad6 - Secuencia - Nueva coleccion 202666 - Copia 7",inactive,,,,"Con el presupuesto de la campaña",0,0,0,0,0,0,,"En curso","7 días tras clic, 1 día tras visualización o 1 día tras visualización activa",0,ABSOLUTE_OCPM,2026-08-24T22:24:38-0300,-,-,-,"A+ - SA - Nueva coleccion 2026",,,,,,0,,,00:00:00,,,,,,,0,0,,,,,,
2026-08-19,2026-08-19,"Ad6 - Secuencia - Nueva coleccion 202666 - Copia 5",not_delivering,,,,"Con el presupuesto de la campaña",0,8304.62,583,446,1.307175,14244.631218,,"En curso","7 días tras clic, 1 día tras visualización o 1 día tras visualización activa",0,ABSOLUTE_OCPM,2026-08-22T19:14:35-0300,-,-,-,"A+ - Publicos Personalizados  - Sale",,,,,,5.605381,30,,00:00:00,,,,,,5.145798,7.623318,7.718696,276.820667,29,3,1,,
2026-08-19,2026-08-19,"Ad6 - Secuencia - Nueva coleccion 2026 - Copia 3",inactive,,,,"Con el presupuesto de la campaña",0,0,0,0,0,0,,"En curso","7 días tras clic, 1 día tras visualización o 1 día tras visualización activa",0,ABSOLUTE_OCPM,2026-08-22T19:14:35-0300,-,-,-,"A+ - Publicos Personalizados  - Sale",,,,,,0,,,00:00:00,,,,,,,0,0,,,,,,
2026-08-19,2026-08-19,"Ad6 - Secuencia - Nueva coleccion 202666 - Copia 9",active,,,,"Con el presupuesto de la campaña",0,0,0,0,0,0,,"En curso","7 días tras clic, 1 día tras visualización o 1 día tras visualización activa",0,ABSOLUTE_OCPM,2026-08-24T22:24:38-0300,-,-,-,"A+ - SA - Nueva coleccion 2026",,,,,,0,,,00:00:00,,,,,,,0,0,,,,,,
2026-08-19,2026-08-19,"Ad6 - Secuencia - Nueva coleccion 202666 - Copia 11",active,,,,"Con el presupuesto de la campaña",0,0,0,0,0,0,,"En curso","7 días tras clic, 1 día tras visualización o 1 día tras visualización activa",0,ABSOLUTE_OCPM,2026-08-24T22:24:38-0300,-,-,-,"A+ - SA - Nueva coleccion 2026",,,,,,0,,,00:00:00,,,,,,,0,0,,,,,,
2026-08-19,2026-08-19,"Ad5 - Video - Sale - Copia 3",inactive,,,,"Con el presupuesto de la campaña",0,0,0,0,0,0,,"En curso","7 días tras clic, 1 día tras visualización o 1 día tras visualización activa",0,ABSOLUTE_OCPM,2026-08-22T19:14:35-0300,-,-,-,"A+ - Publicos Personalizados  - Sale",,,,,,0,,,00:00:00,,,,,,,0,0,,,,,,
2026-08-19,2026-08-19,"Ad6 - Secuencia - Nueva coleccion 202666 - Copia 6",active,,,,"Con el presupuesto de la campaña",0,23.81,6,6,1,3968.333333,,"En curso","7 días tras clic, 1 día tras visualización o 1 día tras visualización activa",0,ABSOLUTE_OCPM,2026-08-24T22:24:38-0300,-,-,-,"A+ - SA - Nueva coleccion 2026",,,,,,0,,,00:00:00,,,,,,,0,0,,,,,,
2026-08-19,2026-08-19,"Ad6 - Secuencia - Nueva coleccion 202666 - Copia 4",inactive,,,,"Con el presupuesto de la campaña",0,0,0,0,0,0,,"En curso","7 días tras clic, 1 día tras visualización o 1 día tras visualización activa",0,ABSOLUTE_OCPM,2026-08-22T19:14:35-0300,-,-,-,"A+ - Publicos Personalizados  - Sale",,,,,,0,,,00:00:00,,,,,,,0,0,,,,,,
2026-08-19,2026-08-19,"Ad6 - Video - Sale - Copia",inactive,,,,"Con el presupuesto de la campaña",0,0,0,0,0,0,,"En curso","7 días tras clic, 1 día tras visualización o 1 día tras visualización activa",0,ABSOLUTE_OCPM,2026-08-22T19:14:35-0300,-,-,-,"A+ - Publicos Personalizados  - Sale",,,,,,0,,,00:00:00,,,,,,,0,0,,,,,,
2026-08-19,2026-08-19,"Ad6 - Secuencia - Nueva coleccion 202666 - Copia 3",inactive,,,,"Con el presupuesto de la campaña",0,0,0,0,0,0,,"En curso","7 días tras clic, 1 día tras visualización o 1 día tras visualización activa",0,ABSOLUTE_OCPM,2026-08-22T19:14:35-0300,-,-,-,"A+ - Publicos Personalizados  - Sale",,,,,,0,,,00:00:00,,,,,,,0,0,,,,,,
2026-08-19,2026-08-19,"Ad6 - Secuencia - Nueva coleccion 202666 - Copia 4",inactive,,,,"Con el presupuesto de la campaña",0,0,0,0,0,0,,"En curso","7 días tras clic, 1 día tras visualización o 1 día tras visualización activa",0,ABSOLUTE_OCPM,2026-08-22T19:14:35-0300,-,-,-,"A+ - Publicos Personalizados  - Sale",,,,,,0,,,00:00:00,,,,,,,0,0,,,,,,
2026-08-19,2026-08-19,"Ad7 - Video - Sale",inactive,,,,"Con el presupuesto de la campaña",0,0,0,0,0,0,,"En curso","7 días tras clic, 1 día tras visualización o 1 día tras visualización activa",0,ABSOLUTE_OCPM,2026-08-22T19:14:35-0300,-,-,-,"A+ - Publicos Personalizados  - Sale",,,,,,0,,,00:00:00,,,,,,,0,0,,,,,,
2026-08-19,2026-08-19,"Ad6 - Secuencia - Nueva coleccion 202666 - Copia 8",active,2,actions:offsite_conversion.fb_pixel_purchase,10275.465,"Con el presupuesto de la campaña",0,20550.93,2276,1721,1.322487,9029.406854,2,"En curso","7 días tras clic, 1 día tras visualización o 1 día tras visualización activa",0,ABSOLUTE_OCPM,2026-08-24T22:24:38-0300,-,-,-,"A+ - SA - Nueva coleccion 2026",13.751225,141300.235,282600.47,13.75122537,action_values:offsite_conversion.fb_pixel_purchase,2.556653,49,,00:00:00,,,,,,2.1529,2.963393,2.899824,419.406735,48,16,3,,
2026-08-19,2026-08-19,"Ad6 - Secuencia - Nueva coleccion 202666 - Copia 7",inactive,,,,"Con el presupuesto de la campaña",0,0,0,0,0,0,,"En curso","7 días tras clic, 1 día tras visualización o 1 día tras visualización activa",0,ABSOLUTE_OCPM,2026-08-22T19:14:35-0300,-,-,-,"A+ - Publicos Personalizados  - Sale",,,,,,0,,,00:00:00,,,,,,,0,0,,,,,,
2026-08-19,2026-08-19,"Ad6 - Video - Sale",inactive,,,,"Con el presupuesto de la campaña",0,0,0,0,0,0,,"En curso","7 días tras clic, 1 día tras visualización o 1 día tras visualización activa",0,ABSOLUTE_OCPM,2026-08-22T19:14:35-0300,-,-,-,"A+ - Publicos Personalizados  - Sale",,,,,,0,,,00:00:00,,,,,,,0,0,,,,,,
2026-08-19,2026-08-19,"Ad6 - Secuencia - Nueva coleccion 202666 - Copia 6",inactive,,,,"Con el presupuesto de la campaña",0,0,0,0,0,0,,"En curso","7 días tras clic, 1 día tras visualización o 1 día tras visualización activa",0,ABSOLUTE_OCPM,2026-08-24T22:24:38-0300,-,-,-,"A+ - SA - Nueva coleccion 2026",,,,,,0,,,00:00:00,,,,,,,0,0,,,,,,
2026-08-19,2026-08-19,"Ad6 - Secuencia - Nueva coleccion 202666 - Copia 7",inactive,,,,"Con el presupuesto de la campaña",0,0,0,0,0,0,,"En curso","7 días tras clic, 1 día tras visualización o 1 día tras visualización activa",0,ABSOLUTE_OCPM,2026-08-24T22:24:38-0300,-,-,-,"A+ - SA - Nueva coleccion 2026",,,,,,0,,,00:00:00,,,,,,,0,0,,,,,,
2026-08-19,2026-08-19,"Ad5 - Video - Sale",inactive,,,,"Con el presupuesto de la campaña",0,0,0,0,0,0,,"En curso","7 días tras clic, 1 día tras visualización o 1 día tras visualización activa",0,ABSOLUTE_OCPM,2026-08-22T19:14:35-0300,-,-,-,"A+ - Publicos Personalizados  - Sale",,,,,,0,,,00:00:00,,,,,,,0,0,,,,,,
2026-08-19,2026-08-19,"Ad6 - Secuencia - Nueva coleccion 202666 - Copia 5",not_delivering,,,,"Con el presupuesto de la campaña",0,0,0,0,0,0,,"En curso","7 días tras clic, 1 día tras visualización o 1 día tras visualización activa",0,ABSOLUTE_OCPM,2026-08-24T22:24:38-0300,-,-,-,"A+ - SA - Nueva coleccion 2026",,,,,,0,,,00:00:00,,,,,,,0,0,,,,,,
2026-08-19,2026-08-19,"Ad6 - Secuencia - Nueva coleccion 202666 - Copia 2",inactive,,,,"Con el presupuesto de la campaña",0,0,0,0,0,0,,"En curso","7 días tras clic, 1 día tras visualización o 1 día tras visualización activa",0,ABSOLUTE_OCPM,2026-08-22T19:14:35-0300,-,-,-,"A+ - Publicos Personalizados  - Sale",,,,,,0,,,00:00:00,,,,,,,0,0,,,,,,
2026-08-19,2026-08-19,"Ad2 - Video - Sale",inactive,,,,"Con el presupuesto de la campaña",0,0,0,0,0,0,,"En curso","7 días tras clic, 1 día tras visualización o 1 día tras visualización activa",0,ABSOLUTE_OCPM,2026-08-22T19:14:35-0300,-,-,-,"A+ - Publicos Personalizados  - Sale",,,,,,0,,,00:00:00,,,,,,,0,0,,,,,,
2026-08-19,2026-08-19,"Ad6 - Secuencia - Nueva coleccion 202666 - Copia 2",inactive,,,,"Con el presupuesto de la campaña",0,0,0,0,0,0,,"En curso","7 días tras clic, 1 día tras visualización o 1 día tras visualización activa",0,ABSOLUTE_OCPM,2026-08-22T19:14:35-0300,-,-,-,"A+ - Publicos Personalizados  - Sale",,,,,,0,,,00:00:00,,,,,,,0,0,,,,,,
2026-08-19,2026-08-19,"Ad6 - Secuencia - Nueva coleccion 202666 - Copia 2",inactive,,,,"Con el presupuesto de la campaña",0,570.89,51,48,1.0625,11193.921569,,"En curso","7 días tras clic, 1 día tras visualización o 1 día tras visualización activa",0,ABSOLUTE_OCPM,2026-08-24T22:24:38-0300,-,-,-,"A+ - SA - Nueva coleccion 2026",,,,,,2.083333,1,8,3,22,8,7,5,5,1.960784,4.166667,3.921569,570.89,1,,,,
2026-08-19,2026-08-19,"Ad6 - Secuencia - Nueva coleccion 202666 - Copia 4",inactive,,,,"Con el presupuesto de la campaña",0,0,0,0,0,0,,"En curso","7 días tras clic, 1 día tras visualización o 1 día tras visualización activa",0,ABSOLUTE_OCPM,2026-08-24T22:24:38-0300,-,-,-,"A+ - SA - Nueva coleccion 2026",,,,,,0,,,00:00:00,,,,,,,0,0,,,,,,
2026-08-19,2026-08-19,"Ad6 - Secuencia - Nueva coleccion 2026 - Copia 3",active,1,actions:offsite_conversion.fb_pixel_purchase,28981.91,"Con el presupuesto de la campaña",0,28981.91,3547,2582,1.373741,8170.823231,1,"En curso","7 días tras clic, 1 día tras visualización o 1 día tras visualización activa",0,ABSOLUTE_OCPM,2026-08-24T22:24:38-0300,-,-,-,"A+ - SA - Nueva coleccion 2026",1.560904,45237.97,45237.97,1.56090368,action_values:offsite_conversion.fb_pixel_purchase,3.214562,98,37,2,52,28,17,12,12,2.762898,3.950426,3.693262,295.733776,80,6,,,
2026-08-19,2026-08-19,"Ad6 - Secuencia - Nueva coleccion 202666 - Copia 4",not_delivering,,,,"Con el presupuesto de la campaña",0,0,0,0,0,0,,"En curso","7 días tras clic, 1 día tras visualización o 1 día tras visualización activa",0,ABSOLUTE_OCPM,2026-08-24T22:24:38-0300,-,-,-,"A+ - SA - Nueva coleccion 2026",,,,,,0,,,00:00:00,,,,,,,0,0,,,,,,
2026-08-19,2026-08-19,"Ad6 - Secuencia - Nueva coleccion 202666 - Copia 4",inactive,,,,"Con el presupuesto de la campaña",0,0,0,0,0,0,,"En curso","7 días tras clic, 1 día tras visualización o 1 día tras visualización activa",0,ABSOLUTE_OCPM,2026-08-22T19:14:35-0300,-,-,-,"A+ - Publicos Personalizados  - Sale",,,,,,0,,,00:00:00,,,,,,,0,0,,,,,,
2026-08-19,2026-08-19,"Ad6 - Secuencia - Nueva coleccion 202666 - Copia 3",inactive,,,,"Con el presupuesto de la campaña",0,0,0,0,0,0,,"En curso","7 días tras clic, 1 día tras visualización o 1 día tras visualización activa",0,ABSOLUTE_OCPM,2026-08-22T19:14:35-0300,-,-,-,"A+ - Publicos Personalizados  - Sale",,,,,,0,,,00:00:00,,,,,,,0,0,,,,,,
2026-08-19,2026-08-19,"Ad6 - Secuencia - Nueva coleccion 202666 - Copia 6",inactive,,,,"Con el presupuesto de la campaña",0,0,0,0,0,0,,"En curso","7 días tras clic, 1 día tras visualización o 1 día tras visualización activa",0,ABSOLUTE_OCPM,2026-08-22T19:14:35-0300,-,-,-,"A+ - Publicos Personalizados  - Sale",,,,,,0,,,00:00:00,,,,,,,0,0,,,,,,
2026-08-19,2026-08-19,"Ad6 - Secuencia - Nueva coleccion 202666 - Copia 3",inactive,,,,"Con el presupuesto de la campaña",0,0,0,0,0,0,,"En curso","7 días tras clic, 1 día tras visualización o 1 día tras visualización activa",0,ABSOLUTE_OCPM,2026-08-24T22:24:38-0300,-,-,-,"A+ - SA - Nueva coleccion 2026",,,,,,0,,,00:00:00,,,,,,,0,0,,,,,,
2026-08-19,2026-08-19,"Ad6 - Secuencia - Nueva coleccion 202666 - Copia 4",inactive,,,,"Con el presupuesto de la campaña",0,0,0,0,0,0,,"En curso","7 días tras clic, 1 día tras visualización o 1 día tras visualización activa",0,ABSOLUTE_OCPM,2026-08-22T19:14:35-0300,-,-,-,"A+ - Publicos Personalizados  - Sale",,,,,,0,,,00:00:00,,,,,,,0,0,,,,,,
2026-08-19,2026-08-19,"Ad6 - Secuencia - Nueva coleccion 202666 - Copia 2",inactive,,,,"Con el presupuesto de la campaña",0,0,0,0,0,0,,"En curso","7 días tras clic, 1 día tras visualización o 1 día tras visualización activa",0,ABSOLUTE_OCPM,2026-08-24T22:24:38-0300,-,-,-,"A+ - SA - Nueva coleccion 2026",,,,,,0,,,00:00:00,,,,,,,0,0,,,,,,
2026-08-19,2026-08-19,"Ad6 - Secuencia - Nueva coleccion 202666 - Copia 3",not_delivering,,,,"Con el presupuesto de la campaña",0,0,0,0,0,0,,"En curso","7 días tras clic, 1 día tras visualización o 1 día tras visualización activa",0,ABSOLUTE_OCPM,2026-08-22T19:14:35-0300,-,-,-,"A+ - Publicos Personalizados  - Sale",,,,,,0,,,00:00:00,,,,,,,0,0,,,,,,
2026-08-19,2026-08-19,"Ad6 - Secuencia - Nueva coleccion 2026 - Copia 4",active,,,,"Con el presupuesto de la campaña",0,858.44,63,57,1.105263,13626.031746,,"En curso","7 días tras clic, 1 día tras visualización o 1 día tras visualización activa",0,ABSOLUTE_OCPM,2026-08-24T22:24:38-0300,-,-,-,"A+ - SA - Nueva coleccion 2026",,,,,,5.263158,3,,1,1,,,,,4.761905,7.017544,7.936508,286.146667,3,,,,
2026-08-19,2026-08-19,"Ad6 - Secuencia - Nueva coleccion 202666 - Copia 2",inactive,,,,"Con el presupuesto de la campaña",0,0,0,0,0,0,,"En curso","7 días tras clic, 1 día tras visualización o 1 día tras visualización activa",0,ABSOLUTE_OCPM,2026-08-22T19:14:35-0300,-,-,-,"A+ - Publicos Personalizados  - Sale",,,,,,0,,,00:00:00,,,,,,,0,0,,,,,,
2026-08-19,2026-08-19,"Ad6 - Secuencia - Nueva coleccion 202666 - Copia",inactive,,,,"Con el presupuesto de la campaña",0,3.24,2,2,1,1620,,"En curso","7 días tras clic, 1 día tras visualización o 1 día tras visualización activa",0,ABSOLUTE_OCPM,2026-08-24T22:24:38-0300,-,-,-,"A+ - SA - Nueva coleccion 2026",,,,,,0,,,00:00:00,,,,,,,0,0,,,,,,
2026-08-19,2026-08-19,"Ad5 - Video - Sale - Copia 3",inactive,,,,"Con el presupuesto de la campaña",0,0,0,0,0,0,,"En curso","7 días tras clic, 1 día tras visualización o 1 día tras visualización activa",0,ABSOLUTE_OCPM,2026-08-22T19:14:35-0300,-,-,-,"A+ - Publicos Personalizados  - Sale",,,,,,0,,,00:00:00,,,,,,,0,0,,,,,,
2026-08-19,2026-08-19,"Ad6 - Secuencia - Nueva coleccion 202666 - Copia 5",not_delivering,,,,"Con el presupuesto de la campaña",0,0.77,1,1,1,770,,"En curso","7 días tras clic, 1 día tras visualización o 1 día tras visualización activa",0,ABSOLUTE_OCPM,2026-08-22T19:14:35-0300,-,-,-,"A+ - Publicos Personalizados  - Sale",,,,,,0,,,00:00:00,,,,,,,0,0,,,,,,
2026-08-19,2026-08-19,"Ad5 - Video - Sale - Copia 2",inactive,,,,"Con el presupuesto de la campaña",0,0,0,0,0,0,,"En curso","7 días tras clic, 1 día tras visualización o 1 día tras visualización activa",0,ABSOLUTE_OCPM,2026-08-22T19:14:35-0300,-,-,-,"A+ - Publicos Personalizados  - Sale",,,,,,0,,,00:00:00,,,,,,,0,0,,,,,,
2026-08-19,2026-08-19,"Ad6 - Secuencia - Nueva coleccion 202666 - Copia 2",inactive,,,,"Con el presupuesto de la campaña",0,0,0,0,0,0,,"En curso","7 días tras clic, 1 día tras visualización o 1 día tras visualización activa",0,ABSOLUTE_OCPM,2026-08-22T19:14:35-0300,-,-,-,"A+ - Publicos Personalizados  - Sale",,,,,,0,,,00:00:00,,,,,,,0,0,,,,,,
2026-08-19,2026-08-19,"Ad6 - Secuencia - Nueva coleccion 2026 - Copia",inactive,,,,"Con el presupuesto de la campaña",0,0,0,0,0,0,,"En curso","7 días tras clic, 1 día tras visualización o 1 día tras visualización activa",0,ABSOLUTE_OCPM,2026-08-24T22:24:38-0300,-,-,-,"A+ - SA - Nueva coleccion 2026",,,,,,0,,,00:00:00,,,,,,,0,0,,,,,,
2026-08-19,2026-08-19,"Ad6 - Secuencia - Nueva coleccion 202666 - Copia",inactive,,,,"Con el presupuesto de la campaña",0,0,0,0,0,0,,"En curso","7 días tras clic, 1 día tras visualización o 1 día tras visualización activa",0,ABSOLUTE_OCPM,2026-08-22T19:14:35-0300,-,-,-,"A+ - Publicos Personalizados  - Sale",,,,,,0,,,00:00:00,,,,,,,0,0,,,,,,
2026-08-19,2026-08-19,"Ad4 - Imagen - Sale",inactive,,,,"Con el presupuesto de la campaña",0,0,0,0,0,0,,"En curso","7 días tras clic, 1 día tras visualización o 1 día tras visualización activa",0,ABSOLUTE_OCPM,2026-08-22T19:14:35-0300,-,-,-,"A+ - Publicos Personalizados  - Sale",,,,,,0,,,00:00:00,,,,,,,0,0,,,,,,
2026-08-19,2026-08-19,"Ad6 - Secuencia - Nueva coleccion 2026 - Copia",inactive,,,,"Con el presupuesto de la campaña",0,139.84,21,19,1.105263,6659.047619,,"En curso","7 días tras clic, 1 día tras visualización o 1 día tras visualización activa",0,ABSOLUTE_OCPM,2026-08-24T22:24:38-0300,-,-,-,"A+ - SA - Nueva coleccion 2026",,,,,,5.263158,2,,1,,,,,,9.52381,5.263158,4.761905,69.92,1,,,,
2026-08-19,2026-08-19,"Ad3 - Video - Sale",inactive,,,,"Con el presupuesto de la campaña",0,0,0,0,0,0,,"En curso","7 días tras clic, 1 día tras visualización o 1 día tras visualización activa",0,ABSOLUTE_OCPM,2026-08-22T19:14:35-0300,-,-,-,"A+ - Publicos Personalizados  - Sale",,,,,,0,,,00:00:00,,,,,,,0,0,,,,,,
2026-08-19,2026-08-19,"Ad5 - Video - Sale - Copia",not_delivering,,,,"Con el presupuesto de la campaña",0,190.3,13,12,1.083333,14638.461538,,"En curso","7 días tras clic, 1 día tras visualización o 1 día tras visualización activa",0,ABSOLUTE_OCPM,2026-08-22T19:14:35-0300,-,-,-,"A+ - Publicos Personalizados  - Sale",,,,,,16.666667,2,10,17,4,2,2,2,4,15.384615,16.666667,23.076923,95.15,2,1,,,
2026-08-19,2026-08-19,"Ad1 - Video - Sale",inactive,,,,"Con el presupuesto de la campaña",0,0,0,0,0,0,,"En curso","7 días tras clic, 1 día tras visualización o 1 día tras visualización activa",0,ABSOLUTE_OCPM,2026-08-22T19:14:35-0300,-,-,-,"A+ - Publicos Personalizados  - Sale",,,,,,0,,,00:00:00,,,,,,,0,0,,,,,,
2026-08-18,2026-08-18,"Ad6 - Secuencia - Nueva coleccion 202666 - Copia 2",inactive,,,,"Con el presupuesto de la campaña",0,0,0,0,0,0,,"En curso","7 días tras clic, 1 día tras visualización o 1 día tras visualización activa",0,ABSOLUTE_OCPM,2026-08-22T19:14:35-0300,-,-,-,"A+ - Publicos Personalizados  - Sale",,,,,,0,,,00:00:00,,,,,,,0,0,,,,,,
2026-08-18,2026-08-18,"Ad6 - Secuencia - Nueva coleccion 202666 - Copia 7",active,,,,"Con el presupuesto de la campaña",0,5328.07,885,778,1.137532,6020.418079,,"En curso","7 días tras clic, 1 día tras visualización o 1 día tras visualización activa",0,ABSOLUTE_OCPM,2026-08-24T22:24:38-0300,-,-,-,"A+ - SA - Nueva coleccion 2026",,,,,,2.442159,22,,00:00:00,,,,,,2.485876,2.956298,3.615819,242.185,28,,,,
2026-08-18,2026-08-18,"Ad6 - Secuencia - Nueva coleccion 2026 - Copia 2",inactive,,,,"Con el presupuesto de la campaña",0,0,0,0,0,0,,"En curso","7 días tras clic, 1 día tras visualización o 1 día tras visualización activa",0,ABSOLUTE_OCPM,2026-08-24T22:24:38-0300,-,-,-,"A+ - SA - Nueva coleccion 2026",,,,,,0,,,00:00:00,,,,,,,0,0,,,,,,
2026-08-18,2026-08-18,"Ad6 - Secuencia - Nueva coleccion 202666 - Copia 6",inactive,,,,"Con el presupuesto de la campaña",0,0,0,0,0,0,,"En curso","7 días tras clic, 1 día tras visualización o 1 día tras visualización activa",0,ABSOLUTE_OCPM,2026-08-22T19:14:35-0300,-,-,-,"A+ - Publicos Personalizados  - Sale",,,,,,0,,,00:00:00,,,,,,,0,0,,,,,,
2026-08-18,2026-08-18,1,inactive,,,,"Con el presupuesto de la campaña",0,0,0,0,0,0,,"En curso","7 días tras clic, 1 día tras visualización o 1 día tras visualización activa",0,ABSOLUTE_OCPM,2026-08-22T19:14:35-0300,-,-,-,"A+ - Publicos Personalizados  - Sale",,,,,,0,,,00:00:00,,,,,,,0,0,,,,,,
2026-08-18,2026-08-18,"Ad3 - Angulo Producto Fit",active,,,,"Con el presupuesto de la campaña",0,34.18,4,4,1,8545,,"En curso","7 días tras clic o 1 día tras visualización",0,ABSOLUTE_OCPM,2026-08-22T06:31:57-0300,-,-,-,"A+ - Prospecting - Angulos Nuevos (Anticipo-Viaje-Producto)",,,,,,0,,3,9,3,3,3,3,3,,0,0,,,,,,
2026-08-18,2026-08-18,"Ad6 - Secuencia - Nueva coleccion 202666 - Copia 3",inactive,,,,"Con el presupuesto de la campaña",0,0,0,0,0,0,,"En curso","7 días tras clic, 1 día tras visualización o 1 día tras visualización activa",0,ABSOLUTE_OCPM,2026-08-22T19:14:35-0300,-,-,-,"A+ - Publicos Personalizados  - Sale",,,,,,0,,,00:00:00,,,,,,,0,0,,,,,,
2026-08-18,2026-08-18,"Ad6 - Secuencia - Nueva coleccion 202666 - Copia 6",active,,,,"Con el presupuesto de la campaña",0,221.09,15,12,1.25,14739.333333,,"En curso","7 días tras clic, 1 día tras visualización o 1 día tras visualización activa",0,ABSOLUTE_OCPM,2026-08-24T22:24:38-0300,-,-,-,"A+ - SA - Nueva coleccion 2026",,,,,,8.333333,2,,00:00:00,,,,,,13.333333,8.333333,13.333333,110.545,2,,,,
2026-08-18,2026-08-18,"Ad2 - Angulo Viaje",active,,,,"Con el presupuesto de la campaña",0,3395.1,283,269,1.052045,11996.819788,,"En curso","7 días tras clic o 1 día tras visualización",0,ABSOLUTE_OCPM,2026-08-22T06:31:57-0300,-,-,-,"A+ - Prospecting - Angulos Nuevos (Anticipo-Viaje-Producto)",,,,,,0.371747,1,68,3,62,26,17,9,8,0.353357,1.486989,1.766784,3395.1,1,,,,
2026-08-18,2026-08-18,"Secuencia imagenes 1 - Minimal SS25 - Copia 2",inactive,,,,"Con el presupuesto de la campaña",0,0,0,0,0,0,,"En curso","7 días tras clic, 1 día tras visualización o 1 día tras visualización activa",0,ABSOLUTE_OCPM,2026-08-22T19:14:35-0300,-,-,-,"A+ - Publicos Personalizados  - Sale",,,,,,0,,,00:00:00,,,,,,,0,0,,,,,,
2026-08-18,2026-08-18,"Ad6 - Secuencia - Nueva coleccion 202666 - Copia 9",active,,,,"Con el presupuesto de la campaña",0,5.22,1,1,1,5220,,"En curso","7 días tras clic, 1 día tras visualización o 1 día tras visualización activa",0,ABSOLUTE_OCPM,2026-08-24T22:24:38-0300,-,-,-,"A+ - SA - Nueva coleccion 2026",,,,,,0,,,00:00:00,,,,,,,0,0,,,,,,
2026-08-18,2026-08-18,"Ad1 - Angulo Anticipo Temporada",active,,,,"Con el presupuesto de la campaña",0,17413.34,1842,1539,1.196881,9453.4962,,"En curso","7 días tras clic o 1 día tras visualización",0,ABSOLUTE_OCPM,2026-08-22T06:31:57-0300,Promedio,-,-,"A+ - Prospecting - Angulos Nuevos (Anticipo-Viaje-Producto)",,,,,,2.079272,33,313,2,594,317,198,147,147,1.791531,2.858999,2.985885,527.67697,29,15,1,,
2026-08-18,2026-08-18,"Ad6 - Secuencia - Nueva coleccion 2026 - Copia 3",inactive,,,,"Con el presupuesto de la campaña",0,0,0,0,0,0,,"En curso","7 días tras clic, 1 día tras visualización o 1 día tras visualización activa",0,ABSOLUTE_OCPM,2026-08-22T19:14:35-0300,-,-,-,"A+ - Publicos Personalizados  - Sale",,,,,,0,,,00:00:00,,,,,,,0,0,,,,,,
2026-08-18,2026-08-18,"Ad6 - Secuencia - Nueva coleccion 202666 - Copia 10",active,,,,"Con el presupuesto de la campaña",0,0,0,0,0,0,,"En curso","7 días tras clic, 1 día tras visualización o 1 día tras visualización activa",0,ABSOLUTE_OCPM,2026-08-24T22:24:38-0300,-,-,-,"A+ - SA - Nueva coleccion 2026",,,,,,0,,,00:00:00,,,,,,,0,0,,,,,,
2026-08-18,2026-08-18,"Ad6 - Secuencia - Nueva coleccion 202666 - Copia 12",active,,,,"Con el presupuesto de la campaña",0,22.37,5,5,1,4474,,"En curso","7 días tras clic, 1 día tras visualización o 1 día tras visualización activa",0,ABSOLUTE_OCPM,2026-08-24T22:24:38-0300,-,-,-,"A+ - SA - Nueva coleccion 2026",,,,,,0,,,00:00:00,,,,,,,0,0,,,,,,
2026-08-18,2026-08-18,"Ad5 - Video - Sale - Copia 2",inactive,,,,"Con el presupuesto de la campaña",0,0,0,0,0,0,,"En curso","7 días tras clic, 1 día tras visualización o 1 día tras visualización activa",0,ABSOLUTE_OCPM,2026-08-22T19:14:35-0300,-,-,-,"A+ - Publicos Personalizados  - Sale",,,,,,0,,,00:00:00,,,,,,,0,0,,,,,,
2026-08-18,2026-08-18,"Ad6 - Secuencia - Nueva coleccion 202666 - Copia 7",inactive,,,,"Con el presupuesto de la campaña",0,0,0,0,0,0,,"En curso","7 días tras clic, 1 día tras visualización o 1 día tras visualización activa",0,ABSOLUTE_OCPM,2026-08-24T22:24:38-0300,-,-,-,"A+ - SA - Nueva coleccion 2026",,,,,,0,,,00:00:00,,,,,,,0,0,,,,,,
2026-08-18,2026-08-18,"Ad6 - Secuencia - Nueva coleccion 202666 - Copia 5",not_delivering,,,,"Con el presupuesto de la campaña",0,4044.91,378,317,1.192429,10700.820106,,"En curso","7 días tras clic, 1 día tras visualización o 1 día tras visualización activa",0,ABSOLUTE_OCPM,2026-08-22T19:14:35-0300,-,-,-,"A+ - Publicos Personalizados  - Sale",,,,,,3.785489,13,,00:00:00,,,,,,3.439153,4.416404,5.026455,311.146923,9,3,,,
2026-08-18,2026-08-18,"Ad6 - Secuencia - Nueva coleccion 2026 - Copia 3",inactive,,,,"Con el presupuesto de la campaña",0,0,0,0,0,0,,"En curso","7 días tras clic, 1 día tras visualización o 1 día tras visualización activa",0,ABSOLUTE_OCPM,2026-08-22T19:14:35-0300,-,-,-,"A+ - Publicos Personalizados  - Sale",,,,,,0,,,00:00:00,,,,,,,0,0,,,,,,
2026-08-18,2026-08-18,"Ad6 - Secuencia - Nueva coleccion 202666 - Copia 9",active,,,,"Con el presupuesto de la campaña",0,0,0,0,0,0,,"En curso","7 días tras clic, 1 día tras visualización o 1 día tras visualización activa",0,ABSOLUTE_OCPM,2026-08-24T22:24:38-0300,-,-,-,"A+ - SA - Nueva coleccion 2026",,,,,,0,,,00:00:00,,,,,,,0,0,,,,,,
2026-08-18,2026-08-18,"Ad6 - Secuencia - Nueva coleccion 202666 - Copia 11",active,,,,"Con el presupuesto de la campaña",0,0,0,0,0,0,,"En curso","7 días tras clic, 1 día tras visualización o 1 día tras visualización activa",0,ABSOLUTE_OCPM,2026-08-24T22:24:38-0300,-,-,-,"A+ - SA - Nueva coleccion 2026",,,,,,0,,,00:00:00,,,,,,,0,0,,,,,,
2026-08-18,2026-08-18,"Ad5 - Video - Sale - Copia 3",inactive,,,,"Con el presupuesto de la campaña",0,0,0,0,0,0,,"En curso","7 días tras clic, 1 día tras visualización o 1 día tras visualización activa",0,ABSOLUTE_OCPM,2026-08-22T19:14:35-0300,-,-,-,"A+ - Publicos Personalizados  - Sale",,,,,,0,,,00:00:00,,,,,,,0,0,,,,,,
2026-08-18,2026-08-18,"Ad6 - Secuencia - Nueva coleccion 202666 - Copia 6",active,,,,"Con el presupuesto de la campaña",0,612.18,120,103,1.165049,5101.5,,"En curso","7 días tras clic, 1 día tras visualización o 1 día tras visualización activa",0,ABSOLUTE_OCPM,2026-08-24T22:24:38-0300,-,-,-,"A+ - SA - Nueva coleccion 2026",,,,,,1.941748,2,,00:00:00,,,,,,1.666667,2.912621,2.5,306.09,2,1,,,
2026-08-18,2026-08-18,"Ad6 - Secuencia - Nueva coleccion 202666 - Copia 4",inactive,,,,"Con el presupuesto de la campaña",0,19.61,2,2,1,9805,,"En curso","7 días tras clic, 1 día tras visualización o 1 día tras visualización activa",0,ABSOLUTE_OCPM,2026-08-22T19:14:35-0300,-,-,-,"A+ - Publicos Personalizados  - Sale",,,,,,0,,,00:00:00,,,,,,,0,0,,,,,,
2026-08-18,2026-08-18,"Ad6 - Video - Sale - Copia",inactive,,,,"Con el presupuesto de la campaña",0,0,0,0,0,0,,"En curso","7 días tras clic, 1 día tras visualización o 1 día tras visualización activa",0,ABSOLUTE_OCPM,2026-08-22T19:14:35-0300,-,-,-,"A+ - Publicos Personalizados  - Sale",,,,,,0,,,00:00:00,,,,,,,0,0,,,,,,
2026-08-18,2026-08-18,"Ad6 - Secuencia - Nueva coleccion 202666 - Copia 3",inactive,,,,"Con el presupuesto de la campaña",0,0,0,0,0,0,,"En curso","7 días tras clic, 1 día tras visualización o 1 día tras visualización activa",0,ABSOLUTE_OCPM,2026-08-22T19:14:35-0300,-,-,-,"A+ - Publicos Personalizados  - Sale",,,,,,0,,,00:00:00,,,,,,,0,0,,,,,,
2026-08-18,2026-08-18,"Ad6 - Secuencia - Nueva coleccion 202666 - Copia 4",inactive,,,,"Con el presupuesto de la campaña",0,0,0,0,0,0,,"En curso","7 días tras clic, 1 día tras visualización o 1 día tras visualización activa",0,ABSOLUTE_OCPM,2026-08-22T19:14:35-0300,-,-,-,"A+ - Publicos Personalizados  - Sale",,,,,,0,,,00:00:00,,,,,,,0,0,,,,,,
2026-08-18,2026-08-18,"Ad7 - Video - Sale",inactive,,,,"Con el presupuesto de la campaña",0,0,0,0,0,0,,"En curso","7 días tras clic, 1 día tras visualización o 1 día tras visualización activa",0,ABSOLUTE_OCPM,2026-08-22T19:14:35-0300,-,-,-,"A+ - Publicos Personalizados  - Sale",,,,,,0,,,00:00:00,,,,,,,0,0,,,,,,
2026-08-18,2026-08-18,"Ad6 - Secuencia - Nueva coleccion 202666 - Copia 8",active,,,,"Con el presupuesto de la campaña",0,17171.75,2221,1763,1.259784,7731.539847,,"En curso","7 días tras clic, 1 día tras visualización o 1 día tras visualización activa",0,ABSOLUTE_OCPM,2026-08-24T22:24:38-0300,-,-,-,"A+ - SA - Nueva coleccion 2026",,,,,,3.460011,73,,00:00:00,,,,,,3.286808,4.254112,4.187303,235.229452,64,3,,,
2026-08-18,2026-08-18,"Ad6 - Secuencia - Nueva coleccion 202666 - Copia 7",inactive,,,,"Con el presupuesto de la campaña",0,0,0,0,0,0,,"En curso","7 días tras clic, 1 día tras visualización o 1 día tras visualización activa",0,ABSOLUTE_OCPM,2026-08-22T19:14:35-0300,-,-,-,"A+ - Publicos Personalizados  - Sale",,,,,,0,,,00:00:00,,,,,,,0,0,,,,,,
2026-08-18,2026-08-18,"Ad6 - Video - Sale",inactive,,,,"Con el presupuesto de la campaña",0,0,0,0,0,0,,"En curso","7 días tras clic, 1 día tras visualización o 1 día tras visualización activa",0,ABSOLUTE_OCPM,2026-08-22T19:14:35-0300,-,-,-,"A+ - Publicos Personalizados  - Sale",,,,,,0,,,00:00:00,,,,,,,0,0,,,,,,
2026-08-18,2026-08-18,"Ad6 - Secuencia - Nueva coleccion 202666 - Copia 6",inactive,,,,"Con el presupuesto de la campaña",0,0,0,0,0,0,,"En curso","7 días tras clic, 1 día tras visualización o 1 día tras visualización activa",0,ABSOLUTE_OCPM,2026-08-24T22:24:38-0300,-,-,-,"A+ - SA - Nueva coleccion 2026",,,,,,0,,,00:00:00,,,,,,,0,0,,,,,,
2026-08-18,2026-08-18,"Ad6 - Secuencia - Nueva coleccion 202666 - Copia 7",inactive,,,,"Con el presupuesto de la campaña",0,0,0,0,0,0,,"En curso","7 días tras clic, 1 día tras visualización o 1 día tras visualización activa",0,ABSOLUTE_OCPM,2026-08-24T22:24:38-0300,-,-,-,"A+ - SA - Nueva coleccion 2026",,,,,,0,,,00:00:00,,,,,,,0,0,,,,,,
2026-08-18,2026-08-18,"Ad5 - Video - Sale",inactive,,,,"Con el presupuesto de la campaña",0,0,0,0,0,0,,"En curso","7 días tras clic, 1 día tras visualización o 1 día tras visualización activa",0,ABSOLUTE_OCPM,2026-08-22T19:14:35-0300,-,-,-,"A+ - Publicos Personalizados  - Sale",,,,,,0,,,00:00:00,,,,,,,0,0,,,,,,
2026-08-18,2026-08-18,"Ad6 - Secuencia - Nueva coleccion 202666 - Copia 5",not_delivering,,,,"Con el presupuesto de la campaña",0,0,0,0,0,0,,"En curso","7 días tras clic, 1 día tras visualización o 1 día tras visualización activa",0,ABSOLUTE_OCPM,2026-08-24T22:24:38-0300,-,-,-,"A+ - SA - Nueva coleccion 2026",,,,,,0,,,00:00:00,,,,,,,0,0,,,,,,
2026-08-18,2026-08-18,"Ad6 - Secuencia - Nueva coleccion 202666 - Copia 2",inactive,,,,"Con el presupuesto de la campaña",0,0,0,0,0,0,,"En curso","7 días tras clic, 1 día tras visualización o 1 día tras visualización activa",0,ABSOLUTE_OCPM,2026-08-22T19:14:35-0300,-,-,-,"A+ - Publicos Personalizados  - Sale",,,,,,0,,,00:00:00,,,,,,,0,0,,,,,,
2026-08-18,2026-08-18,"Ad2 - Video - Sale",inactive,,,,"Con el presupuesto de la campaña",0,0,0,0,0,0,,"En curso","7 días tras clic, 1 día tras visualización o 1 día tras visualización activa",0,ABSOLUTE_OCPM,2026-08-22T19:14:35-0300,-,-,-,"A+ - Publicos Personalizados  - Sale",,,,,,0,,,00:00:00,,,,,,,0,0,,,,,,
2026-08-18,2026-08-18,"Ad6 - Secuencia - Nueva coleccion 202666 - Copia 2",inactive,,,,"Con el presupuesto de la campaña",0,0,0,0,0,0,,"En curso","7 días tras clic, 1 día tras visualización o 1 día tras visualización activa",0,ABSOLUTE_OCPM,2026-08-22T19:14:35-0300,-,-,-,"A+ - Publicos Personalizados  - Sale",,,,,,0,,,00:00:00,,,,,,,0,0,,,,,,
2026-08-18,2026-08-18,"Ad6 - Secuencia - Nueva coleccion 202666 - Copia 2",inactive,,,,"Con el presupuesto de la campaña",0,18.64,9,9,1,2071.111111,,"En curso","7 días tras clic, 1 día tras visualización o 1 día tras visualización activa",0,ABSOLUTE_OCPM,2026-08-24T22:24:38-0300,-,-,-,"A+ - SA - Nueva coleccion 2026",,,,,,11.111111,2,1,6,1,1,1,1,1,22.222222,11.111111,22.222222,9.32,2,,,,
2026-08-18,2026-08-18,"Ad6 - Secuencia - Nueva coleccion 202666 - Copia 4",inactive,,,,"Con el presupuesto de la campaña",0,0,0,0,0,0,,"En curso","7 días tras clic, 1 día tras visualización o 1 día tras visualización activa",0,ABSOLUTE_OCPM,2026-08-24T22:24:38-0300,-,-,-,"A+ - SA - Nueva coleccion 2026",,,,,,0,,,00:00:00,,,,,,,0,0,,,,,,
2026-08-18,2026-08-18,"Ad6 - Secuencia - Nueva coleccion 2026 - Copia 3",active,,,,"Con el presupuesto de la campaña",0,35990.05,4612,3266,1.412125,7803.566782,,"En curso","7 días tras clic, 1 día tras visualización o 1 día tras visualización activa",0,ABSOLUTE_OCPM,2026-08-24T22:24:38-0300,-,-,-,"A+ - SA - Nueva coleccion 2026",,,,,,3.949786,155,51,2,80,45,21,13,13,3.360798,5.052051,4.921943,232.193871,136,17,1,,
2026-08-18,2026-08-18,"Ad6 - Secuencia - Nueva coleccion 202666 - Copia 4",not_delivering,,,,"Con el presupuesto de la campaña",0,0,0,0,0,0,,"En curso","7 días tras clic, 1 día tras visualización o 1 día tras visualización activa",0,ABSOLUTE_OCPM,2026-08-24T22:24:38-0300,-,-,-,"A+ - SA - Nueva coleccion 2026",,,,,,0,,,00:00:00,,,,,,,0,0,,,,,,
2026-08-18,2026-08-18,"Ad6 - Secuencia - Nueva coleccion 202666 - Copia 4",inactive,,,,"Con el presupuesto de la campaña",0,0,0,0,0,0,,"En curso","7 días tras clic, 1 día tras visualización o 1 día tras visualización activa",0,ABSOLUTE_OCPM,2026-08-22T19:14:35-0300,-,-,-,"A+ - Publicos Personalizados  - Sale",,,,,,0,,,00:00:00,,,,,,,0,0,,,,,,
2026-08-18,2026-08-18,"Ad6 - Secuencia - Nueva coleccion 202666 - Copia 3",inactive,,,,"Con el presupuesto de la campaña",0,0,0,0,0,0,,"En curso","7 días tras clic, 1 día tras visualización o 1 día tras visualización activa",0,ABSOLUTE_OCPM,2026-08-22T19:14:35-0300,-,-,-,"A+ - Publicos Personalizados  - Sale",,,,,,0,,,00:00:00,,,,,,,0,0,,,,,,
2026-08-18,2026-08-18,"Ad6 - Secuencia - Nueva coleccion 202666 - Copia 6",inactive,,,,"Con el presupuesto de la campaña",0,0,0,0,0,0,,"En curso","7 días tras clic, 1 día tras visualización o 1 día tras visualización activa",0,ABSOLUTE_OCPM,2026-08-22T19:14:35-0300,-,-,-,"A+ - Publicos Personalizados  - Sale",,,,,,0,,,00:00:00,,,,,,,0,0,,,,,,
2026-08-18,2026-08-18,"Ad6 - Secuencia - Nueva coleccion 202666 - Copia 3",inactive,,,,"Con el presupuesto de la campaña",0,0,0,0,0,0,,"En curso","7 días tras clic, 1 día tras visualización o 1 día tras visualización activa",0,ABSOLUTE_OCPM,2026-08-24T22:24:38-0300,-,-,-,"A+ - SA - Nueva coleccion 2026",,,,,,0,,,00:00:00,,,,,,,0,0,,,,,,
2026-08-18,2026-08-18,"Ad6 - Secuencia - Nueva coleccion 202666 - Copia 4",inactive,,,,"Con el presupuesto de la campaña",0,0,0,0,0,0,,"En curso","7 días tras clic, 1 día tras visualización o 1 día tras visualización activa",0,ABSOLUTE_OCPM,2026-08-22T19:14:35-0300,-,-,-,"A+ - Publicos Personalizados  - Sale",,,,,,0,,,00:00:00,,,,,,,0,0,,,,,,
2026-08-18,2026-08-18,"Ad6 - Secuencia - Nueva coleccion 202666 - Copia 2",inactive,,,,"Con el presupuesto de la campaña",0,0,0,0,0,0,,"En curso","7 días tras clic, 1 día tras visualización o 1 día tras visualización activa",0,ABSOLUTE_OCPM,2026-08-24T22:24:38-0300,-,-,-,"A+ - SA - Nueva coleccion 2026",,,,,,0,,,00:00:00,,,,,,,0,0,,,,,,
2026-08-18,2026-08-18,"Ad6 - Secuencia - Nueva coleccion 202666 - Copia 3",not_delivering,,,,"Con el presupuesto de la campaña",0,0,0,0,0,0,,"En curso","7 días tras clic, 1 día tras visualización o 1 día tras visualización activa",0,ABSOLUTE_OCPM,2026-08-22T19:14:35-0300,-,-,-,"A+ - Publicos Personalizados  - Sale",,,,,,0,,,00:00:00,,,,,,,0,0,,,,,,
2026-08-18,2026-08-18,"Ad6 - Secuencia - Nueva coleccion 2026 - Copia 4",active,,,,"Con el presupuesto de la campaña",0,0,0,0,0,0,,"En curso","7 días tras clic, 1 día tras visualización o 1 día tras visualización activa",0,ABSOLUTE_OCPM,2026-08-24T22:24:38-0300,-,-,-,"A+ - SA - Nueva coleccion 2026",,,,,,0,,,00:00:00,,,,,,,0,0,,,,,,
2026-08-18,2026-08-18,"Ad6 - Secuencia - Nueva coleccion 202666 - Copia 2",inactive,,,,"Con el presupuesto de la campaña",0,0,0,0,0,0,,"En curso","7 días tras clic, 1 día tras visualización o 1 día tras visualización activa",0,ABSOLUTE_OCPM,2026-08-22T19:14:35-0300,-,-,-,"A+ - Publicos Personalizados  - Sale",,,,,,0,,,00:00:00,,,,,,,0,0,,,,,,
2026-08-18,2026-08-18,"Ad6 - Secuencia - Nueva coleccion 202666 - Copia",inactive,,,,"Con el presupuesto de la campaña",0,1666.18,231,206,1.121359,7212.900433,,"En curso","7 días tras clic, 1 día tras visualización o 1 día tras visualización activa",0,ABSOLUTE_OCPM,2026-08-24T22:24:38-0300,-,-,-,"A+ - SA - Nueva coleccion 2026",,,,,,3.883495,9,,00:00:00,,,,,,3.896104,4.854369,5.627706,185.131111,8,8,,,
2026-08-18,2026-08-18,"Ad5 - Video - Sale - Copia 3",inactive,,,,"Con el presupuesto de la campaña",0,0,0,0,0,0,,"En curso","7 días tras clic, 1 día tras visualización o 1 día tras visualización activa",0,ABSOLUTE_OCPM,2026-08-22T19:14:35-0300,-,-,-,"A+ - Publicos Personalizados  - Sale",,,,,,0,,,00:00:00,,,,,,,0,0,,,,,,
2026-08-18,2026-08-18,"Ad6 - Secuencia - Nueva coleccion 202666 - Copia 5",not_delivering,,,,"Con el presupuesto de la campaña",0,0,0,0,0,0,,"En curso","7 días tras clic, 1 día tras visualización o 1 día tras visualización activa",0,ABSOLUTE_OCPM,2026-08-22T19:14:35-0300,-,-,-,"A+ - Publicos Personalizados  - Sale",,,,,,0,,,00:00:00,,,,,,,0,0,,,,,,
2026-08-18,2026-08-18,"Ad5 - Video - Sale - Copia 2",inactive,,,,"Con el presupuesto de la campaña",0,0,0,0,0,0,,"En curso","7 días tras clic, 1 día tras visualización o 1 día tras visualización activa",0,ABSOLUTE_OCPM,2026-08-22T19:14:35-0300,-,-,-,"A+ - Publicos Personalizados  - Sale",,,,,,0,,,00:00:00,,,,,,,0,0,,,,,,
2026-08-18,2026-08-18,"Ad6 - Secuencia - Nueva coleccion 202666 - Copia 2",inactive,,,,"Con el presupuesto de la campaña",0,0,0,0,0,0,,"En curso","7 días tras clic, 1 día tras visualización o 1 día tras visualización activa",0,ABSOLUTE_OCPM,2026-08-22T19:14:35-0300,-,-,-,"A+ - Publicos Personalizados  - Sale",,,,,,0,,,00:00:00,,,,,,,0,0,,,,,,
2026-08-18,2026-08-18,"Ad6 - Secuencia - Nueva coleccion 2026 - Copia",inactive,,,,"Con el presupuesto de la campaña",0,0,0,0,0,0,,"En curso","7 días tras clic, 1 día tras visualización o 1 día tras visualización activa",0,ABSOLUTE_OCPM,2026-08-24T22:24:38-0300,-,-,-,"A+ - SA - Nueva coleccion 2026",,,,,,0,,,00:00:00,,,,,,,0,0,,,,,,
2026-08-18,2026-08-18,"Ad6 - Secuencia - Nueva coleccion 202666 - Copia",inactive,,,,"Con el presupuesto de la campaña",0,0,0,0,0,0,,"En curso","7 días tras clic, 1 día tras visualización o 1 día tras visualización activa",0,ABSOLUTE_OCPM,2026-08-22T19:14:35-0300,-,-,-,"A+ - Publicos Personalizados  - Sale",,,,,,0,,,00:00:00,,,,,,,0,0,,,,,,
2026-08-18,2026-08-18,"Ad4 - Imagen - Sale",inactive,,,,"Con el presupuesto de la campaña",0,0,0,0,0,0,,"En curso","7 días tras clic, 1 día tras visualización o 1 día tras visualización activa",0,ABSOLUTE_OCPM,2026-08-22T19:14:35-0300,-,-,-,"A+ - Publicos Personalizados  - Sale",,,,,,0,,,00:00:00,,,,,,,0,0,,,,,,
2026-08-18,2026-08-18,"Ad6 - Secuencia - Nueva coleccion 2026 - Copia",inactive,,,,"Con el presupuesto de la campaña",0,11384.03,1378,1105,1.247059,8261.269956,,"En curso","7 días tras clic, 1 día tras visualización o 1 día tras visualización activa",0,ABSOLUTE_OCPM,2026-08-24T22:24:38-0300,-,-,-,"A+ - SA - Nueva coleccion 2026",,,,,,3.076923,43,23,3,43,18,13,7,7,3.120464,4.434389,4.78955,264.744884,36,9,3,,
2026-08-18,2026-08-18,"Ad3 - Video - Sale",inactive,,,,"Con el presupuesto de la campaña",0,0,0,0,0,0,,"En curso","7 días tras clic, 1 día tras visualización o 1 día tras visualización activa",0,ABSOLUTE_OCPM,2026-08-22T19:14:35-0300,-,-,-,"A+ - Publicos Personalizados  - Sale",,,,,,0,,,00:00:00,,,,,,,0,0,,,,,,
2026-08-18,2026-08-18,"Ad5 - Video - Sale - Copia",not_delivering,,,,"Con el presupuesto de la campaña",0,291.72,38,35,1.085714,7676.842105,,"En curso","7 días tras clic, 1 día tras visualización o 1 día tras visualización activa",0,ABSOLUTE_OCPM,2026-08-22T19:14:35-0300,-,-,-,"A+ - Publicos Personalizados  - Sale",,,,,,5.714286,2,15,49,5,3,2,2,5,5.263158,5.714286,10.526316,145.86,1,,,,
2026-08-18,2026-08-18,"Ad1 - Video - Sale",inactive,,,,"Con el presupuesto de la campaña",0,0,0,0,0,0,,"En curso","7 días tras clic, 1 día tras visualización o 1 día tras visualización activa",0,ABSOLUTE_OCPM,2026-08-22T19:14:35-0300,-,-,-,"A+ - Publicos Personalizados  - Sale",,,,,,0,,,00:00:00,,,,,,,0,0,,,,,,
2026-08-17,2026-08-17,"Ad6 - Secuencia - Nueva coleccion 202666 - Copia 2",inactive,,,,"Con el presupuesto de la campaña",0,0,0,0,0,0,,"En curso","7 días tras clic, 1 día tras visualización o 1 día tras visualización activa",0,ABSOLUTE_OCPM,2026-08-22T19:14:35-0300,-,-,-,"A+ - Publicos Personalizados  - Sale",,,,,,0,,,00:00:00,,,,,,,0,0,,,,,,
2026-08-17,2026-08-17,"Ad6 - Secuencia - Nueva coleccion 202666 - Copia 7",active,,,,"Con el presupuesto de la campaña",0,13117.73,1941,1673,1.160191,6758.23287,,"En curso","7 días tras clic, 1 día tras visualización o 1 día tras visualización activa",0,ABSOLUTE_OCPM,2026-08-24T22:24:38-0300,-,-,-,"A+ - SA - Nueva coleccion 2026",,,,,,3.34728,67,,00:00:00,,,,,,3.451829,3.945009,4.430706,195.787015,55,5,3,,
2026-08-17,2026-08-17,"Ad6 - Secuencia - Nueva coleccion 2026 - Copia 2",inactive,,,,"Con el presupuesto de la campaña",0,8941.01,910,650,1.4,9825.285714,,"En curso","7 días tras clic, 1 día tras visualización o 1 día tras visualización activa",0,ABSOLUTE_OCPM,2026-08-24T22:24:38-0300,"Por debajo del promedio - 35% de los anuncios menos relevantes",-,-,"A+ - SA - Nueva coleccion 2026",,,,,,2.461538,16,160,3,239,123,75,57,58,1.758242,3.384615,3.076923,558.813125,15,3,,,
2026-08-17,2026-08-17,"Ad6 - Secuencia - Nueva coleccion 202666 - Copia 6",inactive,,,,"Con el presupuesto de la campaña",0,0,0,0,0,0,,"En curso","7 días tras clic, 1 día tras visualización o 1 día tras visualización activa",0,ABSOLUTE_OCPM,2026-08-22T19:14:35-0300,-,-,-,"A+ - Publicos Personalizados  - Sale",,,,,,0,,,00:00:00,,,,,,,0,0,,,,,,
2026-08-17,2026-08-17,1,inactive,,,,"Con el presupuesto de la campaña",0,0,0,0,0,0,,"En curso","7 días tras clic, 1 día tras visualización o 1 día tras visualización activa",0,ABSOLUTE_OCPM,2026-08-22T19:14:35-0300,-,-,-,"A+ - Publicos Personalizados  - Sale",,,,,,0,,,00:00:00,,,,,,,0,0,,,,,,
2026-08-17,2026-08-17,"Ad3 - Angulo Producto Fit",active,,,,"Con el presupuesto de la campaña",0,0,0,0,0,0,,"En curso","7 días tras clic o 1 día tras visualización",0,ABSOLUTE_OCPM,2026-08-22T06:31:57-0300,-,-,-,"A+ - Prospecting - Angulos Nuevos (Anticipo-Viaje-Producto)",,,,,,0,,,00:00:00,,,,,,,0,0,,,,,,
2026-08-17,2026-08-17,"Ad6 - Secuencia - Nueva coleccion 202666 - Copia 3",inactive,,,,"Con el presupuesto de la campaña",0,0,0,0,0,0,,"En curso","7 días tras clic, 1 día tras visualización o 1 día tras visualización activa",0,ABSOLUTE_OCPM,2026-08-22T19:14:35-0300,-,-,-,"A+ - Publicos Personalizados  - Sale",,,,,,0,,,00:00:00,,,,,,,0,0,,,,,,
2026-08-17,2026-08-17,"Ad6 - Secuencia - Nueva coleccion 202666 - Copia 6",active,,,,"Con el presupuesto de la campaña",0,0,0,0,0,0,,"En curso","7 días tras clic, 1 día tras visualización o 1 día tras visualización activa",0,ABSOLUTE_OCPM,2026-08-24T22:24:38-0300,-,-,-,"A+ - SA - Nueva coleccion 2026",,,,,,0,,,00:00:00,,,,,,,0,0,,,,,,
2026-08-17,2026-08-17,"Ad2 - Angulo Viaje",active,,,,"Con el presupuesto de la campaña",0,0,0,0,0,0,,"En curso","7 días tras clic o 1 día tras visualización",0,ABSOLUTE_OCPM,2026-08-22T06:31:57-0300,-,-,-,"A+ - Prospecting - Angulos Nuevos (Anticipo-Viaje-Producto)",,,,,,0,,,00:00:00,,,,,,,0,0,,,,,,
2026-08-17,2026-08-17,"Secuencia imagenes 1 - Minimal SS25 - Copia 2",inactive,,,,"Con el presupuesto de la campaña",0,0,0,0,0,0,,"En curso","7 días tras clic, 1 día tras visualización o 1 día tras visualización activa",0,ABSOLUTE_OCPM,2026-08-22T19:14:35-0300,-,-,-,"A+ - Publicos Personalizados  - Sale",,,,,,0,,,00:00:00,,,,,,,0,0,,,,,,
2026-08-17,2026-08-17,"Ad6 - Secuencia - Nueva coleccion 202666 - Copia 9",active,,,,"Con el presupuesto de la campaña",0,0,0,0,0,0,,"En curso","7 días tras clic, 1 día tras visualización o 1 día tras visualización activa",0,ABSOLUTE_OCPM,2026-08-24T22:24:38-0300,-,-,-,"A+ - SA - Nueva coleccion 2026",,,,,,0,,,00:00:00,,,,,,,0,0,,,,,,
2026-08-17,2026-08-17,"Ad1 - Angulo Anticipo Temporada",active,,,,"Con el presupuesto de la campaña",0,28626.34,3311,2537,1.305085,8645.829055,,"En curso","7 días tras clic o 1 día tras visualización",0,ABSOLUTE_OCPM,2026-08-22T06:31:57-0300,Promedio,-,-,"A+ - Prospecting - Angulos Nuevos (Anticipo-Viaje-Producto)",,,,,,1.655499,48,590,2,1304,719,421,285,283,1.449713,2.719748,2.718212,596.382083,50,15,,,
2026-08-17,2026-08-17,"Ad6 - Secuencia - Nueva coleccion 2026 - Copia 3",inactive,,,,"Con el presupuesto de la campaña",0,0,0,0,0,0,,"En curso","7 días tras clic, 1 día tras visualización o 1 día tras visualización activa",0,ABSOLUTE_OCPM,2026-08-22T19:14:35-0300,-,-,-,"A+ - Publicos Personalizados  - Sale",,,,,,0,,,00:00:00,,,,,,,0,0,,,,,,
2026-08-17,2026-08-17,"Ad6 - Secuencia - Nueva coleccion 202666 - Copia 10",active,,,,"Con el presupuesto de la campaña",0,0,0,0,0,0,,"En curso","7 días tras clic, 1 día tras visualización o 1 día tras visualización activa",0,ABSOLUTE_OCPM,2026-08-24T22:24:38-0300,-,-,-,"A+ - SA - Nueva coleccion 2026",,,,,,0,,,00:00:00,,,,,,,0,0,,,,,,
2026-08-17,2026-08-17,"Ad6 - Secuencia - Nueva coleccion 202666 - Copia 12",active,,,,"Con el presupuesto de la campaña",0,0,0,0,0,0,,"En curso","7 días tras clic, 1 día tras visualización o 1 día tras visualización activa",0,ABSOLUTE_OCPM,2026-08-24T22:24:38-0300,-,-,-,"A+ - SA - Nueva coleccion 2026",,,,,,0,,,00:00:00,,,,,,,0,0,,,,,,
2026-08-17,2026-08-17,"Ad5 - Video - Sale - Copia 2",inactive,,,,"Con el presupuesto de la campaña",0,0,0,0,0,0,,"En curso","7 días tras clic, 1 día tras visualización o 1 día tras visualización activa",0,ABSOLUTE_OCPM,2026-08-22T19:14:35-0300,-,-,-,"A+ - Publicos Personalizados  - Sale",,,,,,0,,,00:00:00,,,,,,,0,0,,,,,,
2026-08-17,2026-08-17,"Ad6 - Secuencia - Nueva coleccion 202666 - Copia 7",inactive,,,,"Con el presupuesto de la campaña",0,0,0,0,0,0,,"En curso","7 días tras clic, 1 día tras visualización o 1 día tras visualización activa",0,ABSOLUTE_OCPM,2026-08-24T22:24:38-0300,-,-,-,"A+ - SA - Nueva coleccion 2026",,,,,,0,,,00:00:00,,,,,,,0,0,,,,,,
2026-08-17,2026-08-17,"Ad6 - Secuencia - Nueva coleccion 202666 - Copia 5",not_delivering,1,actions:offsite_conversion.fb_pixel_purchase,9844.73,"Con el presupuesto de la campaña",0,9844.73,569,384,1.481771,17301.810193,1,"En curso","7 días tras clic, 1 día tras visualización o 1 día tras visualización activa",0,ABSOLUTE_OCPM,2026-08-22T19:14:35-0300,-,-,-,"A+ - Publicos Personalizados  - Sale",9.158125,90159.27,90159.27,9.15812521,action_values:offsite_conversion.fb_pixel_purchase,3.125,15,,00:00:00,,,,,,2.636204,5.208333,5.799649,656.315333,19,10,1,,
2026-08-17,2026-08-17,"Ad6 - Secuencia - Nueva coleccion 2026 - Copia 3",inactive,,,,"Con el presupuesto de la campaña",0,0,0,0,0,0,,"En curso","7 días tras clic, 1 día tras visualización o 1 día tras visualización activa",0,ABSOLUTE_OCPM,2026-08-22T19:14:35-0300,-,-,-,"A+ - Publicos Personalizados  - Sale",,,,,,0,,,00:00:00,,,,,,,0,0,,,,,,
2026-08-17,2026-08-17,"Ad6 - Secuencia - Nueva coleccion 202666 - Copia 9",active,,,,"Con el presupuesto de la campaña",0,0,0,0,0,0,,"En curso","7 días tras clic, 1 día tras visualización o 1 día tras visualización activa",0,ABSOLUTE_OCPM,2026-08-24T22:24:38-0300,-,-,-,"A+ - SA - Nueva coleccion 2026",,,,,,0,,,00:00:00,,,,,,,0,0,,,,,,
2026-08-17,2026-08-17,"Ad6 - Secuencia - Nueva coleccion 202666 - Copia 11",active,,,,"Con el presupuesto de la campaña",0,0,0,0,0,0,,"En curso","7 días tras clic, 1 día tras visualización o 1 día tras visualización activa",0,ABSOLUTE_OCPM,2026-08-24T22:24:38-0300,-,-,-,"A+ - SA - Nueva coleccion 2026",,,,,,0,,,00:00:00,,,,,,,0,0,,,,,,
2026-08-17,2026-08-17,"Ad5 - Video - Sale - Copia 3",inactive,,,,"Con el presupuesto de la campaña",0,0,0,0,0,0,,"En curso","7 días tras clic, 1 día tras visualización o 1 día tras visualización activa",0,ABSOLUTE_OCPM,2026-08-22T19:14:35-0300,-,-,-,"A+ - Publicos Personalizados  - Sale",,,,,,0,,,00:00:00,,,,,,,0,0,,,,,,
2026-08-17,2026-08-17,"Ad6 - Secuencia - Nueva coleccion 202666 - Copia 6",active,,,,"Con el presupuesto de la campaña",0,2357.66,430,384,1.119792,5482.930233,,"En curso","7 días tras clic, 1 día tras visualización o 1 día tras visualización activa",0,ABSOLUTE_OCPM,2026-08-24T22:24:38-0300,-,-,-,"A+ - SA - Nueva coleccion 2026",,,,,,2.34375,11,,00:00:00,,,,,,2.55814,3.125,3.488372,214.332727,10,,,,
2026-08-17,2026-08-17,"Ad6 - Secuencia - Nueva coleccion 202666 - Copia 4",inactive,,,,"Con el presupuesto de la campaña",0,0,0,0,0,0,,"En curso","7 días tras clic, 1 día tras visualización o 1 día tras visualización activa",0,ABSOLUTE_OCPM,2026-08-22T19:14:35-0300,-,-,-,"A+ - Publicos Personalizados  - Sale",,,,,,0,,,00:00:00,,,,,,,0,0,,,,,,
2026-08-17,2026-08-17,"Ad6 - Video - Sale - Copia",inactive,,,,"Con el presupuesto de la campaña",0,0,0,0,0,0,,"En curso","7 días tras clic, 1 día tras visualización o 1 día tras visualización activa",0,ABSOLUTE_OCPM,2026-08-22T19:14:35-0300,-,-,-,"A+ - Publicos Personalizados  - Sale",,,,,,0,,,00:00:00,,,,,,,0,0,,,,,,
2026-08-17,2026-08-17,"Ad6 - Secuencia - Nueva coleccion 202666 - Copia 3",inactive,,,,"Con el presupuesto de la campaña",0,0,0,0,0,0,,"En curso","7 días tras clic, 1 día tras visualización o 1 día tras visualización activa",0,ABSOLUTE_OCPM,2026-08-22T19:14:35-0300,-,-,-,"A+ - Publicos Personalizados  - Sale",,,,,,0,,,00:00:00,,,,,,,0,0,,,,,,
2026-08-17,2026-08-17,"Ad6 - Secuencia - Nueva coleccion 202666 - Copia 4",inactive,,,,"Con el presupuesto de la campaña",0,0,0,0,0,0,,"En curso","7 días tras clic, 1 día tras visualización o 1 día tras visualización activa",0,ABSOLUTE_OCPM,2026-08-22T19:14:35-0300,-,-,-,"A+ - Publicos Personalizados  - Sale",,,,,,0,,,00:00:00,,,,,,,0,0,,,,,,
2026-08-17,2026-08-17,"Ad7 - Video - Sale",inactive,,,,"Con el presupuesto de la campaña",0,0,0,0,0,0,,"En curso","7 días tras clic, 1 día tras visualización o 1 día tras visualización activa",0,ABSOLUTE_OCPM,2026-08-22T19:14:35-0300,-,-,-,"A+ - Publicos Personalizados  - Sale",,,,,,0,,,00:00:00,,,,,,,0,0,,,,,,
2026-08-17,2026-08-17,"Ad6 - Secuencia - Nueva coleccion 202666 - Copia 8",active,,,,"Con el presupuesto de la campaña",0,8152.05,988,795,1.242767,8251.062753,,"En curso","7 días tras clic, 1 día tras visualización o 1 día tras visualización activa",0,ABSOLUTE_OCPM,2026-08-24T22:24:38-0300,-,-,-,"A+ - SA - Nueva coleccion 2026",,,,,,2.641509,26,,00:00:00,,,,,,2.631579,3.647799,3.846154,313.540385,33,4,,,
2026-08-17,2026-08-17,"Ad6 - Secuencia - Nueva coleccion 202666 - Copia 7",inactive,,,,"Con el presupuesto de la campaña",0,0,0,0,0,0,,"En curso","7 días tras clic, 1 día tras visualización o 1 día tras visualización activa",0,ABSOLUTE_OCPM,2026-08-22T19:14:35-0300,-,-,-,"A+ - Publicos Personalizados  - Sale",,,,,,0,,,00:00:00,,,,,,,0,0,,,,,,
2026-08-17,2026-08-17,"Ad6 - Video - Sale",inactive,,,,"Con el presupuesto de la campaña",0,0,0,0,0,0,,"En curso","7 días tras clic, 1 día tras visualización o 1 día tras visualización activa",0,ABSOLUTE_OCPM,2026-08-22T19:14:35-0300,-,-,-,"A+ - Publicos Personalizados  - Sale",,,,,,0,,,00:00:00,,,,,,,0,0,,,,,,
2026-08-17,2026-08-17,"Ad6 - Secuencia - Nueva coleccion 202666 - Copia 6",inactive,,,,"Con el presupuesto de la campaña",0,0,0,0,0,0,,"En curso","7 días tras clic, 1 día tras visualización o 1 día tras visualización activa",0,ABSOLUTE_OCPM,2026-08-24T22:24:38-0300,-,-,-,"A+ - SA - Nueva coleccion 2026",,,,,,0,,,00:00:00,,,,,,,0,0,,,,,,
2026-08-17,2026-08-17,"Ad6 - Secuencia - Nueva coleccion 202666 - Copia 7",inactive,,,,"Con el presupuesto de la campaña",0,0,0,0,0,0,,"En curso","7 días tras clic, 1 día tras visualización o 1 día tras visualización activa",0,ABSOLUTE_OCPM,2026-08-24T22:24:38-0300,-,-,-,"A+ - SA - Nueva coleccion 2026",,,,,,0,,,00:00:00,,,,,,,0,0,,,,,,
2026-08-17,2026-08-17,"Ad5 - Video - Sale",inactive,,,,"Con el presupuesto de la campaña",0,0,0,0,0,0,,"En curso","7 días tras clic, 1 día tras visualización o 1 día tras visualización activa",0,ABSOLUTE_OCPM,2026-08-22T19:14:35-0300,-,-,-,"A+ - Publicos Personalizados  - Sale",,,,,,0,,,00:00:00,,,,,,,0,0,,,,,,
2026-08-17,2026-08-17,"Ad6 - Secuencia - Nueva coleccion 202666 - Copia 5",not_delivering,,,,"Con el presupuesto de la campaña",0,0,0,0,0,0,,"En curso","7 días tras clic, 1 día tras visualización o 1 día tras visualización activa",0,ABSOLUTE_OCPM,2026-08-24T22:24:38-0300,-,-,-,"A+ - SA - Nueva coleccion 2026",,,,,,0,,,00:00:00,,,,,,,0,0,,,,,,
2026-08-17,2026-08-17,"Ad6 - Secuencia - Nueva coleccion 202666 - Copia 2",inactive,,,,"Con el presupuesto de la campaña",0,0,0,0,0,0,,"En curso","7 días tras clic, 1 día tras visualización o 1 día tras visualización activa",0,ABSOLUTE_OCPM,2026-08-22T19:14:35-0300,-,-,-,"A+ - Publicos Personalizados  - Sale",,,,,,0,,,00:00:00,,,,,,,0,0,,,,,,
2026-08-17,2026-08-17,"Ad2 - Video - Sale",inactive,,,,"Con el presupuesto de la campaña",0,0,0,0,0,0,,"En curso","7 días tras clic, 1 día tras visualización o 1 día tras visualización activa",0,ABSOLUTE_OCPM,2026-08-22T19:14:35-0300,-,-,-,"A+ - Publicos Personalizados  - Sale",,,,,,0,,,00:00:00,,,,,,,0,0,,,,,,
2026-08-17,2026-08-17,"Ad6 - Secuencia - Nueva coleccion 202666 - Copia 2",inactive,,,,"Con el presupuesto de la campaña",0,0,0,0,0,0,,"En curso","7 días tras clic, 1 día tras visualización o 1 día tras visualización activa",0,ABSOLUTE_OCPM,2026-08-22T19:14:35-0300,-,-,-,"A+ - Publicos Personalizados  - Sale",,,,,,0,,,00:00:00,,,,,,,0,0,,,,,,
2026-08-17,2026-08-17,"Ad6 - Secuencia - Nueva coleccion 202666 - Copia 2",inactive,,,,"Con el presupuesto de la campaña",0,49.8,14,14,1,3557.142857,,"En curso","7 días tras clic, 1 día tras visualización o 1 día tras visualización activa",0,ABSOLUTE_OCPM,2026-08-24T22:24:38-0300,-,-,-,"A+ - SA - Nueva coleccion 2026",,,,,,7.142857,1,,1,1,,,,,7.142857,7.142857,7.142857,49.8,1,,,,
2026-08-17,2026-08-17,"Ad6 - Secuencia - Nueva coleccion 202666 - Copia 4",inactive,,,,"Con el presupuesto de la campaña",0,0,0,0,0,0,,"En curso","7 días tras clic, 1 día tras visualización o 1 día tras visualización activa",0,ABSOLUTE_OCPM,2026-08-24T22:24:38-0300,-,-,-,"A+ - SA - Nueva coleccion 2026",,,,,,0,,,00:00:00,,,,,,,0,0,,,,,,
2026-08-17,2026-08-17,"Ad6 - Secuencia - Nueva coleccion 2026 - Copia 3",active,1,actions:offsite_conversion.fb_pixel_purchase,3505.8,"Con el presupuesto de la campaña",0,3505.8,283,251,1.12749,12387.985866,1,"En curso","7 días tras clic, 1 día tras visualización o 1 día tras visualización activa",0,ABSOLUTE_OCPM,2026-08-24T22:24:38-0300,-,-,-,"A+ - SA - Nueva coleccion 2026",24.417548,85603.04,85603.04,24.41754806,action_values:offsite_conversion.fb_pixel_purchase,3.585657,10,5,6,7,3,3,2,3,3.533569,3.984064,4.946996,350.58,8,5,2,,
2026-08-17,2026-08-17,"Ad6 - Secuencia - Nueva coleccion 202666 - Copia 4",not_delivering,,,,"Con el presupuesto de la campaña",0,0,0,0,0,0,,"En curso","7 días tras clic, 1 día tras visualización o 1 día tras visualización activa",0,ABSOLUTE_OCPM,2026-08-24T22:24:38-0300,-,-,-,"A+ - SA - Nueva coleccion 2026",,,,,,0,,,00:00:00,,,,,,,0,0,,,,,,
2026-08-17,2026-08-17,"Ad6 - Secuencia - Nueva coleccion 202666 - Copia 4",inactive,,,,"Con el presupuesto de la campaña",0,0,0,0,0,0,,"En curso","7 días tras clic, 1 día tras visualización o 1 día tras visualización activa",0,ABSOLUTE_OCPM,2026-08-22T19:14:35-0300,-,-,-,"A+ - Publicos Personalizados  - Sale",,,,,,0,,,00:00:00,,,,,,,0,0,,,,,,
2026-08-17,2026-08-17,"Ad6 - Secuencia - Nueva coleccion 202666 - Copia 3",inactive,,,,"Con el presupuesto de la campaña",0,0,0,0,0,0,,"En curso","7 días tras clic, 1 día tras visualización o 1 día tras visualización activa",0,ABSOLUTE_OCPM,2026-08-22T19:14:35-0300,-,-,-,"A+ - Publicos Personalizados  - Sale",,,,,,0,,,00:00:00,,,,,,,0,0,,,,,,
2026-08-17,2026-08-17,"Ad6 - Secuencia - Nueva coleccion 202666 - Copia 6",inactive,,,,"Con el presupuesto de la campaña",0,0,0,0,0,0,,"En curso","7 días tras clic, 1 día tras visualización o 1 día tras visualización activa",0,ABSOLUTE_OCPM,2026-08-22T19:14:35-0300,-,-,-,"A+ - Publicos Personalizados  - Sale",,,,,,0,,,00:00:00,,,,,,,0,0,,,,,,
2026-08-17,2026-08-17,"Ad6 - Secuencia - Nueva coleccion 202666 - Copia 3",inactive,,,,"Con el presupuesto de la campaña",0,0,0,0,0,0,,"En curso","7 días tras clic, 1 día tras visualización o 1 día tras visualización activa",0,ABSOLUTE_OCPM,2026-08-24T22:24:38-0300,-,-,-,"A+ - SA - Nueva coleccion 2026",,,,,,0,,,00:00:00,,,,,,,0,0,,,,,,
2026-08-17,2026-08-17,"Ad6 - Secuencia - Nueva coleccion 202666 - Copia 4",inactive,,,,"Con el presupuesto de la campaña",0,0,0,0,0,0,,"En curso","7 días tras clic, 1 día tras visualización o 1 día tras visualización activa",0,ABSOLUTE_OCPM,2026-08-22T19:14:35-0300,-,-,-,"A+ - Publicos Personalizados  - Sale",,,,,,0,,,00:00:00,,,,,,,0,0,,,,,,
2026-08-17,2026-08-17,"Ad6 - Secuencia - Nueva coleccion 202666 - Copia 2",inactive,,,,"Con el presupuesto de la campaña",0,0,0,0,0,0,,"En curso","7 días tras clic, 1 día tras visualización o 1 día tras visualización activa",0,ABSOLUTE_OCPM,2026-08-24T22:24:38-0300,-,-,-,"A+ - SA - Nueva coleccion 2026",,,,,,0,,,00:00:00,,,,,,,0,0,,,,,,
2026-08-17,2026-08-17,"Ad6 - Secuencia - Nueva coleccion 202666 - Copia 3",not_delivering,,,,"Con el presupuesto de la campaña",0,0,0,0,0,0,,"En curso","7 días tras clic, 1 día tras visualización o 1 día tras visualización activa",0,ABSOLUTE_OCPM,2026-08-22T19:14:35-0300,-,-,-,"A+ - Publicos Personalizados  - Sale",,,,,,0,,,00:00:00,,,,,,,0,0,,,,,,
2026-08-17,2026-08-17,"Ad6 - Secuencia - Nueva coleccion 2026 - Copia 4",active,,,,"Con el presupuesto de la campaña",0,2.56,1,1,1,2560,,"En curso","7 días tras clic, 1 día tras visualización o 1 día tras visualización activa",0,ABSOLUTE_OCPM,2026-08-24T22:24:38-0300,-,-,-,"A+ - SA - Nueva coleccion 2026",,,,,,0,,,00:00:00,,,,,,,0,0,,,,,,
2026-08-17,2026-08-17,"Ad6 - Secuencia - Nueva coleccion 202666 - Copia 2",inactive,,,,"Con el presupuesto de la campaña",0,0,0,0,0,0,,"En curso","7 días tras clic, 1 día tras visualización o 1 día tras visualización activa",0,ABSOLUTE_OCPM,2026-08-22T19:14:35-0300,-,-,-,"A+ - Publicos Personalizados  - Sale",,,,,,0,,,00:00:00,,,,,,,0,0,,,,,,
2026-08-17,2026-08-17,"Ad6 - Secuencia - Nueva coleccion 202666 - Copia",inactive,,,,"Con el presupuesto de la campaña",0,0,0,0,0,0,,"En curso","7 días tras clic, 1 día tras visualización o 1 día tras visualización activa",0,ABSOLUTE_OCPM,2026-08-24T22:24:38-0300,-,-,-,"A+ - SA - Nueva coleccion 2026",,,,,,0,,,00:00:00,,,,,,,0,0,,,,,,
2026-08-17,2026-08-17,"Ad5 - Video - Sale - Copia 3",inactive,,,,"Con el presupuesto de la campaña",0,0,0,0,0,0,,"En curso","7 días tras clic, 1 día tras visualización o 1 día tras visualización activa",0,ABSOLUTE_OCPM,2026-08-22T19:14:35-0300,-,-,-,"A+ - Publicos Personalizados  - Sale",,,,,,0,,,00:00:00,,,,,,,0,0,,,,,,
2026-08-17,2026-08-17,"Ad6 - Secuencia - Nueva coleccion 202666 - Copia 5",not_delivering,,,,"Con el presupuesto de la campaña",0,0,0,0,0,0,,"En curso","7 días tras clic, 1 día tras visualización o 1 día tras visualización activa",0,ABSOLUTE_OCPM,2026-08-22T19:14:35-0300,-,-,-,"A+ - Publicos Personalizados  - Sale",,,,,,0,,,00:00:00,,,,,,,0,0,,,,,,
2026-08-17,2026-08-17,"Ad5 - Video - Sale - Copia 2",inactive,,,,"Con el presupuesto de la campaña",0,0,0,0,0,0,,"En curso","7 días tras clic, 1 día tras visualización o 1 día tras visualización activa",0,ABSOLUTE_OCPM,2026-08-22T19:14:35-0300,-,-,-,"A+ - Publicos Personalizados  - Sale",,,,,,0,,,00:00:00,,,,,,,0,0,,,,,,
2026-08-17,2026-08-17,"Ad6 - Secuencia - Nueva coleccion 202666 - Copia 2",inactive,,,,"Con el presupuesto de la campaña",0,0,0,0,0,0,,"En curso","7 días tras clic, 1 día tras visualización o 1 día tras visualización activa",0,ABSOLUTE_OCPM,2026-08-22T19:14:35-0300,-,-,-,"A+ - Publicos Personalizados  - Sale",,,,,,0,,,00:00:00,,,,,,,0,0,,,,,,
2026-08-17,2026-08-17,"Ad6 - Secuencia - Nueva coleccion 2026 - Copia",inactive,,,,"Con el presupuesto de la campaña",0,19.93,6,6,1,3321.666667,,"En curso","7 días tras clic, 1 día tras visualización o 1 día tras visualización activa",0,ABSOLUTE_OCPM,2026-08-24T22:24:38-0300,-,-,-,"A+ - SA - Nueva coleccion 2026",,,,,,0,,,1,,,,,,,0,0,,,,,,
2026-08-17,2026-08-17,"Ad6 - Secuencia - Nueva coleccion 202666 - Copia",inactive,,,,"Con el presupuesto de la campaña",0,0,0,0,0,0,,"En curso","7 días tras clic, 1 día tras visualización o 1 día tras visualización activa",0,ABSOLUTE_OCPM,2026-08-22T19:14:35-0300,-,-,-,"A+ - Publicos Personalizados  - Sale",,,,,,0,,,00:00:00,,,,,,,0,0,,,,,,
2026-08-17,2026-08-17,"Ad4 - Imagen - Sale",inactive,,,,"Con el presupuesto de la campaña",0,0,0,0,0,0,,"En curso","7 días tras clic, 1 día tras visualización o 1 día tras visualización activa",0,ABSOLUTE_OCPM,2026-08-22T19:14:35-0300,-,-,-,"A+ - Publicos Personalizados  - Sale",,,,,,0,,,00:00:00,,,,,,,0,0,,,,,,
2026-08-17,2026-08-17,"Ad6 - Secuencia - Nueva coleccion 2026 - Copia",inactive,,,,"Con el presupuesto de la campaña",0,0,0,0,0,0,,"En curso","7 días tras clic, 1 día tras visualización o 1 día tras visualización activa",0,ABSOLUTE_OCPM,2026-08-24T22:24:38-0300,-,-,-,"A+ - SA - Nueva coleccion 2026",,,,,,0,,,00:00:00,,,,,,,0,0,,,,,,
2026-08-17,2026-08-17,"Ad3 - Video - Sale",inactive,,,,"Con el presupuesto de la campaña",0,0,0,0,0,0,,"En curso","7 días tras clic, 1 día tras visualización o 1 día tras visualización activa",0,ABSOLUTE_OCPM,2026-08-22T19:14:35-0300,-,-,-,"A+ - Publicos Personalizados  - Sale",,,,,,0,,,00:00:00,,,,,,,0,0,,,,,,
2026-08-17,2026-08-17,"Ad5 - Video - Sale - Copia",not_delivering,,,,"Con el presupuesto de la campaña",0,0,0,0,0,0,,"En curso","7 días tras clic, 1 día tras visualización o 1 día tras visualización activa",0,ABSOLUTE_OCPM,2026-08-22T19:14:35-0300,-,-,-,"A+ - Publicos Personalizados  - Sale",,,,,,0,,,00:00:00,,,,,,,0,0,,,,,,
2026-08-17,2026-08-17,"Ad1 - Video - Sale",inactive,,,,"Con el presupuesto de la campaña",0,0,0,0,0,0,,"En curso","7 días tras clic, 1 día tras visualización o 1 día tras visualización activa",0,ABSOLUTE_OCPM,2026-08-22T19:14:35-0300,-,-,-,"A+ - Publicos Personalizados  - Sale",,,,,,0,,,00:00:00,,,,,,,0,0,,,,,,
2026-08-16,2026-08-16,"Ad6 - Secuencia - Nueva coleccion 202666 - Copia 2",inactive,,,,"Con el presupuesto de la campaña",0,0,0,0,0,0,,"En curso","7 días tras clic, 1 día tras visualización o 1 día tras visualización activa",0,ABSOLUTE_OCPM,2026-08-22T19:14:35-0300,-,-,-,"A+ - Publicos Personalizados  - Sale",,,,,,0,,,00:00:00,,,,,,,0,0,,,,,,
2026-08-16,2026-08-16,"Ad6 - Secuencia - Nueva coleccion 202666 - Copia 7",active,1,actions:offsite_conversion.fb_pixel_purchase,45445.85,"Con el presupuesto de la campaña",0,45445.85,8017,6044,1.326439,5668.685294,1,"En curso","7 días tras clic, 1 día tras visualización o 1 día tras visualización activa",0,ABSOLUTE_OCPM,2026-08-24T22:24:38-0300,Promedio,-,-,"A+ - SA - Nueva coleccion 2026",2.804284,127443.09,127443.09,2.80428444,action_values:offsite_conversion.fb_pixel_purchase,2.97816,209,,00:00:00,,,,,,2.60696,3.739246,3.629787,217.444258,174,31,4,,
2026-08-16,2026-08-16,"Ad6 - Secuencia - Nueva coleccion 2026 - Copia 2",inactive,,,,"Con el presupuesto de la campaña",0,9445.78,1428,945,1.511111,6614.691877,,"En curso","7 días tras clic, 1 día tras visualización o 1 día tras visualización activa",0,ABSOLUTE_OCPM,2026-08-24T22:24:38-0300,Promedio,-,-,"A+ - SA - Nueva coleccion 2026",,,,,,2.328042,23,323,3,465,239,147,99,100,1.610644,2.857143,2.731092,410.686087,25,9,,,
2026-08-16,2026-08-16,"Ad6 - Secuencia - Nueva coleccion 202666 - Copia 6",inactive,,,,"Con el presupuesto de la campaña",0,0,0,0,0,0,,"En curso","7 días tras clic, 1 día tras visualización o 1 día tras visualización activa",0,ABSOLUTE_OCPM,2026-08-22T19:14:35-0300,-,-,-,"A+ - Publicos Personalizados  - Sale",,,,,,0,,,00:00:00,,,,,,,0,0,,,,,,
2026-08-16,2026-08-16,1,inactive,,,,"Con el presupuesto de la campaña",0,0,0,0,0,0,,"En curso","7 días tras clic, 1 día tras visualización o 1 día tras visualización activa",0,ABSOLUTE_OCPM,2026-08-22T19:14:35-0300,-,-,-,"A+ - Publicos Personalizados  - Sale",,,,,,0,,,00:00:00,,,,,,,0,0,,,,,,
2026-08-16,2026-08-16,"Ad3 - Angulo Producto Fit",active,,,,"Con el presupuesto de la campaña",0,82.8,11,10,1.1,7527.272727,,"En curso","7 días tras clic o 1 día tras visualización",0,ABSOLUTE_OCPM,2026-08-22T06:31:57-0300,-,-,-,"A+ - Prospecting - Angulos Nuevos (Anticipo-Viaje-Producto)",,,,,,0,,1,1,3,2,1,1,1,,0,0,,,,,,
2026-08-16,2026-08-16,"Ad6 - Secuencia - Nueva coleccion 202666 - Copia 3",inactive,,,,"Con el presupuesto de la campaña",0,0,0,0,0,0,,"En curso","7 días tras clic, 1 día tras visualización o 1 día tras visualización activa",0,ABSOLUTE_OCPM,2026-08-22T19:14:35-0300,-,-,-,"A+ - Publicos Personalizados  - Sale",,,,,,0,,,00:00:00,,,,,,,0,0,,,,,,
2026-08-16,2026-08-16,"Ad6 - Secuencia - Nueva coleccion 202666 - Copia 6",active,,,,"Con el presupuesto de la campaña",0,0,0,0,0,0,,"En curso","7 días tras clic, 1 día tras visualización o 1 día tras visualización activa",0,ABSOLUTE_OCPM,2026-08-24T22:24:38-0300,-,-,-,"A+ - SA - Nueva coleccion 2026",,,,,,0,,,00:00:00,,,,,,,0,0,,,,,,
2026-08-16,2026-08-16,"Ad2 - Angulo Viaje",active,,,,"Con el presupuesto de la campaña",0,323.45,53,52,1.019231,6102.830189,,"En curso","7 días tras clic o 1 día tras visualización",0,ABSOLUTE_OCPM,2026-08-22T06:31:57-0300,-,-,-,"A+ - Prospecting - Angulos Nuevos (Anticipo-Viaje-Producto)",,,,,,1.923077,2,9,2,9,1,1,1,1,3.773585,1.923077,5.660377,161.725,2,4,,,
2026-08-16,2026-08-16,"Secuencia imagenes 1 - Minimal SS25 - Copia 2",inactive,,,,"Con el presupuesto de la campaña",0,0,0,0,0,0,,"En curso","7 días tras clic, 1 día tras visualización o 1 día tras visualización activa",0,ABSOLUTE_OCPM,2026-08-22T19:14:35-0300,-,-,-,"A+ - Publicos Personalizados  - Sale",,,,,,0,,,00:00:00,,,,,,,0,0,,,,,,
2026-08-16,2026-08-16,"Ad6 - Secuencia - Nueva coleccion 202666 - Copia 9",active,,,,"Con el presupuesto de la campaña",0,586.37,72,62,1.16129,8144.027778,,"En curso","7 días tras clic, 1 día tras visualización o 1 día tras visualización activa",0,ABSOLUTE_OCPM,2026-08-24T22:24:38-0300,-,-,-,"A+ - SA - Nueva coleccion 2026",,,,,,1.612903,1,,00:00:00,,,,,,1.388889,4.83871,4.166667,586.37,,,,,
2026-08-16,2026-08-16,"Ad1 - Angulo Anticipo Temporada",active,1,actions:offsite_conversion.fb_pixel_purchase,32192.31,"Con el presupuesto de la campaña",0,32192.31,3710,2951,1.257201,8677.172507,1,"En curso","7 días tras clic o 1 día tras visualización",0,ABSOLUTE_OCPM,2026-08-22T06:31:57-0300,Promedio,-,-,"A+ - Prospecting - Angulos Nuevos (Anticipo-Viaje-Producto)",4.042868,130149.27,130149.27,4.04286831,action_values:offsite_conversion.fb_pixel_purchase,2.202643,70,637,2,1436,759,440,315,316,1.886792,2.812606,2.938005,459.890143,68,10,3,,
2026-08-16,2026-08-16,"Ad6 - Secuencia - Nueva coleccion 2026 - Copia 3",inactive,,,,"Con el presupuesto de la campaña",0,0,0,0,0,0,,"En curso","7 días tras clic, 1 día tras visualización o 1 día tras visualización activa",0,ABSOLUTE_OCPM,2026-08-22T19:14:35-0300,-,-,-,"A+ - Publicos Personalizados  - Sale",,,,,,0,,,00:00:00,,,,,,,0,0,,,,,,
2026-08-16,2026-08-16,"Ad6 - Secuencia - Nueva coleccion 202666 - Copia 10",active,,,,"Con el presupuesto de la campaña",0,0,0,0,0,0,,"En curso","7 días tras clic, 1 día tras visualización o 1 día tras visualización activa",0,ABSOLUTE_OCPM,2026-08-24T22:24:38-0300,-,-,-,"A+ - SA - Nueva coleccion 2026",,,,,,0,,,00:00:00,,,,,,,0,0,,,,,,
2026-08-16,2026-08-16,"Ad6 - Secuencia - Nueva coleccion 202666 - Copia 12",active,,,,"Con el presupuesto de la campaña",0,0,0,0,0,0,,"En curso","7 días tras clic, 1 día tras visualización o 1 día tras visualización activa",0,ABSOLUTE_OCPM,2026-08-24T22:24:38-0300,-,-,-,"A+ - SA - Nueva coleccion 2026",,,,,,0,,,00:00:00,,,,,,,0,0,,,,,,
2026-08-16,2026-08-16,"Ad5 - Video - Sale - Copia 2",inactive,,,,"Con el presupuesto de la campaña",0,0,0,0,0,0,,"En curso","7 días tras clic, 1 día tras visualización o 1 día tras visualización activa",0,ABSOLUTE_OCPM,2026-08-22T19:14:35-0300,-,-,-,"A+ - Publicos Personalizados  - Sale",,,,,,0,,,00:00:00,,,,,,,0,0,,,,,,
2026-08-16,2026-08-16,"Ad6 - Secuencia - Nueva coleccion 202666 - Copia 7",inactive,,,,"Con el presupuesto de la campaña",0,0,0,0,0,0,,"En curso","7 días tras clic, 1 día tras visualización o 1 día tras visualización activa",0,ABSOLUTE_OCPM,2026-08-24T22:24:38-0300,-,-,-,"A+ - SA - Nueva coleccion 2026",,,,,,0,,,00:00:00,,,,,,,0,0,,,,,,
2026-08-16,2026-08-16,"Ad6 - Secuencia - Nueva coleccion 202666 - Copia 5",not_delivering,,,,"Con el presupuesto de la campaña",0,12665.1,1351,1133,1.19241,9374.611399,,"En curso","7 días tras clic, 1 día tras visualización o 1 día tras visualización activa",0,ABSOLUTE_OCPM,2026-08-22T19:14:35-0300,-,-,-,"A+ - Publicos Personalizados  - Sale",,,,,,3.353928,49,,00:00:00,,,,,,3.626943,4.148279,4.88527,258.471429,59,5,1,,
2026-08-16,2026-08-16,"Ad6 - Secuencia - Nueva coleccion 2026 - Copia 3",inactive,,,,"Con el presupuesto de la campaña",0,0,0,0,0,0,,"En curso","7 días tras clic, 1 día tras visualización o 1 día tras visualización activa",0,ABSOLUTE_OCPM,2026-08-22T19:14:35-0300,-,-,-,"A+ - Publicos Personalizados  - Sale",,,,,,0,,,00:00:00,,,,,,,0,0,,,,,,
2026-08-16,2026-08-16,"Ad6 - Secuencia - Nueva coleccion 202666 - Copia 9",active,,,,"Con el presupuesto de la campaña",0,1.89,2,2,1,945,,"En curso","7 días tras clic, 1 día tras visualización o 1 día tras visualización activa",0,ABSOLUTE_OCPM,2026-08-24T22:24:38-0300,-,-,-,"A+ - SA - Nueva coleccion 2026",,,,,,0,,,00:00:00,,,,,,,0,0,,,,,,
2026-08-16,2026-08-16,"Ad6 - Secuencia - Nueva coleccion 202666 - Copia 11",active,,,,"Con el presupuesto de la campaña",0,1485.21,218,206,1.058252,6812.889908,,"En curso","7 días tras clic, 1 día tras visualización o 1 día tras visualización activa",0,ABSOLUTE_OCPM,2026-08-24T22:24:38-0300,-,-,-,"A+ - SA - Nueva coleccion 2026",,,,,,1.941748,4,,2,1,,,,,1.834862,2.912621,2.752294,371.3025,2,,,,
2026-08-16,2026-08-16,"Ad5 - Video - Sale - Copia 3",inactive,,,,"Con el presupuesto de la campaña",0,0,0,0,0,0,,"En curso","7 días tras clic, 1 día tras visualización o 1 día tras visualización activa",0,ABSOLUTE_OCPM,2026-08-22T19:14:35-0300,-,-,-,"A+ - Publicos Personalizados  - Sale",,,,,,0,,,00:00:00,,,,,,,0,0,,,,,,
2026-08-16,2026-08-16,"Ad6 - Secuencia - Nueva coleccion 202666 - Copia 6",active,,,,"Con el presupuesto de la campaña",0,0,0,0,0,0,,"En curso","7 días tras clic, 1 día tras visualización o 1 día tras visualización activa",0,ABSOLUTE_OCPM,2026-08-24T22:24:38-0300,-,-,-,"A+ - SA - Nueva coleccion 2026",,,,,,0,,,00:00:00,,,,,,,0,0,,,,,,
2026-08-16,2026-08-16,"Ad6 - Secuencia - Nueva coleccion 202666 - Copia 4",inactive,,,,"Con el presupuesto de la campaña",0,0,0,0,0,0,,"En curso","7 días tras clic, 1 día tras visualización o 1 día tras visualización activa",0,ABSOLUTE_OCPM,2026-08-22T19:14:35-0300,-,-,-,"A+ - Publicos Personalizados  - Sale",,,,,,0,,,00:00:00,,,,,,,0,0,,,,,,
2026-08-16,2026-08-16,"Ad6 - Video - Sale - Copia",inactive,,,,"Con el presupuesto de la campaña",0,0,0,0,0,0,,"En curso","7 días tras clic, 1 día tras visualización o 1 día tras visualización activa",0,ABSOLUTE_OCPM,2026-08-22T19:14:35-0300,-,-,-,"A+ - Publicos Personalizados  - Sale",,,,,,0,,,00:00:00,,,,,,,0,0,,,,,,
2026-08-16,2026-08-16,"Ad6 - Secuencia - Nueva coleccion 202666 - Copia 3",inactive,,,,"Con el presupuesto de la campaña",0,0,0,0,0,0,,"En curso","7 días tras clic, 1 día tras visualización o 1 día tras visualización activa",0,ABSOLUTE_OCPM,2026-08-22T19:14:35-0300,-,-,-,"A+ - Publicos Personalizados  - Sale",,,,,,0,,,00:00:00,,,,,,,0,0,,,,,,
2026-08-16,2026-08-16,"Ad6 - Secuencia - Nueva coleccion 202666 - Copia 4",inactive,,,,"Con el presupuesto de la campaña",0,0,0,0,0,0,,"En curso","7 días tras clic, 1 día tras visualización o 1 día tras visualización activa",0,ABSOLUTE_OCPM,2026-08-22T19:14:35-0300,-,-,-,"A+ - Publicos Personalizados  - Sale",,,,,,0,,,00:00:00,,,,,,,0,0,,,,,,
2026-08-16,2026-08-16,"Ad7 - Video - Sale",inactive,,,,"Con el presupuesto de la campaña",0,0,0,0,0,0,,"En curso","7 días tras clic, 1 día tras visualización o 1 día tras visualización activa",0,ABSOLUTE_OCPM,2026-08-22T19:14:35-0300,-,-,-,"A+ - Publicos Personalizados  - Sale",,,,,,0,,,00:00:00,,,,,,,0,0,,,,,,
2026-08-16,2026-08-16,"Ad6 - Secuencia - Nueva coleccion 202666 - Copia 8",active,,,,"Con el presupuesto de la campaña",0,10791.02,1601,1378,1.161829,6740.174891,,"En curso","7 días tras clic, 1 día tras visualización o 1 día tras visualización activa",0,ABSOLUTE_OCPM,2026-08-24T22:24:38-0300,-,-,-,"A+ - SA - Nueva coleccion 2026",,,,,,2.75762,41,,00:00:00,,,,,,2.560899,3.628447,3.622736,263.19561,32,12,,,
2026-08-16,2026-08-16,"Ad6 - Secuencia - Nueva coleccion 202666 - Copia 7",inactive,,,,"Con el presupuesto de la campaña",0,0,0,0,0,0,,"En curso","7 días tras clic, 1 día tras visualización o 1 día tras visualización activa",0,ABSOLUTE_OCPM,2026-08-22T19:14:35-0300,-,-,-,"A+ - Publicos Personalizados  - Sale",,,,,,0,,,00:00:00,,,,,,,0,0,,,,,,
2026-08-16,2026-08-16,"Ad6 - Video - Sale",inactive,,,,"Con el presupuesto de la campaña",0,0,0,0,0,0,,"En curso","7 días tras clic, 1 día tras visualización o 1 día tras visualización activa",0,ABSOLUTE_OCPM,2026-08-22T19:14:35-0300,-,-,-,"A+ - Publicos Personalizados  - Sale",,,,,,0,,,00:00:00,,,,,,,0,0,,,,,,
2026-08-16,2026-08-16,"Ad6 - Secuencia - Nueva coleccion 202666 - Copia 6",inactive,,,,"Con el presupuesto de la campaña",0,0,0,0,0,0,,"En curso","7 días tras clic, 1 día tras visualización o 1 día tras visualización activa",0,ABSOLUTE_OCPM,2026-08-24T22:24:38-0300,-,-,-,"A+ - SA - Nueva coleccion 2026",,,,,,0,,,00:00:00,,,,,,,0,0,,,,,,
2026-08-16,2026-08-16,"Ad6 - Secuencia - Nueva coleccion 202666 - Copia 7",inactive,,,,"Con el presupuesto de la campaña",0,0,0,0,0,0,,"En curso","7 días tras clic, 1 día tras visualización o 1 día tras visualización activa",0,ABSOLUTE_OCPM,2026-08-24T22:24:38-0300,-,-,-,"A+ - SA - Nueva coleccion 2026",,,,,,0,,,00:00:00,,,,,,,0,0,,,,,,
2026-08-16,2026-08-16,"Ad5 - Video - Sale",inactive,,,,"Con el presupuesto de la campaña",0,0,0,0,0,0,,"En curso","7 días tras clic, 1 día tras visualización o 1 día tras visualización activa",0,ABSOLUTE_OCPM,2026-08-22T19:14:35-0300,-,-,-,"A+ - Publicos Personalizados  - Sale",,,,,,0,,,00:00:00,,,,,,,0,0,,,,,,
2026-08-16,2026-08-16,"Ad6 - Secuencia - Nueva coleccion 202666 - Copia 5",not_delivering,,,,"Con el presupuesto de la campaña",0,0,0,0,0,0,,"En curso","7 días tras clic, 1 día tras visualización o 1 día tras visualización activa",0,ABSOLUTE_OCPM,2026-08-24T22:24:38-0300,-,-,-,"A+ - SA - Nueva coleccion 2026",,,,,,0,,,00:00:00,,,,,,,0,0,,,,,,
2026-08-16,2026-08-16,"Ad6 - Secuencia - Nueva coleccion 202666 - Copia 2",inactive,,,,"Con el presupuesto de la campaña",0,0,0,0,0,0,,"En curso","7 días tras clic, 1 día tras visualización o 1 día tras visualización activa",0,ABSOLUTE_OCPM,2026-08-22T19:14:35-0300,-,-,-,"A+ - Publicos Personalizados  - Sale",,,,,,0,,,00:00:00,,,,,,,0,0,,,,,,
2026-08-16,2026-08-16,"Ad2 - Video - Sale",inactive,,,,"Con el presupuesto de la campaña",0,0,0,0,0,0,,"En curso","7 días tras clic, 1 día tras visualización o 1 día tras visualización activa",0,ABSOLUTE_OCPM,2026-08-22T19:14:35-0300,-,-,-,"A+ - Publicos Personalizados  - Sale",,,,,,0,,,00:00:00,,,,,,,0,0,,,,,,
2026-08-16,2026-08-16,"Ad6 - Secuencia - Nueva coleccion 202666 - Copia 2",inactive,,,,"Con el presupuesto de la campaña",0,0,0,0,0,0,,"En curso","7 días tras clic, 1 día tras visualización o 1 día tras visualización activa",0,ABSOLUTE_OCPM,2026-08-22T19:14:35-0300,-,-,-,"A+ - Publicos Personalizados  - Sale",,,,,,0,,,00:00:00,,,,,,,0,0,,,,,,
2026-08-16,2026-08-16,"Ad6 - Secuencia - Nueva coleccion 202666 - Copia 2",inactive,,,,"Con el presupuesto de la campaña",0,1863.52,325,306,1.062092,5733.907692,,"En curso","7 días tras clic, 1 día tras visualización o 1 día tras visualización activa",0,ABSOLUTE_OCPM,2026-08-24T22:24:38-0300,-,-,-,"A+ - SA - Nueva coleccion 2026",,,,,,2.287582,10,23,4,46,28,19,13,13,3.076923,3.594771,3.692308,186.352,9,,,,
2026-08-16,2026-08-16,"Ad6 - Secuencia - Nueva coleccion 202666 - Copia 4",inactive,,,,"Con el presupuesto de la campaña",0,0,0,0,0,0,,"En curso","7 días tras clic, 1 día tras visualización o 1 día tras visualización activa",0,ABSOLUTE_OCPM,2026-08-24T22:24:38-0300,-,-,-,"A+ - SA - Nueva coleccion 2026",,,,,,0,,,00:00:00,,,,,,,0,0,,,,,,
2026-08-16,2026-08-16,"Ad6 - Secuencia - Nueva coleccion 2026 - Copia 3",active,,,,"Con el presupuesto de la campaña",0,3052.81,383,348,1.100575,7970.78329,,"En curso","7 días tras clic, 1 día tras visualización o 1 día tras visualización activa",0,ABSOLUTE_OCPM,2026-08-24T22:24:38-0300,-,-,-,"A+ - SA - Nueva coleccion 2026",,,,,,2.011494,9,4,2,4,2,1,,,2.349869,2.586207,2.872063,339.201111,8,2,,,
2026-08-16,2026-08-16,"Ad6 - Secuencia - Nueva coleccion 202666 - Copia 4",not_delivering,,,,"Con el presupuesto de la campaña",0,0,0,0,0,0,,"En curso","7 días tras clic, 1 día tras visualización o 1 día tras visualización activa",0,ABSOLUTE_OCPM,2026-08-24T22:24:38-0300,-,-,-,"A+ - SA - Nueva coleccion 2026",,,,,,0,,,00:00:00,,,,,,,0,0,,,,,,
2026-08-16,2026-08-16,"Ad6 - Secuencia - Nueva coleccion 202666 - Copia 4",inactive,,,,"Con el presupuesto de la campaña",0,0,0,0,0,0,,"En curso","7 días tras clic, 1 día tras visualización o 1 día tras visualización activa",0,ABSOLUTE_OCPM,2026-08-22T19:14:35-0300,-,-,-,"A+ - Publicos Personalizados  - Sale",,,,,,0,,,00:00:00,,,,,,,0,0,,,,,,
2026-08-16,2026-08-16,"Ad6 - Secuencia - Nueva coleccion 202666 - Copia 3",inactive,,,,"Con el presupuesto de la campaña",0,0,0,0,0,0,,"En curso","7 días tras clic, 1 día tras visualización o 1 día tras visualización activa",0,ABSOLUTE_OCPM,2026-08-22T19:14:35-0300,-,-,-,"A+ - Publicos Personalizados  - Sale",,,,,,0,,,00:00:00,,,,,,,0,0,,,,,,
2026-08-16,2026-08-16,"Ad6 - Secuencia - Nueva coleccion 202666 - Copia 6",inactive,,,,"Con el presupuesto de la campaña",0,0,0,0,0,0,,"En curso","7 días tras clic, 1 día tras visualización o 1 día tras visualización activa",0,ABSOLUTE_OCPM,2026-08-22T19:14:35-0300,-,-,-,"A+ - Publicos Personalizados  - Sale",,,,,,0,,,00:00:00,,,,,,,0,0,,,,,,
2026-08-16,2026-08-16,"Ad6 - Secuencia - Nueva coleccion 202666 - Copia 3",inactive,,,,"Con el presupuesto de la campaña",0,0,0,0,0,0,,"En curso","7 días tras clic, 1 día tras visualización o 1 día tras visualización activa",0,ABSOLUTE_OCPM,2026-08-24T22:24:38-0300,-,-,-,"A+ - SA - Nueva coleccion 2026",,,,,,0,,,00:00:00,,,,,,,0,0,,,,,,
2026-08-16,2026-08-16,"Ad6 - Secuencia - Nueva coleccion 202666 - Copia 4",inactive,,,,"Con el presupuesto de la campaña",0,0,0,0,0,0,,"En curso","7 días tras clic, 1 día tras visualización o 1 día tras visualización activa",0,ABSOLUTE_OCPM,2026-08-22T19:14:35-0300,-,-,-,"A+ - Publicos Personalizados  - Sale",,,,,,0,,,00:00:00,,,,,,,0,0,,,,,,
2026-08-16,2026-08-16,"Ad6 - Secuencia - Nueva coleccion 202666 - Copia 2",inactive,,,,"Con el presupuesto de la campaña",0,0,0,0,0,0,,"En curso","7 días tras clic, 1 día tras visualización o 1 día tras visualización activa",0,ABSOLUTE_OCPM,2026-08-24T22:24:38-0300,-,-,-,"A+ - SA - Nueva coleccion 2026",,,,,,0,,,00:00:00,,,,,,,0,0,,,,,,
2026-08-16,2026-08-16,"Ad6 - Secuencia - Nueva coleccion 202666 - Copia 3",not_delivering,,,,"Con el presupuesto de la campaña",0,0,0,0,0,0,,"En curso","7 días tras clic, 1 día tras visualización o 1 día tras visualización activa",0,ABSOLUTE_OCPM,2026-08-22T19:14:35-0300,-,-,-,"A+ - Publicos Personalizados  - Sale",,,,,,0,,,00:00:00,,,,,,,0,0,,,,,,
2026-08-16,2026-08-16,"Ad6 - Secuencia - Nueva coleccion 2026 - Copia 4",active,,,,"Con el presupuesto de la campaña",0,0,0,0,0,0,,"En curso","7 días tras clic, 1 día tras visualización o 1 día tras visualización activa",0,ABSOLUTE_OCPM,2026-08-24T22:24:38-0300,-,-,-,"A+ - SA - Nueva coleccion 2026",,,,,,0,,,00:00:00,,,,,,,0,0,,,,,,
2026-08-16,2026-08-16,"Ad6 - Secuencia - Nueva coleccion 202666 - Copia 2",inactive,,,,"Con el presupuesto de la campaña",0,0,0,0,0,0,,"En curso","7 días tras clic, 1 día tras visualización o 1 día tras visualización activa",0,ABSOLUTE_OCPM,2026-08-22T19:14:35-0300,-,-,-,"A+ - Publicos Personalizados  - Sale",,,,,,0,,,00:00:00,,,,,,,0,0,,,,,,
2026-08-16,2026-08-16,"Ad6 - Secuencia - Nueva coleccion 202666 - Copia",inactive,,,,"Con el presupuesto de la campaña",0,0,0,0,0,0,,"En curso","7 días tras clic, 1 día tras visualización o 1 día tras visualización activa",0,ABSOLUTE_OCPM,2026-08-24T22:24:38-0300,-,-,-,"A+ - SA - Nueva coleccion 2026",,,,,,0,,,00:00:00,,,,,,,0,0,,,,,,
2026-08-16,2026-08-16,"Ad5 - Video - Sale - Copia 3",inactive,,,,"Con el presupuesto de la campaña",0,0,0,0,0,0,,"En curso","7 días tras clic, 1 día tras visualización o 1 día tras visualización activa",0,ABSOLUTE_OCPM,2026-08-22T19:14:35-0300,-,-,-,"A+ - Publicos Personalizados  - Sale",,,,,,0,,,00:00:00,,,,,,,0,0,,,,,,
2026-08-16,2026-08-16,"Ad6 - Secuencia - Nueva coleccion 202666 - Copia 5",not_delivering,,,,"Con el presupuesto de la campaña",0,0,0,0,0,0,,"En curso","7 días tras clic, 1 día tras visualización o 1 día tras visualización activa",0,ABSOLUTE_OCPM,2026-08-22T19:14:35-0300,-,-,-,"A+ - Publicos Personalizados  - Sale",,,,,,0,,,00:00:00,,,,,,,0,0,,,,,,
2026-08-16,2026-08-16,"Ad5 - Video - Sale - Copia 2",inactive,,,,"Con el presupuesto de la campaña",0,0,0,0,0,0,,"En curso","7 días tras clic, 1 día tras visualización o 1 día tras visualización activa",0,ABSOLUTE_OCPM,2026-08-22T19:14:35-0300,-,-,-,"A+ - Publicos Personalizados  - Sale",,,,,,0,,,00:00:00,,,,,,,0,0,,,,,,
2026-08-16,2026-08-16,"Ad6 - Secuencia - Nueva coleccion 202666 - Copia 2",inactive,,,,"Con el presupuesto de la campaña",0,0,0,0,0,0,,"En curso","7 días tras clic, 1 día tras visualización o 1 día tras visualización activa",0,ABSOLUTE_OCPM,2026-08-22T19:14:35-0300,-,-,-,"A+ - Publicos Personalizados  - Sale",,,,,,0,,,00:00:00,,,,,,,0,0,,,,,,
2026-08-16,2026-08-16,"Ad6 - Secuencia - Nueva coleccion 2026 - Copia",inactive,,,,"Con el presupuesto de la campaña",0,799.64,185,161,1.149068,4322.378378,,"En curso","7 días tras clic, 1 día tras visualización o 1 día tras visualización activa",0,ABSOLUTE_OCPM,2026-08-24T22:24:38-0300,-,-,-,"A+ - SA - Nueva coleccion 2026",,,,,,2.484472,4,3,1,1,1,1,,,2.162162,3.10559,3.243243,199.91,4,,,,
2026-08-16,2026-08-16,"Ad6 - Secuencia - Nueva coleccion 202666 - Copia",inactive,,,,"Con el presupuesto de la campaña",0,0,0,0,0,0,,"En curso","7 días tras clic, 1 día tras visualización o 1 día tras visualización activa",0,ABSOLUTE_OCPM,2026-08-22T19:14:35-0300,-,-,-,"A+ - Publicos Personalizados  - Sale",,,,,,0,,,00:00:00,,,,,,,0,0,,,,,,
2026-08-16,2026-08-16,"Ad4 - Imagen - Sale",inactive,,,,"Con el presupuesto de la campaña",0,0,0,0,0,0,,"En curso","7 días tras clic, 1 día tras visualización o 1 día tras visualización activa",0,ABSOLUTE_OCPM,2026-08-22T19:14:35-0300,-,-,-,"A+ - Publicos Personalizados  - Sale",,,,,,0,,,00:00:00,,,,,,,0,0,,,,,,
2026-08-16,2026-08-16,"Ad6 - Secuencia - Nueva coleccion 2026 - Copia",inactive,,,,"Con el presupuesto de la campaña",0,0,0,0,0,0,,"En curso","7 días tras clic, 1 día tras visualización o 1 día tras visualización activa",0,ABSOLUTE_OCPM,2026-08-24T22:24:38-0300,-,-,-,"A+ - SA - Nueva coleccion 2026",,,,,,0,,,00:00:00,,,,,,,0,0,,,,,,
2026-08-16,2026-08-16,"Ad3 - Video - Sale",inactive,,,,"Con el presupuesto de la campaña",0,0,0,0,0,0,,"En curso","7 días tras clic, 1 día tras visualización o 1 día tras visualización activa",0,ABSOLUTE_OCPM,2026-08-22T19:14:35-0300,-,-,-,"A+ - Publicos Personalizados  - Sale",,,,,,0,,,00:00:00,,,,,,,0,0,,,,,,
2026-08-16,2026-08-16,"Ad5 - Video - Sale - Copia",not_delivering,,,,"Con el presupuesto de la campaña",0,0,0,0,0,0,,"En curso","7 días tras clic, 1 día tras visualización o 1 día tras visualización activa",0,ABSOLUTE_OCPM,2026-08-22T19:14:35-0300,-,-,-,"A+ - Publicos Personalizados  - Sale",,,,,,0,,,00:00:00,,,,,,,0,0,,,,,,
2026-08-16,2026-08-16,"Ad1 - Video - Sale",inactive,,,,"Con el presupuesto de la campaña",0,0,0,0,0,0,,"En curso","7 días tras clic, 1 día tras visualización o 1 día tras visualización activa",0,ABSOLUTE_OCPM,2026-08-22T19:14:35-0300,-,-,-,"A+ - Publicos Personalizados  - Sale",,,,,,0,,,00:00:00,,,,,,,0,0,,,,,,
2026-08-15,2026-08-15,"Ad6 - Secuencia - Nueva coleccion 202666 - Copia 2",inactive,,,,"Con el presupuesto de la campaña",0,0,0,0,0,0,,"En curso","7 días tras clic, 1 día tras visualización o 1 día tras visualización activa",0,ABSOLUTE_OCPM,2026-08-22T19:14:35-0300,-,-,-,"A+ - Publicos Personalizados  - Sale",,,,,,0,,,00:00:00,,,,,,,0,0,,,,,,
2026-08-15,2026-08-15,"Ad6 - Secuencia - Nueva coleccion 202666 - Copia 7",active,,,,"Con el presupuesto de la campaña",0,9131.55,1172,948,1.236287,7791.424915,,"En curso","7 días tras clic, 1 día tras visualización o 1 día tras visualización activa",0,ABSOLUTE_OCPM,2026-08-24T22:24:38-0300,-,-,-,"A+ - SA - Nueva coleccion 2026",,,,,,2.637131,30,,00:00:00,,,,,,2.559727,3.270042,3.156997,304.385,21,5,,,
2026-08-15,2026-08-15,"Ad6 - Secuencia - Nueva coleccion 2026 - Copia 2",inactive,,,,"Con el presupuesto de la campaña",0,0,0,0,0,0,,"En curso","7 días tras clic, 1 día tras visualización o 1 día tras visualización activa",0,ABSOLUTE_OCPM,2026-08-24T22:24:38-0300,-,-,-,"A+ - SA - Nueva coleccion 2026",,,,,,0,,,00:00:00,,,,,,,0,0,,,,,,
2026-08-15,2026-08-15,"Ad6 - Secuencia - Nueva coleccion 202666 - Copia 6",inactive,,,,"Con el presupuesto de la campaña",0,0,0,0,0,0,,"En curso","7 días tras clic, 1 día tras visualización o 1 día tras visualización activa",0,ABSOLUTE_OCPM,2026-08-22T19:14:35-0300,-,-,-,"A+ - Publicos Personalizados  - Sale",,,,,,0,,,00:00:00,,,,,,,0,0,,,,,,
2026-08-15,2026-08-15,1,inactive,,,,"Con el presupuesto de la campaña",0,0,0,0,0,0,,"En curso","7 días tras clic, 1 día tras visualización o 1 día tras visualización activa",0,ABSOLUTE_OCPM,2026-08-22T19:14:35-0300,-,-,-,"A+ - Publicos Personalizados  - Sale",,,,,,0,,,00:00:00,,,,,,,0,0,,,,,,
2026-08-15,2026-08-15,"Ad3 - Angulo Producto Fit",active,,,,"Con el presupuesto de la campaña",0,0,0,0,0,0,,"En curso","7 días tras clic o 1 día tras visualización",0,ABSOLUTE_OCPM,2026-08-22T06:31:57-0300,-,-,-,"A+ - Prospecting - Angulos Nuevos (Anticipo-Viaje-Producto)",,,,,,0,,,00:00:00,,,,,,,0,0,,,,,,
2026-08-15,2026-08-15,"Ad6 - Secuencia - Nueva coleccion 202666 - Copia 3",inactive,,,,"Con el presupuesto de la campaña",0,0,0,0,0,0,,"En curso","7 días tras clic, 1 día tras visualización o 1 día tras visualización activa",0,ABSOLUTE_OCPM,2026-08-22T19:14:35-0300,-,-,-,"A+ - Publicos Personalizados  - Sale",,,,,,0,,,00:00:00,,,,,,,0,0,,,,,,
2026-08-15,2026-08-15,"Ad6 - Secuencia - Nueva coleccion 202666 - Copia 6",active,,,,"Con el presupuesto de la campaña",0,320.16,41,40,1.025,7808.780488,,"En curso","7 días tras clic, 1 día tras visualización o 1 día tras visualización activa",0,ABSOLUTE_OCPM,2026-08-24T22:24:38-0300,-,-,-,"A+ - SA - Nueva coleccion 2026",,,,,,5,2,,00:00:00,,,,,,4.878049,7.5,7.317073,160.08,1,2,1,,
2026-08-15,2026-08-15,"Ad2 - Angulo Viaje",active,,,,"Con el presupuesto de la campaña",0,5.42,3,3,1,1806.666667,,"En curso","7 días tras clic o 1 día tras visualización",0,ABSOLUTE_OCPM,2026-08-22T06:31:57-0300,-,-,-,"A+ - Prospecting - Angulos Nuevos (Anticipo-Viaje-Producto)",,,,,,0,,,2,,,,,,,0,0,,,,,,
2026-08-15,2026-08-15,"Secuencia imagenes 1 - Minimal SS25 - Copia 2",inactive,,,,"Con el presupuesto de la campaña",0,0,0,0,0,0,,"En curso","7 días tras clic, 1 día tras visualización o 1 día tras visualización activa",0,ABSOLUTE_OCPM,2026-08-22T19:14:35-0300,-,-,-,"A+ - Publicos Personalizados  - Sale",,,,,,0,,,00:00:00,,,,,,,0,0,,,,,,
2026-08-15,2026-08-15,"Ad6 - Secuencia - Nueva coleccion 202666 - Copia 9",active,,,,"Con el presupuesto de la campaña",0,907.42,112,103,1.087379,8101.964286,,"En curso","7 días tras clic, 1 día tras visualización o 1 día tras visualización activa",0,ABSOLUTE_OCPM,2026-08-24T22:24:38-0300,-,-,-,"A+ - SA - Nueva coleccion 2026",,,,,,0.970874,1,,00:00:00,,,,,,0.892857,1.941748,1.785714,907.42,1,,,,
2026-08-15,2026-08-15,"Ad1 - Angulo Anticipo Temporada",active,1,actions:offsite_conversion.fb_pixel_purchase,17783.87,"Con el presupuesto de la campaña",0,17783.87,1378,1238,1.113086,12905.566038,1,"En curso","7 días tras clic o 1 día tras visualización",0,ABSOLUTE_OCPM,2026-08-22T06:31:57-0300,"Por encima del promedio",-,-,"A+ - Prospecting - Angulos Nuevos (Anticipo-Viaje-Producto)",5.057044,89933.82,89933.82,5.05704439,action_values:offsite_conversion.fb_pixel_purchase,2.423263,32,297,2,746,427,257,200,197,2.322206,3.150242,3.338171,555.745938,24,2,1,,
2026-08-15,2026-08-15,"Ad6 - Secuencia - Nueva coleccion 2026 - Copia 3",inactive,,,,"Con el presupuesto de la campaña",0,0,0,0,0,0,,"En curso","7 días tras clic, 1 día tras visualización o 1 día tras visualización activa",0,ABSOLUTE_OCPM,2026-08-22T19:14:35-0300,-,-,-,"A+ - Publicos Personalizados  - Sale",,,,,,0,,,00:00:00,,,,,,,0,0,,,,,,
2026-08-15,2026-08-15,"Ad6 - Secuencia - Nueva coleccion 202666 - Copia 10",active,,,,"Con el presupuesto de la campaña",0,719.25,125,115,1.086957,5754,,"En curso","7 días tras clic, 1 día tras visualización o 1 día tras visualización activa",0,ABSOLUTE_OCPM,2026-08-24T22:24:38-0300,-,-,-,"A+ - SA - Nueva coleccion 2026",,,,,,1.73913,2,3,2,11,6,5,3,3,1.6,1.73913,1.6,359.625,2,,,,
2026-08-15,2026-08-15,"Ad6 - Secuencia - Nueva coleccion 202666 - Copia 12",active,,,,"Con el presupuesto de la campaña",0,80.24,17,16,1.0625,4720,,"En curso","7 días tras clic, 1 día tras visualización o 1 día tras visualización activa",0,ABSOLUTE_OCPM,2026-08-24T22:24:38-0300,-,-,-,"A+ - SA - Nueva coleccion 2026",,,,,,0,,,00:00:00,,,,,,,0,0,,,,,,
2026-08-15,2026-08-15,"Ad5 - Video - Sale - Copia 2",inactive,,,,"Con el presupuesto de la campaña",0,0,0,0,0,0,,"En curso","7 días tras clic, 1 día tras visualización o 1 día tras visualización activa",0,ABSOLUTE_OCPM,2026-08-22T19:14:35-0300,-,-,-,"A+ - Publicos Personalizados  - Sale",,,,,,0,,,00:00:00,,,,,,,0,0,,,,,,
2026-08-15,2026-08-15,"Ad6 - Secuencia - Nueva coleccion 202666 - Copia 7",inactive,,,,"Con el presupuesto de la campaña",0,0,0,0,0,0,,"En curso","7 días tras clic, 1 día tras visualización o 1 día tras visualización activa",0,ABSOLUTE_OCPM,2026-08-24T22:24:38-0300,-,-,-,"A+ - SA - Nueva coleccion 2026",,,,,,0,,,00:00:00,,,,,,,0,0,,,,,,
2026-08-15,2026-08-15,"Ad6 - Secuencia - Nueva coleccion 202666 - Copia 5",not_delivering,,,,"Con el presupuesto de la campaña",0,6774.11,549,448,1.225446,12338.998179,,"En curso","7 días tras clic, 1 día tras visualización o 1 día tras visualización activa",0,ABSOLUTE_OCPM,2026-08-22T19:14:35-0300,-,-,-,"A+ - Publicos Personalizados  - Sale",,,,,,5.133929,29,,00:00:00,,,,,,5.282332,5.803571,7.103825,233.59,23,1,,,
2026-08-15,2026-08-15,"Ad6 - Secuencia - Nueva coleccion 2026 - Copia 3",inactive,,,,"Con el presupuesto de la campaña",0,0,0,0,0,0,,"En curso","7 días tras clic, 1 día tras visualización o 1 día tras visualización activa",0,ABSOLUTE_OCPM,2026-08-22T19:14:35-0300,-,-,-,"A+ - Publicos Personalizados  - Sale",,,,,,0,,,00:00:00,,,,,,,0,0,,,,,,
2026-08-15,2026-08-15,"Ad6 - Secuencia - Nueva coleccion 202666 - Copia 9",active,,,,"Con el presupuesto de la campaña",0,1835.78,291,261,1.114943,6308.522337,,"En curso","7 días tras clic, 1 día tras visualización o 1 día tras visualización activa",0,ABSOLUTE_OCPM,2026-08-24T22:24:38-0300,-,-,-,"A+ - SA - Nueva coleccion 2026",,,,,,2.681992,10,,00:00:00,,,,,,3.436426,2.681992,4.467354,183.578,6,4,,,
2026-08-15,2026-08-15,"Ad6 - Secuencia - Nueva coleccion 202666 - Copia 11",active,1,actions:offsite_conversion.fb_pixel_purchase,13474.97,"Con el presupuesto de la campaña",0,13474.97,2106,1782,1.181818,6398.37132,1,"En curso","7 días tras clic, 1 día tras visualización o 1 día tras visualización activa",0,ABSOLUTE_OCPM,2026-08-24T22:24:38-0300,-,-,-,"A+ - SA - Nueva coleccion 2026",8.832516,119017.89,119017.89,8.83251614,action_values:offsite_conversion.fb_pixel_purchase,2.805836,58,3,2,4,3,2,2,2,2.754036,3.75982,4.273504,232.327069,52,9,2,,
2026-08-15,2026-08-15,"Ad5 - Video - Sale - Copia 3",inactive,,,,"Con el presupuesto de la campaña",0,0,0,0,0,0,,"En curso","7 días tras clic, 1 día tras visualización o 1 día tras visualización activa",0,ABSOLUTE_OCPM,2026-08-22T19:14:35-0300,-,-,-,"A+ - Publicos Personalizados  - Sale",,,,,,0,,,00:00:00,,,,,,,0,0,,,,,,
2026-08-15,2026-08-15,"Ad6 - Secuencia - Nueva coleccion 202666 - Copia 6",active,,,,"Con el presupuesto de la campaña",0,0,0,0,0,0,,"En curso","7 días tras clic, 1 día tras visualización o 1 día tras visualización activa",0,ABSOLUTE_OCPM,2026-08-24T22:24:38-0300,-,-,-,"A+ - SA - Nueva coleccion 2026",,,,,,0,,,00:00:00,,,,,,,0,0,,,,,,
2026-08-15,2026-08-15,"Ad6 - Secuencia - Nueva coleccion 202666 - Copia 4",inactive,,,,"Con el presupuesto de la campaña",0,20.47,3,3,1,6823.333333,,"En curso","7 días tras clic, 1 día tras visualización o 1 día tras visualización activa",0,ABSOLUTE_OCPM,2026-08-22T19:14:35-0300,-,-,-,"A+ - Publicos Personalizados  - Sale",,,,,,0,,,00:00:00,,,,,,,0,0,,,,,,
2026-08-15,2026-08-15,"Ad6 - Video - Sale - Copia",inactive,,,,"Con el presupuesto de la campaña",0,0,0,0,0,0,,"En curso","7 días tras clic, 1 día tras visualización o 1 día tras visualización activa",0,ABSOLUTE_OCPM,2026-08-22T19:14:35-0300,-,-,-,"A+ - Publicos Personalizados  - Sale",,,,,,0,,,00:00:00,,,,,,,0,0,,,,,,
2026-08-15,2026-08-15,"Ad6 - Secuencia - Nueva coleccion 202666 - Copia 3",inactive,,,,"Con el presupuesto de la campaña",0,152,9,9,1,16888.888889,,"En curso","7 días tras clic, 1 día tras visualización o 1 día tras visualización activa",0,ABSOLUTE_OCPM,2026-08-22T19:14:35-0300,-,-,-,"A+ - Publicos Personalizados  - Sale",,,,,,0,,,00:00:00,,,,,,,0,0,,,,,,
2026-08-15,2026-08-15,"Ad6 - Secuencia - Nueva coleccion 202666 - Copia 4",inactive,,,,"Con el presupuesto de la campaña",0,0,0,0,0,0,,"En curso","7 días tras clic, 1 día tras visualización o 1 día tras visualización activa",0,ABSOLUTE_OCPM,2026-08-22T19:14:35-0300,-,-,-,"A+ - Publicos Personalizados  - Sale",,,,,,0,,,00:00:00,,,,,,,0,0,,,,,,
2026-08-15,2026-08-15,"Ad7 - Video - Sale",inactive,,,,"Con el presupuesto de la campaña",0,0,0,0,0,0,,"En curso","7 días tras clic, 1 día tras visualización o 1 día tras visualización activa",0,ABSOLUTE_OCPM,2026-08-22T19:14:35-0300,-,-,-,"A+ - Publicos Personalizados  - Sale",,,,,,0,,,00:00:00,,,,,,,0,0,,,,,,
2026-08-15,2026-08-15,"Ad6 - Secuencia - Nueva coleccion 202666 - Copia 8",active,,,,"Con el presupuesto de la campaña",0,8807.41,883,754,1.171088,9974.416761,,"En curso","7 días tras clic, 1 día tras visualización o 1 día tras visualización activa",0,ABSOLUTE_OCPM,2026-08-24T22:24:38-0300,-,-,-,"A+ - SA - Nueva coleccion 2026",,,,,,2.387268,22,,00:00:00,,,,,,2.491506,3.97878,4.19026,400.336818,18,1,,,
2026-08-15,2026-08-15,"Ad6 - Secuencia - Nueva coleccion 202666 - Copia 7",inactive,,,,"Con el presupuesto de la campaña",0,0,0,0,0,0,,"En curso","7 días tras clic, 1 día tras visualización o 1 día tras visualización activa",0,ABSOLUTE_OCPM,2026-08-22T19:14:35-0300,-,-,-,"A+ - Publicos Personalizados  - Sale",,,,,,0,,,00:00:00,,,,,,,0,0,,,,,,
2026-08-15,2026-08-15,"Ad6 - Video - Sale",inactive,,,,"Con el presupuesto de la campaña",0,0,0,0,0,0,,"En curso","7 días tras clic, 1 día tras visualización o 1 día tras visualización activa",0,ABSOLUTE_OCPM,2026-08-22T19:14:35-0300,-,-,-,"A+ - Publicos Personalizados  - Sale",,,,,,0,,,00:00:00,,,,,,,0,0,,,,,,
2026-08-15,2026-08-15,"Ad6 - Secuencia - Nueva coleccion 202666 - Copia 6",inactive,,,,"Con el presupuesto de la campaña",0,0,0,0,0,0,,"En curso","7 días tras clic, 1 día tras visualización o 1 día tras visualización activa",0,ABSOLUTE_OCPM,2026-08-24T22:24:38-0300,-,-,-,"A+ - SA - Nueva coleccion 2026",,,,,,0,,,00:00:00,,,,,,,0,0,,,,,,
2026-08-15,2026-08-15,"Ad6 - Secuencia - Nueva coleccion 202666 - Copia 7",inactive,,,,"Con el presupuesto de la campaña",0,0,0,0,0,0,,"En curso","7 días tras clic, 1 día tras visualización o 1 día tras visualización activa",0,ABSOLUTE_OCPM,2026-08-24T22:24:38-0300,-,-,-,"A+ - SA - Nueva coleccion 2026",,,,,,0,,,00:00:00,,,,,,,0,0,,,,,,
2026-08-15,2026-08-15,"Ad5 - Video - Sale",inactive,,,,"Con el presupuesto de la campaña",0,0,0,0,0,0,,"En curso","7 días tras clic, 1 día tras visualización o 1 día tras visualización activa",0,ABSOLUTE_OCPM,2026-08-22T19:14:35-0300,-,-,-,"A+ - Publicos Personalizados  - Sale",,,,,,0,,,00:00:00,,,,,,,0,0,,,,,,
2026-08-15,2026-08-15,"Ad6 - Secuencia - Nueva coleccion 202666 - Copia 5",not_delivering,,,,"Con el presupuesto de la campaña",0,7361.32,1020,872,1.169725,7216.980392,,"En curso","7 días tras clic, 1 día tras visualización o 1 día tras visualización activa",0,ABSOLUTE_OCPM,2026-08-24T22:24:38-0300,-,-,-,"A+ - SA - Nueva coleccion 2026",,,,,,3.899083,37,,00:00:00,,,,,,3.627451,4.12844,4.509804,198.954595,29,8,2,,
2026-08-15,2026-08-15,"Ad6 - Secuencia - Nueva coleccion 202666 - Copia 2",inactive,,,,"Con el presupuesto de la campaña",0,0,0,0,0,0,,"En curso","7 días tras clic, 1 día tras visualización o 1 día tras visualización activa",0,ABSOLUTE_OCPM,2026-08-22T19:14:35-0300,-,-,-,"A+ - Publicos Personalizados  - Sale",,,,,,0,,,00:00:00,,,,,,,0,0,,,,,,
2026-08-15,2026-08-15,"Ad2 - Video - Sale",inactive,,,,"Con el presupuesto de la campaña",0,0,0,0,0,0,,"En curso","7 días tras clic, 1 día tras visualización o 1 día tras visualización activa",0,ABSOLUTE_OCPM,2026-08-22T19:14:35-0300,-,-,-,"A+ - Publicos Personalizados  - Sale",,,,,,0,,,00:00:00,,,,,,,0,0,,,,,,
2026-08-15,2026-08-15,"Ad6 - Secuencia - Nueva coleccion 202666 - Copia 2",inactive,,,,"Con el presupuesto de la campaña",0,0,0,0,0,0,,"En curso","7 días tras clic, 1 día tras visualización o 1 día tras visualización activa",0,ABSOLUTE_OCPM,2026-08-22T19:14:35-0300,-,-,-,"A+ - Publicos Personalizados  - Sale",,,,,,0,,,00:00:00,,,,,,,0,0,,,,,,
2026-08-15,2026-08-15,"Ad6 - Secuencia - Nueva coleccion 202666 - Copia 2",inactive,,,,"Con el presupuesto de la campaña",0,1287.9,178,164,1.085366,7235.393258,,"En curso","7 días tras clic, 1 día tras visualización o 1 día tras visualización activa",0,ABSOLUTE_OCPM,2026-08-24T22:24:38-0300,-,-,-,"A+ - SA - Nueva coleccion 2026",,,,,,1.219512,2,7,17,16,9,7,5,5,1.123596,3.04878,2.808989,643.95,2,4,,,
2026-08-15,2026-08-15,"Ad6 - Secuencia - Nueva coleccion 202666 - Copia 4",inactive,,,,"Con el presupuesto de la campaña",0,0,0,0,0,0,,"En curso","7 días tras clic, 1 día tras visualización o 1 día tras visualización activa",0,ABSOLUTE_OCPM,2026-08-24T22:24:38-0300,-,-,-,"A+ - SA - Nueva coleccion 2026",,,,,,0,,,00:00:00,,,,,,,0,0,,,,,,
2026-08-15,2026-08-15,"Ad6 - Secuencia - Nueva coleccion 2026 - Copia 3",active,,,,"Con el presupuesto de la campaña",0,191.9,26,25,1.04,7380.769231,,"En curso","7 días tras clic, 1 día tras visualización o 1 día tras visualización activa",0,ABSOLUTE_OCPM,2026-08-24T22:24:38-0300,-,-,-,"A+ - SA - Nueva coleccion 2026",,,,,,0,,,1,,,,,,,4,3.846154,,,,,,
2026-08-15,2026-08-15,"Ad6 - Secuencia - Nueva coleccion 202666 - Copia 4",not_delivering,,,,"Con el presupuesto de la campaña",0,103.67,6,6,1,17278.333333,,"En curso","7 días tras clic, 1 día tras visualización o 1 día tras visualización activa",0,ABSOLUTE_OCPM,2026-08-24T22:24:38-0300,-,-,-,"A+ - SA - Nueva coleccion 2026",,,,,,0,,,00:00:00,,,,,,,0,0,,,,,,
2026-08-15,2026-08-15,"Ad6 - Secuencia - Nueva coleccion 202666 - Copia 4",inactive,,,,"Con el presupuesto de la campaña",0,0,0,0,0,0,,"En curso","7 días tras clic, 1 día tras visualización o 1 día tras visualización activa",0,ABSOLUTE_OCPM,2026-08-22T19:14:35-0300,-,-,-,"A+ - Publicos Personalizados  - Sale",,,,,,0,,,00:00:00,,,,,,,0,0,,,,,,
2026-08-15,2026-08-15,"Ad6 - Secuencia - Nueva coleccion 202666 - Copia 3",inactive,,,,"Con el presupuesto de la campaña",0,0,0,0,0,0,,"En curso","7 días tras clic, 1 día tras visualización o 1 día tras visualización activa",0,ABSOLUTE_OCPM,2026-08-22T19:14:35-0300,-,-,-,"A+ - Publicos Personalizados  - Sale",,,,,,0,,,00:00:00,,,,,,,0,0,,,,,,
2026-08-15,2026-08-15,"Ad6 - Secuencia - Nueva coleccion 202666 - Copia 6",inactive,,,,"Con el presupuesto de la campaña",0,0,0,0,0,0,,"En curso","7 días tras clic, 1 día tras visualización o 1 día tras visualización activa",0,ABSOLUTE_OCPM,2026-08-22T19:14:35-0300,-,-,-,"A+ - Publicos Personalizados  - Sale",,,,,,0,,,00:00:00,,,,,,,0,0,,,,,,
2026-08-15,2026-08-15,"Ad6 - Secuencia - Nueva coleccion 202666 - Copia 3",inactive,,,,"Con el presupuesto de la campaña",0,0,0,0,0,0,,"En curso","7 días tras clic, 1 día tras visualización o 1 día tras visualización activa",0,ABSOLUTE_OCPM,2026-08-24T22:24:38-0300,-,-,-,"A+ - SA - Nueva coleccion 2026",,,,,,0,,,00:00:00,,,,,,,0,0,,,,,,
2026-08-15,2026-08-15,"Ad6 - Secuencia - Nueva coleccion 202666 - Copia 4",inactive,,,,"Con el presupuesto de la campaña",0,0,0,0,0,0,,"En curso","7 días tras clic, 1 día tras visualización o 1 día tras visualización activa",0,ABSOLUTE_OCPM,2026-08-22T19:14:35-0300,-,-,-,"A+ - Publicos Personalizados  - Sale",,,,,,0,,,00:00:00,,,,,,,0,0,,,,,,
2026-08-15,2026-08-15,"Ad6 - Secuencia - Nueva coleccion 202666 - Copia 2",inactive,,,,"Con el presupuesto de la campaña",0,0,0,0,0,0,,"En curso","7 días tras clic, 1 día tras visualización o 1 día tras visualización activa",0,ABSOLUTE_OCPM,2026-08-24T22:24:38-0300,-,-,-,"A+ - SA - Nueva coleccion 2026",,,,,,0,,,00:00:00,,,,,,,0,0,,,,,,
2026-08-15,2026-08-15,"Ad6 - Secuencia - Nueva coleccion 202666 - Copia 3",not_delivering,,,,"Con el presupuesto de la campaña",0,75.46,7,7,1,10780,,"En curso","7 días tras clic, 1 día tras visualización o 1 día tras visualización activa",0,ABSOLUTE_OCPM,2026-08-22T19:14:35-0300,-,-,-,"A+ - Publicos Personalizados  - Sale",,,,,,0,,,00:00:00,,,,,,,0,0,,,,,,
2026-08-15,2026-08-15,"Ad6 - Secuencia - Nueva coleccion 2026 - Copia 4",active,,,,"Con el presupuesto de la campaña",0,537.04,33,32,1.03125,16273.939394,,"En curso","7 días tras clic, 1 día tras visualización o 1 día tras visualización activa",0,ABSOLUTE_OCPM,2026-08-24T22:24:38-0300,-,-,-,"A+ - SA - Nueva coleccion 2026",,,,,,3.125,1,,2,1,1,,,,3.030303,3.125,3.030303,537.04,1,,,,
2026-08-15,2026-08-15,"Ad6 - Secuencia - Nueva coleccion 202666 - Copia 2",inactive,,,,"Con el presupuesto de la campaña",0,0,0,0,0,0,,"En curso","7 días tras clic, 1 día tras visualización o 1 día tras visualización activa",0,ABSOLUTE_OCPM,2026-08-22T19:14:35-0300,-,-,-,"A+ - Publicos Personalizados  - Sale",,,,,,0,,,00:00:00,,,,,,,0,0,,,,,,
2026-08-15,2026-08-15,"Ad6 - Secuencia - Nueva coleccion 202666 - Copia",inactive,,,,"Con el presupuesto de la campaña",0,0,0,0,0,0,,"En curso","7 días tras clic, 1 día tras visualización o 1 día tras visualización activa",0,ABSOLUTE_OCPM,2026-08-24T22:24:38-0300,-,-,-,"A+ - SA - Nueva coleccion 2026",,,,,,0,,,00:00:00,,,,,,,0,0,,,,,,
2026-08-15,2026-08-15,"Ad5 - Video - Sale - Copia 3",inactive,,,,"Con el presupuesto de la campaña",0,0,0,0,0,0,,"En curso","7 días tras clic, 1 día tras visualización o 1 día tras visualización activa",0,ABSOLUTE_OCPM,2026-08-22T19:14:35-0300,-,-,-,"A+ - Publicos Personalizados  - Sale",,,,,,0,,,00:00:00,,,,,,,0,0,,,,,,
2026-08-15,2026-08-15,"Ad6 - Secuencia - Nueva coleccion 202666 - Copia 5",not_delivering,,,,"Con el presupuesto de la campaña",0,40.77,2,2,1,20385,,"En curso","7 días tras clic, 1 día tras visualización o 1 día tras visualización activa",0,ABSOLUTE_OCPM,2026-08-22T19:14:35-0300,-,-,-,"A+ - Publicos Personalizados  - Sale",,,,,,0,,,00:00:00,,,,,,,0,0,,,,,,
2026-08-15,2026-08-15,"Ad5 - Video - Sale - Copia 2",inactive,,,,"Con el presupuesto de la campaña",0,0,0,0,0,0,,"En curso","7 días tras clic, 1 día tras visualización o 1 día tras visualización activa",0,ABSOLUTE_OCPM,2026-08-22T19:14:35-0300,-,-,-,"A+ - Publicos Personalizados  - Sale",,,,,,0,,,00:00:00,,,,,,,0,0,,,,,,
2026-08-15,2026-08-15,"Ad6 - Secuencia - Nueva coleccion 202666 - Copia 2",inactive,,,,"Con el presupuesto de la campaña",0,0,0,0,0,0,,"En curso","7 días tras clic, 1 día tras visualización o 1 día tras visualización activa",0,ABSOLUTE_OCPM,2026-08-22T19:14:35-0300,-,-,-,"A+ - Publicos Personalizados  - Sale",,,,,,0,,,00:00:00,,,,,,,0,0,,,,,,
2026-08-15,2026-08-15,"Ad6 - Secuencia - Nueva coleccion 2026 - Copia",inactive,,,,"Con el presupuesto de la campaña",0,453.23,77,70,1.1,5886.103896,,"En curso","7 días tras clic, 1 día tras visualización o 1 día tras visualización activa",0,ABSOLUTE_OCPM,2026-08-24T22:24:38-0300,-,-,-,"A+ - SA - Nueva coleccion 2026",,,,,,1.428571,1,3,2,2,,,,1,1.298701,1.428571,1.298701,453.23,1,,,,
2026-08-15,2026-08-15,"Ad6 - Secuencia - Nueva coleccion 202666 - Copia",inactive,,,,"Con el presupuesto de la campaña",0,45.01,2,2,1,22505,,"En curso","7 días tras clic, 1 día tras visualización o 1 día tras visualización activa",0,ABSOLUTE_OCPM,2026-08-22T19:14:35-0300,-,-,-,"A+ - Publicos Personalizados  - Sale",,,,,,0,,1,7,2,1,1,1,1,,0,0,,,,,,
2026-08-15,2026-08-15,"Ad4 - Imagen - Sale",inactive,,,,"Con el presupuesto de la campaña",0,0,0,0,0,0,,"En curso","7 días tras clic, 1 día tras visualización o 1 día tras visualización activa",0,ABSOLUTE_OCPM,2026-08-22T19:14:35-0300,-,-,-,"A+ - Publicos Personalizados  - Sale",,,,,,0,,,00:00:00,,,,,,,0,0,,,,,,
2026-08-15,2026-08-15,"Ad6 - Secuencia - Nueva coleccion 2026 - Copia",inactive,,,,"Con el presupuesto de la campaña",0,26.06,4,4,1,6515,,"En curso","7 días tras clic, 1 día tras visualización o 1 día tras visualización activa",0,ABSOLUTE_OCPM,2026-08-24T22:24:38-0300,-,-,-,"A+ - SA - Nueva coleccion 2026",,,,,,0,,1,2,1,,,,,,0,0,,,,,,
2026-08-15,2026-08-15,"Ad3 - Video - Sale",inactive,,,,"Con el presupuesto de la campaña",0,0,0,0,0,0,,"En curso","7 días tras clic, 1 día tras visualización o 1 día tras visualización activa",0,ABSOLUTE_OCPM,2026-08-22T19:14:35-0300,-,-,-,"A+ - Publicos Personalizados  - Sale",,,,,,0,,,00:00:00,,,,,,,0,0,,,,,,
2026-08-15,2026-08-15,"Ad5 - Video - Sale - Copia",not_delivering,,,,"Con el presupuesto de la campaña",0,34.34,5,5,1,6868,,"En curso","7 días tras clic, 1 día tras visualización o 1 día tras visualización activa",0,ABSOLUTE_OCPM,2026-08-22T19:14:35-0300,-,-,-,"A+ - Publicos Personalizados  - Sale",,,,,,0,,3,19,2,2,1,1,2,,0,0,,,,,,
2026-08-15,2026-08-15,"Ad1 - Video - Sale",inactive,,,,"Con el presupuesto de la campaña",0,0,0,0,0,0,,"En curso","7 días tras clic, 1 día tras visualización o 1 día tras visualización activa",0,ABSOLUTE_OCPM,2026-08-22T19:14:35-0300,-,-,-,"A+ - Publicos Personalizados  - Sale",,,,,,0,,,00:00:00,,,,,,,0,0,,,,,,
2026-08-14,2026-08-14,"Ad6 - Secuencia - Nueva coleccion 202666 - Copia 2",inactive,,,,"Con el presupuesto de la campaña",0,0,0,0,0,0,,"En curso","7 días tras clic, 1 día tras visualización o 1 día tras visualización activa",0,ABSOLUTE_OCPM,2026-08-22T19:14:35-0300,-,-,-,"A+ - Publicos Personalizados  - Sale",,,,,,0,,,00:00:00,,,,,,,0,0,,,,,,
2026-08-14,2026-08-14,"Ad6 - Secuencia - Nueva coleccion 202666 - Copia 7",active,,,,"Con el presupuesto de la campaña",0,757.64,122,108,1.12963,6210.163934,,"En curso","7 días tras clic, 1 día tras visualización o 1 día tras visualización activa",0,ABSOLUTE_OCPM,2026-08-24T22:24:38-0300,-,-,-,"A+ - SA - Nueva coleccion 2026",,,,,,0.925926,1,,00:00:00,,,,,,0.819672,0.925926,0.819672,757.64,1,,,,
2026-08-14,2026-08-14,"Ad6 - Secuencia - Nueva coleccion 2026 - Copia 2",inactive,,,,"Con el presupuesto de la campaña",0,0,0,0,0,0,,"En curso","7 días tras clic, 1 día tras visualización o 1 día tras visualización activa",0,ABSOLUTE_OCPM,2026-08-24T22:24:38-0300,-,-,-,"A+ - SA - Nueva coleccion 2026",,,,,,0,,,00:00:00,,,,,,,0,0,,,,,,
2026-08-14,2026-08-14,"Ad6 - Secuencia - Nueva coleccion 202666 - Copia 6",inactive,,,,"Con el presupuesto de la campaña",0,0,0,0,0,0,,"En curso","7 días tras clic, 1 día tras visualización o 1 día tras visualización activa",0,ABSOLUTE_OCPM,2026-08-22T19:14:35-0300,-,-,-,"A+ - Publicos Personalizados  - Sale",,,,,,0,,,00:00:00,,,,,,,0,0,,,,,,
2026-08-14,2026-08-14,1,inactive,,,,"Con el presupuesto de la campaña",0,0,0,0,0,0,,"En curso","7 días tras clic, 1 día tras visualización o 1 día tras visualización activa",0,ABSOLUTE_OCPM,2026-08-22T19:14:35-0300,-,-,-,"A+ - Publicos Personalizados  - Sale",,,,,,0,,,00:00:00,,,,,,,0,0,,,,,,
2026-08-14,2026-08-14,"Ad3 - Angulo Producto Fit",active,,,,"Con el presupuesto de la campaña",0,94.12,12,12,1,7843.333333,,"En curso","7 días tras clic o 1 día tras visualización",0,ABSOLUTE_OCPM,2026-08-22T06:31:57-0300,-,-,-,"A+ - Prospecting - Angulos Nuevos (Anticipo-Viaje-Producto)",,,,,,0,,,0,2,,,,,,0,0,,,,,,
2026-08-14,2026-08-14,"Ad6 - Secuencia - Nueva coleccion 202666 - Copia 3",inactive,,,,"Con el presupuesto de la campaña",0,0,0,0,0,0,,"En curso","7 días tras clic, 1 día tras visualización o 1 día tras visualización activa",0,ABSOLUTE_OCPM,2026-08-22T19:14:35-0300,-,-,-,"A+ - Publicos Personalizados  - Sale",,,,,,0,,,00:00:00,,,,,,,0,0,,,,,,
2026-08-14,2026-08-14,"Ad6 - Secuencia - Nueva coleccion 202666 - Copia 6",active,,,,"Con el presupuesto de la campaña",0,0,0,0,0,0,,"En curso","7 días tras clic, 1 día tras visualización o 1 día tras visualización activa",0,ABSOLUTE_OCPM,2026-08-24T22:24:38-0300,-,-,-,"A+ - SA - Nueva coleccion 2026",,,,,,0,,,00:00:00,,,,,,,0,0,,,,,,
2026-08-14,2026-08-14,"Ad2 - Angulo Viaje",active,,,,"Con el presupuesto de la campaña",0,0,0,0,0,0,,"En curso","7 días tras clic o 1 día tras visualización",0,ABSOLUTE_OCPM,2026-08-22T06:31:57-0300,-,-,-,"A+ - Prospecting - Angulos Nuevos (Anticipo-Viaje-Producto)",,,,,,0,,,00:00:00,,,,,,,0,0,,,,,,
2026-08-14,2026-08-14,"Secuencia imagenes 1 - Minimal SS25 - Copia 2",inactive,,,,"Con el presupuesto de la campaña",0,0,0,0,0,0,,"En curso","7 días tras clic, 1 día tras visualización o 1 día tras visualización activa",0,ABSOLUTE_OCPM,2026-08-22T19:14:35-0300,-,-,-,"A+ - Publicos Personalizados  - Sale",,,,,,0,,,00:00:00,,,,,,,0,0,,,,,,
2026-08-14,2026-08-14,"Ad6 - Secuencia - Nueva coleccion 202666 - Copia 9",active,,,,"Con el presupuesto de la campaña",0,3133.66,406,356,1.140449,7718.374384,,"En curso","7 días tras clic, 1 día tras visualización o 1 día tras visualización activa",0,ABSOLUTE_OCPM,2026-08-24T22:24:38-0300,-,-,-,"A+ - SA - Nueva coleccion 2026",,,,,,1.685393,8,,00:00:00,,,,,,1.970443,2.247191,2.463054,391.7075,5,,,,
2026-08-14,2026-08-14,"Ad1 - Angulo Anticipo Temporada",active,2,actions:offsite_conversion.fb_pixel_purchase,7299.125,"Con el presupuesto de la campaña",0,14598.25,1120,923,1.213434,13034.151786,2,"En curso","7 días tras clic o 1 día tras visualización",0,ABSOLUTE_OCPM,2026-08-22T06:31:57-0300,Promedio,-,-,"A+ - Prospecting - Angulos Nuevos (Anticipo-Viaje-Producto)",10.463615,76375.235,152750.47,10.46361516,action_values:offsite_conversion.fb_pixel_purchase,2.27519,22,220,2,550,301,195,142,140,1.964286,4.008667,4.107143,663.556818,27,15,2,,
2026-08-14,2026-08-14,"Ad6 - Secuencia - Nueva coleccion 2026 - Copia 3",inactive,,,,"Con el presupuesto de la campaña",0,0,0,0,0,0,,"En curso","7 días tras clic, 1 día tras visualización o 1 día tras visualización activa",0,ABSOLUTE_OCPM,2026-08-22T19:14:35-0300,-,-,-,"A+ - Publicos Personalizados  - Sale",,,,,,0,,,00:00:00,,,,,,,0,0,,,,,,
2026-08-14,2026-08-14,"Ad6 - Secuencia - Nueva coleccion 202666 - Copia 10",active,,,,"Con el presupuesto de la campaña",0,0,0,0,0,0,,"En curso","7 días tras clic, 1 día tras visualización o 1 día tras visualización activa",0,ABSOLUTE_OCPM,2026-08-24T22:24:38-0300,-,-,-,"A+ - SA - Nueva coleccion 2026",,,,,,0,,,00:00:00,,,,,,,0,0,,,,,,
2026-08-14,2026-08-14,"Ad6 - Secuencia - Nueva coleccion 202666 - Copia 12",active,,,,"Con el presupuesto de la campaña",0,621.62,91,79,1.151899,6830.989011,,"En curso","7 días tras clic, 1 día tras visualización o 1 día tras visualización activa",0,ABSOLUTE_OCPM,2026-08-24T22:24:38-0300,-,-,-,"A+ - SA - Nueva coleccion 2026",,,,,,2.531646,3,,00:00:00,,,,,,3.296703,3.797468,4.395604,207.206667,4,,,,
2026-08-14,2026-08-14,"Ad5 - Video - Sale - Copia 2",inactive,,,,"Con el presupuesto de la campaña",0,0,0,0,0,0,,"En curso","7 días tras clic, 1 día tras visualización o 1 día tras visualización activa",0,ABSOLUTE_OCPM,2026-08-22T19:14:35-0300,-,-,-,"A+ - Publicos Personalizados  - Sale",,,,,,0,,,00:00:00,,,,,,,0,0,,,,,,
2026-08-14,2026-08-14,"Ad6 - Secuencia - Nueva coleccion 202666 - Copia 7",inactive,,,,"Con el presupuesto de la campaña",0,0,0,0,0,0,,"En curso","7 días tras clic, 1 día tras visualización o 1 día tras visualización activa",0,ABSOLUTE_OCPM,2026-08-24T22:24:38-0300,-,-,-,"A+ - SA - Nueva coleccion 2026",,,,,,0,,,00:00:00,,,,,,,0,0,,,,,,
2026-08-14,2026-08-14,"Ad6 - Secuencia - Nueva coleccion 202666 - Copia 5",not_delivering,,,,"Con el presupuesto de la campaña",0,16207.76,946,740,1.278378,17132.938689,,"En curso","7 días tras clic, 1 día tras visualización o 1 día tras visualización activa",0,ABSOLUTE_OCPM,2026-08-22T19:14:35-0300,-,-,-,"A+ - Publicos Personalizados  - Sale",,,,,,4.594595,50,,00:00:00,,,,,,5.285412,5.405405,6.448203,324.1552,46,10,,,
2026-08-14,2026-08-14,"Ad6 - Secuencia - Nueva coleccion 2026 - Copia 3",inactive,,,,"Con el presupuesto de la campaña",0,0,0,0,0,0,,"En curso","7 días tras clic, 1 día tras visualización o 1 día tras visualización activa",0,ABSOLUTE_OCPM,2026-08-22T19:14:35-0300,-,-,-,"A+ - Publicos Personalizados  - Sale",,,,,,0,,,00:00:00,,,,,,,0,0,,,,,,
2026-08-14,2026-08-14,"Ad6 - Secuencia - Nueva coleccion 202666 - Copia 9",active,,,,"Con el presupuesto de la campaña",0,0,0,0,0,0,,"En curso","7 días tras clic, 1 día tras visualización o 1 día tras visualización activa",0,ABSOLUTE_OCPM,2026-08-24T22:24:38-0300,-,-,-,"A+ - SA - Nueva coleccion 2026",,,,,,0,,,00:00:00,,,,,,,0,0,,,,,,
2026-08-14,2026-08-14,"Ad6 - Secuencia - Nueva coleccion 202666 - Copia 11",active,,,,"Con el presupuesto de la campaña",0,29792.18,4877,3966,1.229702,6108.710273,,"En curso","7 días tras clic, 1 día tras visualización o 1 día tras visualización activa",0,ABSOLUTE_OCPM,2026-08-24T22:24:38-0300,-,-,-,"A+ - SA - Nueva coleccion 2026",,,,,,2.244075,101,8,2,14,8,5,4,4,2.070945,2.874433,2.911626,294.972079,85,3,,,
2026-08-14,2026-08-14,"Ad5 - Video - Sale - Copia 3",inactive,,,,"Con el presupuesto de la campaña",0,0,0,0,0,0,,"En curso","7 días tras clic, 1 día tras visualización o 1 día tras visualización activa",0,ABSOLUTE_OCPM,2026-08-22T19:14:35-0300,-,-,-,"A+ - Publicos Personalizados  - Sale",,,,,,0,,,00:00:00,,,,,,,0,0,,,,,,
2026-08-14,2026-08-14,"Ad6 - Secuencia - Nueva coleccion 202666 - Copia 6",active,,,,"Con el presupuesto de la campaña",0,43.17,11,11,1,3924.545455,,"En curso","7 días tras clic, 1 día tras visualización o 1 día tras visualización activa",0,ABSOLUTE_OCPM,2026-08-24T22:24:38-0300,-,-,-,"A+ - SA - Nueva coleccion 2026",,,,,,18.181818,3,,00:00:00,,,,,,27.272727,9.090909,9.090909,14.39,3,,,,
2026-08-14,2026-08-14,"Ad6 - Secuencia - Nueva coleccion 202666 - Copia 4",inactive,,,,"Con el presupuesto de la campaña",0,0,0,0,0,0,,"En curso","7 días tras clic, 1 día tras visualización o 1 día tras visualización activa",0,ABSOLUTE_OCPM,2026-08-22T19:14:35-0300,-,-,-,"A+ - Publicos Personalizados  - Sale",,,,,,0,,,00:00:00,,,,,,,0,0,,,,,,
2026-08-14,2026-08-14,"Ad6 - Video - Sale - Copia",inactive,,,,"Con el presupuesto de la campaña",0,0,0,0,0,0,,"En curso","7 días tras clic, 1 día tras visualización o 1 día tras visualización activa",0,ABSOLUTE_OCPM,2026-08-22T19:14:35-0300,-,-,-,"A+ - Publicos Personalizados  - Sale",,,,,,0,,,00:00:00,,,,,,,0,0,,,,,,
2026-08-14,2026-08-14,"Ad6 - Secuencia - Nueva coleccion 202666 - Copia 3",inactive,,,,"Con el presupuesto de la campaña",0,0,0,0,0,0,,"En curso","7 días tras clic, 1 día tras visualización o 1 día tras visualización activa",0,ABSOLUTE_OCPM,2026-08-22T19:14:35-0300,-,-,-,"A+ - Publicos Personalizados  - Sale",,,,,,0,,,00:00:00,,,,,,,0,0,,,,,,
2026-08-14,2026-08-14,"Ad6 - Secuencia - Nueva coleccion 202666 - Copia 4",inactive,,,,"Con el presupuesto de la campaña",0,0,0,0,0,0,,"En curso","7 días tras clic, 1 día tras visualización o 1 día tras visualización activa",0,ABSOLUTE_OCPM,2026-08-22T19:14:35-0300,-,-,-,"A+ - Publicos Personalizados  - Sale",,,,,,0,,,00:00:00,,,,,,,0,0,,,,,,
2026-08-14,2026-08-14,"Ad7 - Video - Sale",inactive,,,,"Con el presupuesto de la campaña",0,0,0,0,0,0,,"En curso","7 días tras clic, 1 día tras visualización o 1 día tras visualización activa",0,ABSOLUTE_OCPM,2026-08-22T19:14:35-0300,-,-,-,"A+ - Publicos Personalizados  - Sale",,,,,,0,,,00:00:00,,,,,,,0,0,,,,,,
2026-08-14,2026-08-14,"Ad6 - Secuencia - Nueva coleccion 202666 - Copia 8",active,,,,"Con el presupuesto de la campaña",0,1308.75,188,152,1.236842,6961.43617,,"En curso","7 días tras clic, 1 día tras visualización o 1 día tras visualización activa",0,ABSOLUTE_OCPM,2026-08-24T22:24:38-0300,-,-,-,"A+ - SA - Nueva coleccion 2026",,,,,,3.289474,6,,00:00:00,,,,,,3.191489,3.947368,3.191489,218.125,3,,,,
2026-08-14,2026-08-14,"Ad6 - Secuencia - Nueva coleccion 202666 - Copia 7",inactive,,,,"Con el presupuesto de la campaña",0,0,0,0,0,0,,"En curso","7 días tras clic, 1 día tras visualización o 1 día tras visualización activa",0,ABSOLUTE_OCPM,2026-08-22T19:14:35-0300,-,-,-,"A+ - Publicos Personalizados  - Sale",,,,,,0,,,00:00:00,,,,,,,0,0,,,,,,
2026-08-14,2026-08-14,"Ad6 - Video - Sale",inactive,,,,"Con el presupuesto de la campaña",0,0,0,0,0,0,,"En curso","7 días tras clic, 1 día tras visualización o 1 día tras visualización activa",0,ABSOLUTE_OCPM,2026-08-22T19:14:35-0300,-,-,-,"A+ - Publicos Personalizados  - Sale",,,,,,0,,,00:00:00,,,,,,,0,0,,,,,,
2026-08-14,2026-08-14,"Ad6 - Secuencia - Nueva coleccion 202666 - Copia 6",inactive,,,,"Con el presupuesto de la campaña",0,0,0,0,0,0,,"En curso","7 días tras clic, 1 día tras visualización o 1 día tras visualización activa",0,ABSOLUTE_OCPM,2026-08-24T22:24:38-0300,-,-,-,"A+ - SA - Nueva coleccion 2026",,,,,,0,,,00:00:00,,,,,,,0,0,,,,,,
2026-08-14,2026-08-14,"Ad6 - Secuencia - Nueva coleccion 202666 - Copia 7",inactive,,,,"Con el presupuesto de la campaña",0,0,0,0,0,0,,"En curso","7 días tras clic, 1 día tras visualización o 1 día tras visualización activa",0,ABSOLUTE_OCPM,2026-08-24T22:24:38-0300,-,-,-,"A+ - SA - Nueva coleccion 2026",,,,,,0,,,00:00:00,,,,,,,0,0,,,,,,
2026-08-14,2026-08-14,"Ad5 - Video - Sale",inactive,,,,"Con el presupuesto de la campaña",0,0,0,0,0,0,,"En curso","7 días tras clic, 1 día tras visualización o 1 día tras visualización activa",0,ABSOLUTE_OCPM,2026-08-22T19:14:35-0300,-,-,-,"A+ - Publicos Personalizados  - Sale",,,,,,0,,,00:00:00,,,,,,,0,0,,,,,,
2026-08-14,2026-08-14,"Ad6 - Secuencia - Nueva coleccion 202666 - Copia 5",not_delivering,,,,"Con el presupuesto de la campaña",0,22810.66,3860,3032,1.273087,5909.497409,,"En curso","7 días tras clic, 1 día tras visualización o 1 día tras visualización activa",0,ABSOLUTE_OCPM,2026-08-24T22:24:38-0300,-,-,-,"A+ - SA - Nueva coleccion 2026",,,,,,2.605541,91,,00:00:00,,,,,,2.357513,3.397098,3.341969,250.666593,74,10,,,
2026-08-14,2026-08-14,"Ad6 - Secuencia - Nueva coleccion 202666 - Copia 2",inactive,,,,"Con el presupuesto de la campaña",0,0,0,0,0,0,,"En curso","7 días tras clic, 1 día tras visualización o 1 día tras visualización activa",0,ABSOLUTE_OCPM,2026-08-22T19:14:35-0300,-,-,-,"A+ - Publicos Personalizados  - Sale",,,,,,0,,,00:00:00,,,,,,,0,0,,,,,,
2026-08-14,2026-08-14,"Ad2 - Video - Sale",inactive,,,,"Con el presupuesto de la campaña",0,0,0,0,0,0,,"En curso","7 días tras clic, 1 día tras visualización o 1 día tras visualización activa",0,ABSOLUTE_OCPM,2026-08-22T19:14:35-0300,-,-,-,"A+ - Publicos Personalizados  - Sale",,,,,,0,,,00:00:00,,,,,,,0,0,,,,,,
2026-08-14,2026-08-14,"Ad6 - Secuencia - Nueva coleccion 202666 - Copia 2",inactive,,,,"Con el presupuesto de la campaña",0,0,0,0,0,0,,"En curso","7 días tras clic, 1 día tras visualización o 1 día tras visualización activa",0,ABSOLUTE_OCPM,2026-08-22T19:14:35-0300,-,-,-,"A+ - Publicos Personalizados  - Sale",,,,,,0,,,00:00:00,,,,,,,0,0,,,,,,
2026-08-14,2026-08-14,"Ad6 - Secuencia - Nueva coleccion 202666 - Copia 2",inactive,,,,"Con el presupuesto de la campaña",0,3286.99,294,273,1.076923,11180.238095,,"En curso","7 días tras clic, 1 día tras visualización o 1 día tras visualización activa",0,ABSOLUTE_OCPM,2026-08-24T22:24:38-0300,-,-,-,"A+ - SA - Nueva coleccion 2026",,,,,,4.029304,14,11,3,21,14,9,5,5,4.761905,5.128205,6.122449,234.785,12,,,,
2026-08-14,2026-08-14,"Ad6 - Secuencia - Nueva coleccion 202666 - Copia 4",inactive,,,,"Con el presupuesto de la campaña",0,0,0,0,0,0,,"En curso","7 días tras clic, 1 día tras visualización o 1 día tras visualización activa",0,ABSOLUTE_OCPM,2026-08-24T22:24:38-0300,-,-,-,"A+ - SA - Nueva coleccion 2026",,,,,,0,,,00:00:00,,,,,,,0,0,,,,,,
2026-08-14,2026-08-14,"Ad6 - Secuencia - Nueva coleccion 2026 - Copia 3",active,,,,"Con el presupuesto de la campaña",0,0,0,0,0,0,,"En curso","7 días tras clic, 1 día tras visualización o 1 día tras visualización activa",0,ABSOLUTE_OCPM,2026-08-24T22:24:38-0300,-,-,-,"A+ - SA - Nueva coleccion 2026",,,,,,0,,,00:00:00,,,,,,,0,0,,,,,,
2026-08-14,2026-08-14,"Ad6 - Secuencia - Nueva coleccion 202666 - Copia 4",not_delivering,,,,"Con el presupuesto de la campaña",0,377.25,107,104,1.028846,3525.700935,,"En curso","7 días tras clic, 1 día tras visualización o 1 día tras visualización activa",0,ABSOLUTE_OCPM,2026-08-24T22:24:38-0300,-,-,-,"A+ - SA - Nueva coleccion 2026",,,,,,1.923077,2,,00:00:00,,,,,,1.869159,2.884615,2.803738,188.625,1,,,,
2026-08-14,2026-08-14,"Ad6 - Secuencia - Nueva coleccion 202666 - Copia 4",inactive,,,,"Con el presupuesto de la campaña",0,0,0,0,0,0,,"En curso","7 días tras clic, 1 día tras visualización o 1 día tras visualización activa",0,ABSOLUTE_OCPM,2026-08-22T19:14:35-0300,-,-,-,"A+ - Publicos Personalizados  - Sale",,,,,,0,,,00:00:00,,,,,,,0,0,,,,,,
2026-08-14,2026-08-14,"Ad6 - Secuencia - Nueva coleccion 202666 - Copia 3",inactive,,,,"Con el presupuesto de la campaña",0,0,0,0,0,0,,"En curso","7 días tras clic, 1 día tras visualización o 1 día tras visualización activa",0,ABSOLUTE_OCPM,2026-08-22T19:14:35-0300,-,-,-,"A+ - Publicos Personalizados  - Sale",,,,,,0,,,00:00:00,,,,,,,0,0,,,,,,
2026-08-14,2026-08-14,"Ad6 - Secuencia - Nueva coleccion 202666 - Copia 6",inactive,,,,"Con el presupuesto de la campaña",0,0,0,0,0,0,,"En curso","7 días tras clic, 1 día tras visualización o 1 día tras visualización activa",0,ABSOLUTE_OCPM,2026-08-22T19:14:35-0300,-,-,-,"A+ - Publicos Personalizados  - Sale",,,,,,0,,,00:00:00,,,,,,,0,0,,,,,,
2026-08-14,2026-08-14,"Ad6 - Secuencia - Nueva coleccion 202666 - Copia 3",inactive,,,,"Con el presupuesto de la campaña",0,0,0,0,0,0,,"En curso","7 días tras clic, 1 día tras visualización o 1 día tras visualización activa",0,ABSOLUTE_OCPM,2026-08-24T22:24:38-0300,-,-,-,"A+ - SA - Nueva coleccion 2026",,,,,,0,,,00:00:00,,,,,,,0,0,,,,,,
2026-08-14,2026-08-14,"Ad6 - Secuencia - Nueva coleccion 202666 - Copia 4",inactive,,,,"Con el presupuesto de la campaña",0,0,0,0,0,0,,"En curso","7 días tras clic, 1 día tras visualización o 1 día tras visualización activa",0,ABSOLUTE_OCPM,2026-08-22T19:14:35-0300,-,-,-,"A+ - Publicos Personalizados  - Sale",,,,,,0,,,00:00:00,,,,,,,0,0,,,,,,
2026-08-14,2026-08-14,"Ad6 - Secuencia - Nueva coleccion 202666 - Copia 2",inactive,,,,"Con el presupuesto de la campaña",0,0,0,0,0,0,,"En curso","7 días tras clic, 1 día tras visualización o 1 día tras visualización activa",0,ABSOLUTE_OCPM,2026-08-24T22:24:38-0300,-,-,-,"A+ - SA - Nueva coleccion 2026",,,,,,0,,,00:00:00,,,,,,,0,0,,,,,,
2026-08-14,2026-08-14,"Ad6 - Secuencia - Nueva coleccion 202666 - Copia 3",not_delivering,,,,"Con el presupuesto de la campaña",0,297.35,17,17,1,17491.176471,,"En curso","7 días tras clic, 1 día tras visualización o 1 día tras visualización activa",0,ABSOLUTE_OCPM,2026-08-22T19:14:35-0300,-,-,-,"A+ - Publicos Personalizados  - Sale",,,,,,0,,,00:00:00,,,,,,,0,0,,,,,,
2026-08-14,2026-08-14,"Ad6 - Secuencia - Nueva coleccion 2026 - Copia 4",active,,,,"Con el presupuesto de la campaña",0,183.99,34,34,1,5411.470588,,"En curso","7 días tras clic, 1 día tras visualización o 1 día tras visualización activa",0,ABSOLUTE_OCPM,2026-08-24T22:24:38-0300,-,-,-,"A+ - SA - Nueva coleccion 2026",,,,,,5.882353,2,,0,,,,,,5.882353,5.882353,5.882353,91.995,2,,,,
2026-08-14,2026-08-14,"Ad6 - Secuencia - Nueva coleccion 202666 - Copia 2",inactive,,,,"Con el presupuesto de la campaña",0,0,0,0,0,0,,"En curso","7 días tras clic, 1 día tras visualización o 1 día tras visualización activa",0,ABSOLUTE_OCPM,2026-08-22T19:14:35-0300,-,-,-,"A+ - Publicos Personalizados  - Sale",,,,,,0,,,00:00:00,,,,,,,0,0,,,,,,
2026-08-14,2026-08-14,"Ad6 - Secuencia - Nueva coleccion 202666 - Copia",inactive,,,,"Con el presupuesto de la campaña",0,0,0,0,0,0,,"En curso","7 días tras clic, 1 día tras visualización o 1 día tras visualización activa",0,ABSOLUTE_OCPM,2026-08-24T22:24:38-0300,-,-,-,"A+ - SA - Nueva coleccion 2026",,,,,,0,,,00:00:00,,,,,,,0,0,,,,,,
2026-08-14,2026-08-14,"Ad5 - Video - Sale - Copia 3",inactive,,,,"Con el presupuesto de la campaña",0,0,0,0,0,0,,"En curso","7 días tras clic, 1 día tras visualización o 1 día tras visualización activa",0,ABSOLUTE_OCPM,2026-08-22T19:14:35-0300,-,-,-,"A+ - Publicos Personalizados  - Sale",,,,,,0,,,00:00:00,,,,,,,0,0,,,,,,
2026-08-14,2026-08-14,"Ad6 - Secuencia - Nueva coleccion 202666 - Copia 5",not_delivering,,,,"Con el presupuesto de la campaña",0,0,0,0,0,0,,"En curso","7 días tras clic, 1 día tras visualización o 1 día tras visualización activa",0,ABSOLUTE_OCPM,2026-08-22T19:14:35-0300,-,-,-,"A+ - Publicos Personalizados  - Sale",,,,,,0,,,00:00:00,,,,,,,0,0,,,,,,
2026-08-14,2026-08-14,"Ad5 - Video - Sale - Copia 2",inactive,,,,"Con el presupuesto de la campaña",0,0,0,0,0,0,,"En curso","7 días tras clic, 1 día tras visualización o 1 día tras visualización activa",0,ABSOLUTE_OCPM,2026-08-22T19:14:35-0300,-,-,-,"A+ - Publicos Personalizados  - Sale",,,,,,0,,,00:00:00,,,,,,,0,0,,,,,,
2026-08-14,2026-08-14,"Ad6 - Secuencia - Nueva coleccion 202666 - Copia 2",inactive,,,,"Con el presupuesto de la campaña",0,0,0,0,0,0,,"En curso","7 días tras clic, 1 día tras visualización o 1 día tras visualización activa",0,ABSOLUTE_OCPM,2026-08-22T19:14:35-0300,-,-,-,"A+ - Publicos Personalizados  - Sale",,,,,,0,,,00:00:00,,,,,,,0,0,,,,,,
2026-08-14,2026-08-14,"Ad6 - Secuencia - Nueva coleccion 2026 - Copia",inactive,,,,"Con el presupuesto de la campaña",0,2138.88,288,252,1.142857,7426.666667,,"En curso","7 días tras clic, 1 día tras visualización o 1 día tras visualización activa",0,ABSOLUTE_OCPM,2026-08-24T22:24:38-0300,-,-,-,"A+ - SA - Nueva coleccion 2026",,,,,,2.777778,8,4,2,6,2,1,,,2.777778,5.15873,5.555556,267.36,6,,,,
2026-08-14,2026-08-14,"Ad6 - Secuencia - Nueva coleccion 202666 - Copia",inactive,,,,"Con el presupuesto de la campaña",0,489.93,29,25,1.16,16894.137931,,"En curso","7 días tras clic, 1 día tras visualización o 1 día tras visualización activa",0,ABSOLUTE_OCPM,2026-08-22T19:14:35-0300,-,-,-,"A+ - Publicos Personalizados  - Sale",,,,,,4,1,9,4,11,6,1,1,1,3.448276,4,3.448276,489.93,1,,,,
2026-08-14,2026-08-14,"Ad4 - Imagen - Sale",inactive,,,,"Con el presupuesto de la campaña",0,0,0,0,0,0,,"En curso","7 días tras clic, 1 día tras visualización o 1 día tras visualización activa",0,ABSOLUTE_OCPM,2026-08-22T19:14:35-0300,-,-,-,"A+ - Publicos Personalizados  - Sale",,,,,,0,,,00:00:00,,,,,,,0,0,,,,,,
2026-08-14,2026-08-14,"Ad6 - Secuencia - Nueva coleccion 2026 - Copia",inactive,,,,"Con el presupuesto de la campaña",0,0,0,0,0,0,,"En curso","7 días tras clic, 1 día tras visualización o 1 día tras visualización activa",0,ABSOLUTE_OCPM,2026-08-24T22:24:38-0300,-,-,-,"A+ - SA - Nueva coleccion 2026",,,,,,0,,,00:00:00,,,,,,,0,0,,,,,,
2026-08-14,2026-08-14,"Ad3 - Video - Sale",inactive,,,,"Con el presupuesto de la campaña",0,0,0,0,0,0,,"En curso","7 días tras clic, 1 día tras visualización o 1 día tras visualización activa",0,ABSOLUTE_OCPM,2026-08-22T19:14:35-0300,-,-,-,"A+ - Publicos Personalizados  - Sale",,,,,,0,,,00:00:00,,,,,,,0,0,,,,,,
2026-08-14,2026-08-14,"Ad5 - Video - Sale - Copia",not_delivering,,,,"Con el presupuesto de la campaña",0,0,0,0,0,0,,"En curso","7 días tras clic, 1 día tras visualización o 1 día tras visualización activa",0,ABSOLUTE_OCPM,2026-08-22T19:14:35-0300,-,-,-,"A+ - Publicos Personalizados  - Sale",,,,,,0,,,00:00:00,,,,,,,0,0,,,,,,
2026-08-14,2026-08-14,"Ad1 - Video - Sale",inactive,,,,"Con el presupuesto de la campaña",0,0,0,0,0,0,,"En curso","7 días tras clic, 1 día tras visualización o 1 día tras visualización activa",0,ABSOLUTE_OCPM,2026-08-22T19:14:35-0300,-,-,-,"A+ - Publicos Personalizados  - Sale",,,,,,0,,,00:00:00,,,,,,,0,0,,,,,,
2026-08-13,2026-08-13,"Ad6 - Secuencia - Nueva coleccion 202666 - Copia 2",inactive,,,,"Con el presupuesto de la campaña",0,0,0,0,0,0,,"En curso","7 días tras clic, 1 día tras visualización o 1 día tras visualización activa",0,ABSOLUTE_OCPM,2026-08-22T19:14:35-0300,-,-,-,"A+ - Publicos Personalizados  - Sale",,,,,,0,,,00:00:00,,,,,,,0,0,,,,,,
2026-08-13,2026-08-13,"Ad6 - Secuencia - Nueva coleccion 202666 - Copia 7",active,,,,"Con el presupuesto de la campaña",0,2755.6,479,428,1.119159,5752.818372,,"En curso","7 días tras clic, 1 día tras visualización o 1 día tras visualización activa",0,ABSOLUTE_OCPM,2026-08-24T22:24:38-0300,-,-,-,"A+ - SA - Nueva coleccion 2026",,,,,,3.738318,18,,00:00:00,,,,,,3.757829,4.205607,4.80167,153.088889,15,2,,,
2026-08-13,2026-08-13,"Ad6 - Secuencia - Nueva coleccion 2026 - Copia 2",inactive,,,,"Con el presupuesto de la campaña",0,0,0,0,0,0,,"En curso","7 días tras clic, 1 día tras visualización o 1 día tras visualización activa",0,ABSOLUTE_OCPM,2026-08-24T22:24:38-0300,-,-,-,"A+ - SA - Nueva coleccion 2026",,,,,,0,,,00:00:00,,,,,,,0,0,,,,,,
2026-08-13,2026-08-13,"Ad6 - Secuencia - Nueva coleccion 202666 - Copia 6",inactive,,,,"Con el presupuesto de la campaña",0,0,0,0,0,0,,"En curso","7 días tras clic, 1 día tras visualización o 1 día tras visualización activa",0,ABSOLUTE_OCPM,2026-08-22T19:14:35-0300,-,-,-,"A+ - Publicos Personalizados  - Sale",,,,,,0,,,00:00:00,,,,,,,0,0,,,,,,
2026-08-13,2026-08-13,1,inactive,,,,"Con el presupuesto de la campaña",0,0,0,0,0,0,,"En curso","7 días tras clic, 1 día tras visualización o 1 día tras visualización activa",0,ABSOLUTE_OCPM,2026-08-22T19:14:35-0300,-,-,-,"A+ - Publicos Personalizados  - Sale",,,,,,0,,,00:00:00,,,,,,,0,0,,,,,,
2026-08-13,2026-08-13,"Ad3 - Angulo Producto Fit",active,,,,"Con el presupuesto de la campaña",0,0,0,0,0,0,,"En curso","7 días tras clic o 1 día tras visualización",0,ABSOLUTE_OCPM,2026-08-22T06:31:57-0300,-,-,-,"A+ - Prospecting - Angulos Nuevos (Anticipo-Viaje-Producto)",,,,,,0,,,00:00:00,,,,,,,0,0,,,,,,
2026-08-13,2026-08-13,"Ad6 - Secuencia - Nueva coleccion 202666 - Copia 3",inactive,,,,"Con el presupuesto de la campaña",0,0,0,0,0,0,,"En curso","7 días tras clic, 1 día tras visualización o 1 día tras visualización activa",0,ABSOLUTE_OCPM,2026-08-22T19:14:35-0300,-,-,-,"A+ - Publicos Personalizados  - Sale",,,,,,0,,,00:00:00,,,,,,,0,0,,,,,,
2026-08-13,2026-08-13,"Ad6 - Secuencia - Nueva coleccion 202666 - Copia 6",active,1,actions:offsite_conversion.fb_pixel_purchase,1192.91,"Con el presupuesto de la campaña",0,1192.91,116,105,1.104762,10283.706897,1,"En curso","7 días tras clic, 1 día tras visualización o 1 día tras visualización activa",0,ABSOLUTE_OCPM,2026-08-24T22:24:38-0300,-,-,-,"A+ - SA - Nueva coleccion 2026",42.745471,50991.5,50991.5,42.74547116,action_values:offsite_conversion.fb_pixel_purchase,0.952381,1,,00:00:00,,,,,,0.862069,3.809524,4.310345,1192.91,1,1,,,
2026-08-13,2026-08-13,"Ad2 - Angulo Viaje",active,,,,"Con el presupuesto de la campaña",0,0,0,0,0,0,,"En curso","7 días tras clic o 1 día tras visualización",0,ABSOLUTE_OCPM,2026-08-22T06:31:57-0300,-,-,-,"A+ - Prospecting - Angulos Nuevos (Anticipo-Viaje-Producto)",,,,,,0,,,00:00:00,,,,,,,0,0,,,,,,
2026-08-13,2026-08-13,"Secuencia imagenes 1 - Minimal SS25 - Copia 2",inactive,,,,"Con el presupuesto de la campaña",0,0,0,0,0,0,,"En curso","7 días tras clic, 1 día tras visualización o 1 día tras visualización activa",0,ABSOLUTE_OCPM,2026-08-22T19:14:35-0300,-,-,-,"A+ - Publicos Personalizados  - Sale",,,,,,0,,,00:00:00,,,,,,,0,0,,,,,,
2026-08-13,2026-08-13,"Ad6 - Secuencia - Nueva coleccion 202666 - Copia 9",active,,,,"Con el presupuesto de la campaña",0,188.63,24,23,1.043478,7859.583333,,"En curso","7 días tras clic, 1 día tras visualización o 1 día tras visualización activa",0,ABSOLUTE_OCPM,2026-08-24T22:24:38-0300,-,-,-,"A+ - SA - Nueva coleccion 2026",,,,,,4.347826,1,,00:00:00,,,,,,4.166667,4.347826,8.333333,188.63,1,,,,
2026-08-13,2026-08-13,"Ad1 - Angulo Anticipo Temporada",active,2,actions:offsite_conversion.fb_pixel_purchase,7028.13,"Con el presupuesto de la campaña",0,14056.26,1614,1284,1.257009,8708.959108,2,"En curso","7 días tras clic o 1 día tras visualización",0,ABSOLUTE_OCPM,2026-08-22T06:31:57-0300,Promedio,-,-,"A+ - Prospecting - Angulos Nuevos (Anticipo-Viaje-Producto)",14.135509,99346.195,198692.39,14.13550902,action_values:offsite_conversion.fb_pixel_purchase,2.647975,35,317,2,867,470,287,210,209,2.168525,3.504673,3.407683,401.607429,34,9,2,,
2026-08-13,2026-08-13,"Ad6 - Secuencia - Nueva coleccion 2026 - Copia 3",inactive,,,,"Con el presupuesto de la campaña",0,0,0,0,0,0,,"En curso","7 días tras clic, 1 día tras visualización o 1 día tras visualización activa",0,ABSOLUTE_OCPM,2026-08-22T19:14:35-0300,-,-,-,"A+ - Publicos Personalizados  - Sale",,,,,,0,,,00:00:00,,,,,,,0,0,,,,,,
2026-08-13,2026-08-13,"Ad6 - Secuencia - Nueva coleccion 202666 - Copia 10",active,,,,"Con el presupuesto de la campaña",0,0,0,0,0,0,,"En curso","7 días tras clic, 1 día tras visualización o 1 día tras visualización activa",0,ABSOLUTE_OCPM,2026-08-24T22:24:38-0300,-,-,-,"A+ - SA - Nueva coleccion 2026",,,,,,0,,,00:00:00,,,,,,,0,0,,,,,,
2026-08-13,2026-08-13,"Ad6 - Secuencia - Nueva coleccion 202666 - Copia 12",active,,,,"Con el presupuesto de la campaña",0,365.98,54,48,1.125,6777.407407,,"En curso","7 días tras clic, 1 día tras visualización o 1 día tras visualización activa",0,ABSOLUTE_OCPM,2026-08-24T22:24:38-0300,-,-,-,"A+ - SA - Nueva coleccion 2026",,,,,,0,,,00:00:00,,,,,,,0,0,,,,,,
2026-08-13,2026-08-13,"Ad5 - Video - Sale - Copia 2",inactive,,,,"Con el presupuesto de la campaña",0,0,0,0,0,0,,"En curso","7 días tras clic, 1 día tras visualización o 1 día tras visualización activa",0,ABSOLUTE_OCPM,2026-08-22T19:14:35-0300,-,-,-,"A+ - Publicos Personalizados  - Sale",,,,,,0,,,00:00:00,,,,,,,0,0,,,,,,
2026-08-13,2026-08-13,"Ad6 - Secuencia - Nueva coleccion 202666 - Copia 7",inactive,,,,"Con el presupuesto de la campaña",0,0,0,0,0,0,,"En curso","7 días tras clic, 1 día tras visualización o 1 día tras visualización activa",0,ABSOLUTE_OCPM,2026-08-24T22:24:38-0300,-,-,-,"A+ - SA - Nueva coleccion 2026",,,,,,0,,,00:00:00,,,,,,,0,0,,,,,,
2026-08-13,2026-08-13,"Ad6 - Secuencia - Nueva coleccion 202666 - Copia 5",not_delivering,,,,"Con el presupuesto de la campaña",0,26413.9,2434,1763,1.380601,10852.054232,,"En curso","7 días tras clic, 1 día tras visualización o 1 día tras visualización activa",0,ABSOLUTE_OCPM,2026-08-22T19:14:35-0300,-,-,-,"A+ - Publicos Personalizados  - Sale",,,,,,3.857062,81,,00:00:00,,,,,,3.327855,4.651163,4.930156,326.097531,73,10,1,,
2026-08-13,2026-08-13,"Ad6 - Secuencia - Nueva coleccion 2026 - Copia 3",inactive,,,,"Con el presupuesto de la campaña",0,0,0,0,0,0,,"En curso","7 días tras clic, 1 día tras visualización o 1 día tras visualización activa",0,ABSOLUTE_OCPM,2026-08-22T19:14:35-0300,-,-,-,"A+ - Publicos Personalizados  - Sale",,,,,,0,,,00:00:00,,,,,,,0,0,,,,,,
2026-08-13,2026-08-13,"Ad6 - Secuencia - Nueva coleccion 202666 - Copia 9",active,,,,"Con el presupuesto de la campaña",0,38.46,9,9,1,4273.333333,,"En curso","7 días tras clic, 1 día tras visualización o 1 día tras visualización activa",0,ABSOLUTE_OCPM,2026-08-24T22:24:38-0300,-,-,-,"A+ - SA - Nueva coleccion 2026",,,,,,0,,,00:00:00,,,,,,,0,0,,,,,,
2026-08-13,2026-08-13,"Ad6 - Secuencia - Nueva coleccion 202666 - Copia 11",active,,,,"Con el presupuesto de la campaña",0,43179.29,7511,5557,1.351629,5748.807083,,"En curso","7 días tras clic, 1 día tras visualización o 1 día tras visualización activa",0,ABSOLUTE_OCPM,2026-08-24T22:24:38-0300,-,-,-,"A+ - SA - Nueva coleccion 2026",,,,,,2.933237,188,10,2,29,14,5,5,5,2.502996,3.707036,3.46159,229.677074,165,35,1,,
2026-08-13,2026-08-13,"Ad5 - Video - Sale - Copia 3",inactive,,,,"Con el presupuesto de la campaña",0,0,0,0,0,0,,"En curso","7 días tras clic, 1 día tras visualización o 1 día tras visualización activa",0,ABSOLUTE_OCPM,2026-08-22T19:14:35-0300,-,-,-,"A+ - Publicos Personalizados  - Sale",,,,,,0,,,00:00:00,,,,,,,0,0,,,,,,
2026-08-13,2026-08-13,"Ad6 - Secuencia - Nueva coleccion 202666 - Copia 6",active,,,,"Con el presupuesto de la campaña",0,0,0,0,0,0,,"En curso","7 días tras clic, 1 día tras visualización o 1 día tras visualización activa",0,ABSOLUTE_OCPM,2026-08-24T22:24:38-0300,-,-,-,"A+ - SA - Nueva coleccion 2026",,,,,,0,,,00:00:00,,,,,,,0,0,,,,,,
2026-08-13,2026-08-13,"Ad6 - Secuencia - Nueva coleccion 202666 - Copia 4",inactive,,,,"Con el presupuesto de la campaña",0,0,0,0,0,0,,"En curso","7 días tras clic, 1 día tras visualización o 1 día tras visualización activa",0,ABSOLUTE_OCPM,2026-08-22T19:14:35-0300,-,-,-,"A+ - Publicos Personalizados  - Sale",,,,,,0,,,00:00:00,,,,,,,0,0,,,,,,
2026-08-13,2026-08-13,"Ad6 - Video - Sale - Copia",inactive,,,,"Con el presupuesto de la campaña",0,0,0,0,0,0,,"En curso","7 días tras clic, 1 día tras visualización o 1 día tras visualización activa",0,ABSOLUTE_OCPM,2026-08-22T19:14:35-0300,-,-,-,"A+ - Publicos Personalizados  - Sale",,,,,,0,,,00:00:00,,,,,,,0,0,,,,,,
2026-08-13,2026-08-13,"Ad6 - Secuencia - Nueva coleccion 202666 - Copia 3",inactive,,,,"Con el presupuesto de la campaña",0,72.93,7,7,1,10418.571429,,"En curso","7 días tras clic, 1 día tras visualización o 1 día tras visualización activa",0,ABSOLUTE_OCPM,2026-08-22T19:14:35-0300,-,-,-,"A+ - Publicos Personalizados  - Sale",,,,,,0,,,00:00:00,,,,,,,0,0,,,,,,
2026-08-13,2026-08-13,"Ad6 - Secuencia - Nueva coleccion 202666 - Copia 4",inactive,,,,"Con el presupuesto de la campaña",0,0,0,0,0,0,,"En curso","7 días tras clic, 1 día tras visualización o 1 día tras visualización activa",0,ABSOLUTE_OCPM,2026-08-22T19:14:35-0300,-,-,-,"A+ - Publicos Personalizados  - Sale",,,,,,0,,,00:00:00,,,,,,,0,0,,,,,,
2026-08-13,2026-08-13,"Ad7 - Video - Sale",inactive,,,,"Con el presupuesto de la campaña",0,0,0,0,0,0,,"En curso","7 días tras clic, 1 día tras visualización o 1 día tras visualización activa",0,ABSOLUTE_OCPM,2026-08-22T19:14:35-0300,-,-,-,"A+ - Publicos Personalizados  - Sale",,,,,,0,,,00:00:00,,,,,,,0,0,,,,,,
2026-08-13,2026-08-13,"Ad6 - Secuencia - Nueva coleccion 202666 - Copia 8",active,,,,"Con el presupuesto de la campaña",0,629.7,146,134,1.089552,4313.013699,,"En curso","7 días tras clic, 1 día tras visualización o 1 día tras visualización activa",0,ABSOLUTE_OCPM,2026-08-24T22:24:38-0300,-,-,-,"A+ - SA - Nueva coleccion 2026",,,,,,1.492537,3,,00:00:00,,,,,,2.054795,2.238806,2.739726,209.9,4,,,,
2026-08-13,2026-08-13,"Ad6 - Secuencia - Nueva coleccion 202666 - Copia 7",inactive,,,,"Con el presupuesto de la campaña",0,0,0,0,0,0,,"En curso","7 días tras clic, 1 día tras visualización o 1 día tras visualización activa",0,ABSOLUTE_OCPM,2026-08-22T19:14:35-0300,-,-,-,"A+ - Publicos Personalizados  - Sale",,,,,,0,,,00:00:00,,,,,,,0,0,,,,,,
2026-08-13,2026-08-13,"Ad6 - Video - Sale",inactive,,,,"Con el presupuesto de la campaña",0,0,0,0,0,0,,"En curso","7 días tras clic, 1 día tras visualización o 1 día tras visualización activa",0,ABSOLUTE_OCPM,2026-08-22T19:14:35-0300,-,-,-,"A+ - Publicos Personalizados  - Sale",,,,,,0,,,00:00:00,,,,,,,0,0,,,,,,
2026-08-13,2026-08-13,"Ad6 - Secuencia - Nueva coleccion 202666 - Copia 6",inactive,,,,"Con el presupuesto de la campaña",0,0,0,0,0,0,,"En curso","7 días tras clic, 1 día tras visualización o 1 día tras visualización activa",0,ABSOLUTE_OCPM,2026-08-24T22:24:38-0300,-,-,-,"A+ - SA - Nueva coleccion 2026",,,,,,0,,,00:00:00,,,,,,,0,0,,,,,,
2026-08-13,2026-08-13,"Ad6 - Secuencia - Nueva coleccion 202666 - Copia 7",inactive,,,,"Con el presupuesto de la campaña",0,0,0,0,0,0,,"En curso","7 días tras clic, 1 día tras visualización o 1 día tras visualización activa",0,ABSOLUTE_OCPM,2026-08-24T22:24:38-0300,-,-,-,"A+ - SA - Nueva coleccion 2026",,,,,,0,,,00:00:00,,,,,,,0,0,,,,,,
2026-08-13,2026-08-13,"Ad5 - Video - Sale",inactive,,,,"Con el presupuesto de la campaña",0,0,0,0,0,0,,"En curso","7 días tras clic, 1 día tras visualización o 1 día tras visualización activa",0,ABSOLUTE_OCPM,2026-08-22T19:14:35-0300,-,-,-,"A+ - Publicos Personalizados  - Sale",,,,,,0,,,00:00:00,,,,,,,0,0,,,,,,
2026-08-13,2026-08-13,"Ad6 - Secuencia - Nueva coleccion 202666 - Copia 5",not_delivering,,,,"Con el presupuesto de la campaña",0,1441.23,168,151,1.112583,8578.75,,"En curso","7 días tras clic, 1 día tras visualización o 1 día tras visualización activa",0,ABSOLUTE_OCPM,2026-08-24T22:24:38-0300,-,-,-,"A+ - SA - Nueva coleccion 2026",,,,,,1.986755,3,,00:00:00,,,,,,1.785714,1.324503,1.785714,480.41,1,,,,
2026-08-13,2026-08-13,"Ad6 - Secuencia - Nueva coleccion 202666 - Copia 2",inactive,,,,"Con el presupuesto de la campaña",0,0,0,0,0,0,,"En curso","7 días tras clic, 1 día tras visualización o 1 día tras visualización activa",0,ABSOLUTE_OCPM,2026-08-22T19:14:35-0300,-,-,-,"A+ - Publicos Personalizados  - Sale",,,,,,0,,,00:00:00,,,,,,,0,0,,,,,,
2026-08-13,2026-08-13,"Ad2 - Video - Sale",inactive,,,,"Con el presupuesto de la campaña",0,0,0,0,0,0,,"En curso","7 días tras clic, 1 día tras visualización o 1 día tras visualización activa",0,ABSOLUTE_OCPM,2026-08-22T19:14:35-0300,-,-,-,"A+ - Publicos Personalizados  - Sale",,,,,,0,,,00:00:00,,,,,,,0,0,,,,,,
2026-08-13,2026-08-13,"Ad6 - Secuencia - Nueva coleccion 202666 - Copia 2",inactive,,,,"Con el presupuesto de la campaña",0,0,0,0,0,0,,"En curso","7 días tras clic, 1 día tras visualización o 1 día tras visualización activa",0,ABSOLUTE_OCPM,2026-08-22T19:14:35-0300,-,-,-,"A+ - Publicos Personalizados  - Sale",,,,,,0,,,00:00:00,,,,,,,0,0,,,,,,
2026-08-13,2026-08-13,"Ad6 - Secuencia - Nueva coleccion 202666 - Copia 2",inactive,,,,"Con el presupuesto de la campaña",0,229.61,40,36,1.111111,5740.25,,"En curso","7 días tras clic, 1 día tras visualización o 1 día tras visualización activa",0,ABSOLUTE_OCPM,2026-08-24T22:24:38-0300,-,-,-,"A+ - SA - Nueva coleccion 2026",,,,,,2.777778,1,2,2,6,2,2,,,2.5,5.555556,5,229.61,2,,,,
2026-08-13,2026-08-13,"Ad6 - Secuencia - Nueva coleccion 202666 - Copia 4",inactive,,,,"Con el presupuesto de la campaña",0,0,0,0,0,0,,"En curso","7 días tras clic, 1 día tras visualización o 1 día tras visualización activa",0,ABSOLUTE_OCPM,2026-08-24T22:24:38-0300,-,-,-,"A+ - SA - Nueva coleccion 2026",,,,,,0,,,00:00:00,,,,,,,0,0,,,,,,
2026-08-13,2026-08-13,"Ad6 - Secuencia - Nueva coleccion 2026 - Copia 3",active,,,,"Con el presupuesto de la campaña",0,13.48,2,2,1,6740,,"En curso","7 días tras clic, 1 día tras visualización o 1 día tras visualización activa",0,ABSOLUTE_OCPM,2026-08-24T22:24:38-0300,-,-,-,"A+ - SA - Nueva coleccion 2026",,,,,,0,,,00:00:00,,,,,,,0,0,,,,,,
2026-08-13,2026-08-13,"Ad6 - Secuencia - Nueva coleccion 202666 - Copia 4",not_delivering,,,,"Con el presupuesto de la campaña",0,0,0,0,0,0,,"En curso","7 días tras clic, 1 día tras visualización o 1 día tras visualización activa",0,ABSOLUTE_OCPM,2026-08-24T22:24:38-0300,-,-,-,"A+ - SA - Nueva coleccion 2026",,,,,,0,,,00:00:00,,,,,,,0,0,,,,,,
2026-08-13,2026-08-13,"Ad6 - Secuencia - Nueva coleccion 202666 - Copia 4",inactive,,,,"Con el presupuesto de la campaña",0,0,0,0,0,0,,"En curso","7 días tras clic, 1 día tras visualización o 1 día tras visualización activa",0,ABSOLUTE_OCPM,2026-08-22T19:14:35-0300,-,-,-,"A+ - Publicos Personalizados  - Sale",,,,,,0,,,00:00:00,,,,,,,0,0,,,,,,
2026-08-13,2026-08-13,"Ad6 - Secuencia - Nueva coleccion 202666 - Copia 3",inactive,,,,"Con el presupuesto de la campaña",0,0,0,0,0,0,,"En curso","7 días tras clic, 1 día tras visualización o 1 día tras visualización activa",0,ABSOLUTE_OCPM,2026-08-22T19:14:35-0300,-,-,-,"A+ - Publicos Personalizados  - Sale",,,,,,0,,,00:00:00,,,,,,,0,0,,,,,,
2026-08-13,2026-08-13,"Ad6 - Secuencia - Nueva coleccion 202666 - Copia 6",inactive,,,,"Con el presupuesto de la campaña",0,0,0,0,0,0,,"En curso","7 días tras clic, 1 día tras visualización o 1 día tras visualización activa",0,ABSOLUTE_OCPM,2026-08-22T19:14:35-0300,-,-,-,"A+ - Publicos Personalizados  - Sale",,,,,,0,,,00:00:00,,,,,,,0,0,,,,,,
2026-08-13,2026-08-13,"Ad6 - Secuencia - Nueva coleccion 202666 - Copia 3",inactive,,,,"Con el presupuesto de la campaña",0,0,0,0,0,0,,"En curso","7 días tras clic, 1 día tras visualización o 1 día tras visualización activa",0,ABSOLUTE_OCPM,2026-08-24T22:24:38-0300,-,-,-,"A+ - SA - Nueva coleccion 2026",,,,,,0,,,00:00:00,,,,,,,0,0,,,,,,
2026-08-13,2026-08-13,"Ad6 - Secuencia - Nueva coleccion 202666 - Copia 4",inactive,,,,"Con el presupuesto de la campaña",0,0,0,0,0,0,,"En curso","7 días tras clic, 1 día tras visualización o 1 día tras visualización activa",0,ABSOLUTE_OCPM,2026-08-22T19:14:35-0300,-,-,-,"A+ - Publicos Personalizados  - Sale",,,,,,0,,,00:00:00,,,,,,,0,0,,,,,,
2026-08-13,2026-08-13,"Ad6 - Secuencia - Nueva coleccion 202666 - Copia 2",inactive,,,,"Con el presupuesto de la campaña",0,0,0,0,0,0,,"En curso","7 días tras clic, 1 día tras visualización o 1 día tras visualización activa",0,ABSOLUTE_OCPM,2026-08-24T22:24:38-0300,-,-,-,"A+ - SA - Nueva coleccion 2026",,,,,,0,,,00:00:00,,,,,,,0,0,,,,,,
2026-08-13,2026-08-13,"Ad6 - Secuencia - Nueva coleccion 202666 - Copia 3",not_delivering,,,,"Con el presupuesto de la campaña",0,242.8,21,20,1.05,11561.904762,,"En curso","7 días tras clic, 1 día tras visualización o 1 día tras visualización activa",0,ABSOLUTE_OCPM,2026-08-22T19:14:35-0300,-,-,-,"A+ - Publicos Personalizados  - Sale",,,,,,0,,,00:00:00,,,,,,,10,9.52381,,,,,,
2026-08-13,2026-08-13,"Ad6 - Secuencia - Nueva coleccion 2026 - Copia 4",active,,,,"Con el presupuesto de la campaña",0,0,0,0,0,0,,"En curso","7 días tras clic, 1 día tras visualización o 1 día tras visualización activa",0,ABSOLUTE_OCPM,2026-08-24T22:24:38-0300,-,-,-,"A+ - SA - Nueva coleccion 2026",,,,,,0,,,00:00:00,,,,,,,0,0,,,,,,
2026-08-13,2026-08-13,"Ad6 - Secuencia - Nueva coleccion 202666 - Copia 2",inactive,,,,"Con el presupuesto de la campaña",0,0,0,0,0,0,,"En curso","7 días tras clic, 1 día tras visualización o 1 día tras visualización activa",0,ABSOLUTE_OCPM,2026-08-22T19:14:35-0300,-,-,-,"A+ - Publicos Personalizados  - Sale",,,,,,0,,,00:00:00,,,,,,,0,0,,,,,,
2026-08-13,2026-08-13,"Ad6 - Secuencia - Nueva coleccion 202666 - Copia",inactive,,,,"Con el presupuesto de la campaña",0,2.39,4,4,1,597.5,,"En curso","7 días tras clic, 1 día tras visualización o 1 día tras visualización activa",0,ABSOLUTE_OCPM,2026-08-24T22:24:38-0300,-,-,-,"A+ - SA - Nueva coleccion 2026",,,,,,0,,,00:00:00,,,,,,,0,0,,,,,,
2026-08-13,2026-08-13,"Ad5 - Video - Sale - Copia 3",inactive,,,,"Con el presupuesto de la campaña",0,0,0,0,0,0,,"En curso","7 días tras clic, 1 día tras visualización o 1 día tras visualización activa",0,ABSOLUTE_OCPM,2026-08-22T19:14:35-0300,-,-,-,"A+ - Publicos Personalizados  - Sale",,,,,,0,,,00:00:00,,,,,,,0,0,,,,,,
2026-08-13,2026-08-13,"Ad6 - Secuencia - Nueva coleccion 202666 - Copia 5",not_delivering,,,,"Con el presupuesto de la campaña",0,0,0,0,0,0,,"En curso","7 días tras clic, 1 día tras visualización o 1 día tras visualización activa",0,ABSOLUTE_OCPM,2026-08-22T19:14:35-0300,-,-,-,"A+ - Publicos Personalizados  - Sale",,,,,,0,,,00:00:00,,,,,,,0,0,,,,,,
2026-08-13,2026-08-13,"Ad5 - Video - Sale - Copia 2",inactive,,,,"Con el presupuesto de la campaña",0,0,0,0,0,0,,"En curso","7 días tras clic, 1 día tras visualización o 1 día tras visualización activa",0,ABSOLUTE_OCPM,2026-08-22T19:14:35-0300,-,-,-,"A+ - Publicos Personalizados  - Sale",,,,,,0,,,00:00:00,,,,,,,0,0,,,,,,
2026-08-13,2026-08-13,"Ad6 - Secuencia - Nueva coleccion 202666 - Copia 2",inactive,,,,"Con el presupuesto de la campaña",0,0,0,0,0,0,,"En curso","7 días tras clic, 1 día tras visualización o 1 día tras visualización activa",0,ABSOLUTE_OCPM,2026-08-22T19:14:35-0300,-,-,-,"A+ - Publicos Personalizados  - Sale",,,,,,0,,,00:00:00,,,,,,,0,0,,,,,,
2026-08-13,2026-08-13,"Ad6 - Secuencia - Nueva coleccion 2026 - Copia",inactive,,,,"Con el presupuesto de la campaña",0,120.36,17,15,1.133333,7080,,"En curso","7 días tras clic, 1 día tras visualización o 1 día tras visualización activa",0,ABSOLUTE_OCPM,2026-08-24T22:24:38-0300,-,-,-,"A+ - SA - Nueva coleccion 2026",,,,,,0,,,1,,,,,,,0,0,,,,,,
2026-08-13,2026-08-13,"Ad6 - Secuencia - Nueva coleccion 202666 - Copia",inactive,,,,"Con el presupuesto de la campaña",0,0,0,0,0,0,,"En curso","7 días tras clic, 1 día tras visualización o 1 día tras visualización activa",0,ABSOLUTE_OCPM,2026-08-22T19:14:35-0300,-,-,-,"A+ - Publicos Personalizados  - Sale",,,,,,0,,,00:00:00,,,,,,,0,0,,,,,,
2026-08-13,2026-08-13,"Ad4 - Imagen - Sale",inactive,,,,"Con el presupuesto de la campaña",0,0,0,0,0,0,,"En curso","7 días tras clic, 1 día tras visualización o 1 día tras visualización activa",0,ABSOLUTE_OCPM,2026-08-22T19:14:35-0300,-,-,-,"A+ - Publicos Personalizados  - Sale",,,,,,0,,,00:00:00,,,,,,,0,0,,,,,,
2026-08-13,2026-08-13,"Ad6 - Secuencia - Nueva coleccion 2026 - Copia",inactive,,,,"Con el presupuesto de la campaña",0,267.5,27,26,1.038462,9907.407407,,"En curso","7 días tras clic, 1 día tras visualización o 1 día tras visualización activa",0,ABSOLUTE_OCPM,2026-08-24T22:24:38-0300,-,-,-,"A+ - SA - Nueva coleccion 2026",,,,,,0,,,1,,,,,,,0,0,,,,,,
2026-08-13,2026-08-13,"Ad3 - Video - Sale",inactive,,,,"Con el presupuesto de la campaña",0,0,0,0,0,0,,"En curso","7 días tras clic, 1 día tras visualización o 1 día tras visualización activa",0,ABSOLUTE_OCPM,2026-08-22T19:14:35-0300,-,-,-,"A+ - Publicos Personalizados  - Sale",,,,,,0,,,00:00:00,,,,,,,0,0,,,,,,
2026-08-13,2026-08-13,"Ad5 - Video - Sale - Copia",not_delivering,,,,"Con el presupuesto de la campaña",0,0,0,0,0,0,,"En curso","7 días tras clic, 1 día tras visualización o 1 día tras visualización activa",0,ABSOLUTE_OCPM,2026-08-22T19:14:35-0300,-,-,-,"A+ - Publicos Personalizados  - Sale",,,,,,0,,,00:00:00,,,,,,,0,0,,,,,,
2026-08-13,2026-08-13,"Ad1 - Video - Sale",inactive,,,,"Con el presupuesto de la campaña",0,0,0,0,0,0,,"En curso","7 días tras clic, 1 día tras visualización o 1 día tras visualización activa",0,ABSOLUTE_OCPM,2026-08-22T19:14:35-0300,-,-,-,"A+ - Publicos Personalizados  - Sale",,,,,,0,,,00:00:00,,,,,,,0,0,,,,,,
2026-08-12,2026-08-12,"Ad6 - Secuencia - Nueva coleccion 202666 - Copia 2",inactive,,,,"Con el presupuesto de la campaña",0,0,0,0,0,0,,"En curso","7 días tras clic, 1 día tras visualización o 1 día tras visualización activa",0,ABSOLUTE_OCPM,2026-08-22T19:14:35-0300,-,-,-,"A+ - Publicos Personalizados  - Sale",,,,,,0,,,00:00:00,,,,,,,0,0,,,,,,
2026-08-12,2026-08-12,"Ad6 - Secuencia - Nueva coleccion 202666 - Copia 7",active,,,,"Con el presupuesto de la campaña",0,309.22,40,36,1.111111,7730.5,,"En curso","7 días tras clic, 1 día tras visualización o 1 día tras visualización activa",0,ABSOLUTE_OCPM,2026-08-24T22:24:38-0300,-,-,-,"A+ - SA - Nueva coleccion 2026",,,,,,2.777778,1,,00:00:00,,,,,,2.5,5.555556,5,309.22,1,,,,
2026-08-12,2026-08-12,"Ad6 - Secuencia - Nueva coleccion 2026 - Copia 2",inactive,,,,"Con el presupuesto de la campaña",0,0,0,0,0,0,,"En curso","7 días tras clic, 1 día tras visualización o 1 día tras visualización activa",0,ABSOLUTE_OCPM,2026-08-24T22:24:38-0300,-,-,-,"A+ - SA - Nueva coleccion 2026",,,,,,0,,,00:00:00,,,,,,,0,0,,,,,,
2026-08-12,2026-08-12,"Ad6 - Secuencia - Nueva coleccion 202666 - Copia 6",inactive,,,,"Con el presupuesto de la campaña",0,0,0,0,0,0,,"En curso","7 días tras clic, 1 día tras visualización o 1 día tras visualización activa",0,ABSOLUTE_OCPM,2026-08-22T19:14:35-0300,-,-,-,"A+ - Publicos Personalizados  - Sale",,,,,,0,,,00:00:00,,,,,,,0,0,,,,,,
2026-08-12,2026-08-12,1,inactive,,,,"Con el presupuesto de la campaña",0,0,0,0,0,0,,"En curso","7 días tras clic, 1 día tras visualización o 1 día tras visualización activa",0,ABSOLUTE_OCPM,2026-08-22T19:14:35-0300,-,-,-,"A+ - Publicos Personalizados  - Sale",,,,,,0,,,00:00:00,,,,,,,0,0,,,,,,
2026-08-12,2026-08-12,"Ad3 - Angulo Producto Fit",active,,,,"Con el presupuesto de la campaña",0,0,0,0,0,0,,"En curso","7 días tras clic o 1 día tras visualización",0,ABSOLUTE_OCPM,2026-08-22T06:31:57-0300,-,-,-,"A+ - Prospecting - Angulos Nuevos (Anticipo-Viaje-Producto)",,,,,,0,,,00:00:00,,,,,,,0,0,,,,,,
2026-08-12,2026-08-12,"Ad6 - Secuencia - Nueva coleccion 202666 - Copia 3",inactive,,,,"Con el presupuesto de la campaña",0,0,0,0,0,0,,"En curso","7 días tras clic, 1 día tras visualización o 1 día tras visualización activa",0,ABSOLUTE_OCPM,2026-08-22T19:14:35-0300,-,-,-,"A+ - Publicos Personalizados  - Sale",,,,,,0,,,00:00:00,,,,,,,0,0,,,,,,
2026-08-12,2026-08-12,"Ad6 - Secuencia - Nueva coleccion 202666 - Copia 6",active,,,,"Con el presupuesto de la campaña",0,0.38,1,1,1,380,,"En curso","7 días tras clic, 1 día tras visualización o 1 día tras visualización activa",0,ABSOLUTE_OCPM,2026-08-24T22:24:38-0300,-,-,-,"A+ - SA - Nueva coleccion 2026",,,,,,0,,,00:00:00,,,,,,,0,0,,,,,,
2026-08-12,2026-08-12,"Ad2 - Angulo Viaje",active,,,,"Con el presupuesto de la campaña",0,0,0,0,0,0,,"En curso","7 días tras clic o 1 día tras visualización",0,ABSOLUTE_OCPM,2026-08-22T06:31:57-0300,-,-,-,"A+ - Prospecting - Angulos Nuevos (Anticipo-Viaje-Producto)",,,,,,0,,,00:00:00,,,,,,,0,0,,,,,,
2026-08-12,2026-08-12,"Secuencia imagenes 1 - Minimal SS25 - Copia 2",inactive,,,,"Con el presupuesto de la campaña",0,0,0,0,0,0,,"En curso","7 días tras clic, 1 día tras visualización o 1 día tras visualización activa",0,ABSOLUTE_OCPM,2026-08-22T19:14:35-0300,-,-,-,"A+ - Publicos Personalizados  - Sale",,,,,,0,,,00:00:00,,,,,,,0,0,,,,,,
2026-08-12,2026-08-12,"Ad6 - Secuencia - Nueva coleccion 202666 - Copia 9",active,,,,"Con el presupuesto de la campaña",0,117.64,12,10,1.2,9803.333333,,"En curso","7 días tras clic, 1 día tras visualización o 1 día tras visualización activa",0,ABSOLUTE_OCPM,2026-08-24T22:24:38-0300,-,-,-,"A+ - SA - Nueva coleccion 2026",,,,,,10,1,,00:00:00,,,,,,8.333333,10,8.333333,117.64,,,,,
2026-08-12,2026-08-12,"Ad1 - Angulo Anticipo Temporada",active,1,actions:offsite_conversion.fb_pixel_purchase,17540.08,"Con el presupuesto de la campaña",0,17540.08,1738,1402,1.239658,10092.105869,1,"En curso","7 días tras clic o 1 día tras visualización",0,ABSOLUTE_OCPM,2026-08-22T06:31:57-0300,Promedio,-,-,"A+ - Prospecting - Angulos Nuevos (Anticipo-Viaje-Producto)",8.549562,149960,149960,8.54956192,action_values:offsite_conversion.fb_pixel_purchase,2.068474,30,357,2,873,473,292,211,212,1.726122,3.922967,3.739931,584.669333,24,9,,,
2026-08-12,2026-08-12,"Ad6 - Secuencia - Nueva coleccion 2026 - Copia 3",inactive,,,,"Con el presupuesto de la campaña",0,0,0,0,0,0,,"En curso","7 días tras clic, 1 día tras visualización o 1 día tras visualización activa",0,ABSOLUTE_OCPM,2026-08-22T19:14:35-0300,-,-,-,"A+ - Publicos Personalizados  - Sale",,,,,,0,,,00:00:00,,,,,,,0,0,,,,,,
2026-08-12,2026-08-12,"Ad6 - Secuencia - Nueva coleccion 202666 - Copia 10",active,,,,"Con el presupuesto de la campaña",0,1926.81,200,187,1.069519,9634.05,,"En curso","7 días tras clic, 1 día tras visualización o 1 día tras visualización activa",0,ABSOLUTE_OCPM,2026-08-24T22:24:38-0300,-,-,-,"A+ - SA - Nueva coleccion 2026",,,,,,3.743316,9,6,2,16,11,7,6,6,4.5,3.743316,5,214.09,8,1,,,
2026-08-12,2026-08-12,"Ad6 - Secuencia - Nueva coleccion 202666 - Copia 12",active,,,,"Con el presupuesto de la campaña",0,717.87,71,59,1.20339,10110.84507,,"En curso","7 días tras clic, 1 día tras visualización o 1 día tras visualización activa",0,ABSOLUTE_OCPM,2026-08-24T22:24:38-0300,-,-,-,"A+ - SA - Nueva coleccion 2026",,,,,,3.389831,2,,00:00:00,,,,,,2.816901,3.389831,2.816901,358.935,1,,,,
2026-08-12,2026-08-12,"Ad5 - Video - Sale - Copia 2",inactive,,,,"Con el presupuesto de la campaña",0,0,0,0,0,0,,"En curso","7 días tras clic, 1 día tras visualización o 1 día tras visualización activa",0,ABSOLUTE_OCPM,2026-08-22T19:14:35-0300,-,-,-,"A+ - Publicos Personalizados  - Sale",,,,,,0,,,00:00:00,,,,,,,0,0,,,,,,
2026-08-12,2026-08-12,"Ad6 - Secuencia - Nueva coleccion 202666 - Copia 7",inactive,,,,"Con el presupuesto de la campaña",0,0,0,0,0,0,,"En curso","7 días tras clic, 1 día tras visualización o 1 día tras visualización activa",0,ABSOLUTE_OCPM,2026-08-24T22:24:38-0300,-,-,-,"A+ - SA - Nueva coleccion 2026",,,,,,0,,,00:00:00,,,,,,,0,0,,,,,,
2026-08-12,2026-08-12,"Ad6 - Secuencia - Nueva coleccion 202666 - Copia 5",not_delivering,,,,"Con el presupuesto de la campaña",0,2975.61,397,373,1.064343,7495.239295,,"En curso","7 días tras clic, 1 día tras visualización o 1 día tras visualización activa",0,ABSOLUTE_OCPM,2026-08-22T19:14:35-0300,-,-,-,"A+ - Publicos Personalizados  - Sale",,,,,,2.680965,10,,00:00:00,,,,,,2.518892,3.485255,3.526448,297.561,9,,,,
2026-08-12,2026-08-12,"Ad6 - Secuencia - Nueva coleccion 2026 - Copia 3",inactive,,,,"Con el presupuesto de la campaña",0,0,0,0,0,0,,"En curso","7 días tras clic, 1 día tras visualización o 1 día tras visualización activa",0,ABSOLUTE_OCPM,2026-08-22T19:14:35-0300,-,-,-,"A+ - Publicos Personalizados  - Sale",,,,,,0,,,00:00:00,,,,,,,0,0,,,,,,
2026-08-12,2026-08-12,"Ad6 - Secuencia - Nueva coleccion 202666 - Copia 9",active,,,,"Con el presupuesto de la campaña",0,398.27,13,11,1.181818,30636.153846,,"En curso","7 días tras clic, 1 día tras visualización o 1 día tras visualización activa",0,ABSOLUTE_OCPM,2026-08-24T22:24:38-0300,-,-,-,"A+ - SA - Nueva coleccion 2026",,,,,,9.090909,1,,00:00:00,,,,,,7.692308,9.090909,7.692308,398.27,1,,,,
2026-08-12,2026-08-12,"Ad6 - Secuencia - Nueva coleccion 202666 - Copia 11",active,3,actions:offsite_conversion.fb_pixel_purchase,15187.13333333,"Con el presupuesto de la campaña",0,45561.4,7832,5749,1.362324,5817.339122,3,"En curso","7 días tras clic, 1 día tras visualización o 1 día tras visualización activa",0,ABSOLUTE_OCPM,2026-08-24T22:24:38-0300,-,-,-,"A+ - SA - Nueva coleccion 2026",9.506936,144383.11,433149.33,9.50693635,action_values:offsite_conversion.fb_pixel_purchase,2.4526,164,4,2,13,6,2,2,2,2.093973,3.357106,3.217569,277.813415,134,40,5,,
2026-08-12,2026-08-12,"Ad5 - Video - Sale - Copia 3",inactive,,,,"Con el presupuesto de la campaña",0,0,0,0,0,0,,"En curso","7 días tras clic, 1 día tras visualización o 1 día tras visualización activa",0,ABSOLUTE_OCPM,2026-08-22T19:14:35-0300,-,-,-,"A+ - Publicos Personalizados  - Sale",,,,,,0,,,00:00:00,,,,,,,0,0,,,,,,
2026-08-12,2026-08-12,"Ad6 - Secuencia - Nueva coleccion 202666 - Copia 6",active,,,,"Con el presupuesto de la campaña",0,1487.08,277,250,1.108,5368.519856,,"En curso","7 días tras clic, 1 día tras visualización o 1 día tras visualización activa",0,ABSOLUTE_OCPM,2026-08-24T22:24:38-0300,-,-,-,"A+ - SA - Nueva coleccion 2026",,,,,,2,5,,00:00:00,,,,,,1.805054,2,1.805054,297.416,3,4,1,,
2026-08-12,2026-08-12,"Ad6 - Secuencia - Nueva coleccion 202666 - Copia 4",inactive,,,,"Con el presupuesto de la campaña",0,0,0,0,0,0,,"En curso","7 días tras clic, 1 día tras visualización o 1 día tras visualización activa",0,ABSOLUTE_OCPM,2026-08-22T19:14:35-0300,-,-,-,"A+ - Publicos Personalizados  - Sale",,,,,,0,,,00:00:00,,,,,,,0,0,,,,,,
2026-08-12,2026-08-12,"Ad6 - Video - Sale - Copia",inactive,,,,"Con el presupuesto de la campaña",0,0,0,0,0,0,,"En curso","7 días tras clic, 1 día tras visualización o 1 día tras visualización activa",0,ABSOLUTE_OCPM,2026-08-22T19:14:35-0300,-,-,-,"A+ - Publicos Personalizados  - Sale",,,,,,0,,,00:00:00,,,,,,,0,0,,,,,,
2026-08-12,2026-08-12,"Ad6 - Secuencia - Nueva coleccion 202666 - Copia 3",inactive,,,,"Con el presupuesto de la campaña",0,0,0,0,0,0,,"En curso","7 días tras clic, 1 día tras visualización o 1 día tras visualización activa",0,ABSOLUTE_OCPM,2026-08-22T19:14:35-0300,-,-,-,"A+ - Publicos Personalizados  - Sale",,,,,,0,,,00:00:00,,,,,,,0,0,,,,,,
2026-08-12,2026-08-12,"Ad6 - Secuencia - Nueva coleccion 202666 - Copia 4",inactive,,,,"Con el presupuesto de la campaña",0,0,0,0,0,0,,"En curso","7 días tras clic, 1 día tras visualización o 1 día tras visualización activa",0,ABSOLUTE_OCPM,2026-08-22T19:14:35-0300,-,-,-,"A+ - Publicos Personalizados  - Sale",,,,,,0,,,00:00:00,,,,,,,0,0,,,,,,
2026-08-12,2026-08-12,"Ad7 - Video - Sale",inactive,,,,"Con el presupuesto de la campaña",0,0,0,0,0,0,,"En curso","7 días tras clic, 1 día tras visualización o 1 día tras visualización activa",0,ABSOLUTE_OCPM,2026-08-22T19:14:35-0300,-,-,-,"A+ - Publicos Personalizados  - Sale",,,,,,0,,,00:00:00,,,,,,,0,0,,,,,,
2026-08-12,2026-08-12,"Ad6 - Secuencia - Nueva coleccion 202666 - Copia 8",active,,,,"Con el presupuesto de la campaña",0,1473.62,118,113,1.044248,12488.305085,,"En curso","7 días tras clic, 1 día tras visualización o 1 día tras visualización activa",0,ABSOLUTE_OCPM,2026-08-24T22:24:38-0300,-,-,-,"A+ - SA - Nueva coleccion 2026",,,,,,5.309735,8,,00:00:00,,,,,,6.779661,5.309735,7.627119,184.2025,4,,,,
2026-08-12,2026-08-12,"Ad6 - Secuencia - Nueva coleccion 202666 - Copia 7",inactive,,,,"Con el presupuesto de la campaña",0,0,0,0,0,0,,"En curso","7 días tras clic, 1 día tras visualización o 1 día tras visualización activa",0,ABSOLUTE_OCPM,2026-08-22T19:14:35-0300,-,-,-,"A+ - Publicos Personalizados  - Sale",,,,,,0,,,00:00:00,,,,,,,0,0,,,,,,
2026-08-12,2026-08-12,"Ad6 - Video - Sale",inactive,,,,"Con el presupuesto de la campaña",0,0,0,0,0,0,,"En curso","7 días tras clic, 1 día tras visualización o 1 día tras visualización activa",0,ABSOLUTE_OCPM,2026-08-22T19:14:35-0300,-,-,-,"A+ - Publicos Personalizados  - Sale",,,,,,0,,,00:00:00,,,,,,,0,0,,,,,,
2026-08-12,2026-08-12,"Ad6 - Secuencia - Nueva coleccion 202666 - Copia 6",inactive,,,,"Con el presupuesto de la campaña",0,0,0,0,0,0,,"En curso","7 días tras clic, 1 día tras visualización o 1 día tras visualización activa",0,ABSOLUTE_OCPM,2026-08-24T22:24:38-0300,-,-,-,"A+ - SA - Nueva coleccion 2026",,,,,,0,,,00:00:00,,,,,,,0,0,,,,,,
2026-08-12,2026-08-12,"Ad6 - Secuencia - Nueva coleccion 202666 - Copia 7",inactive,,,,"Con el presupuesto de la campaña",0,0,0,0,0,0,,"En curso","7 días tras clic, 1 día tras visualización o 1 día tras visualización activa",0,ABSOLUTE_OCPM,2026-08-24T22:24:38-0300,-,-,-,"A+ - SA - Nueva coleccion 2026",,,,,,0,,,00:00:00,,,,,,,0,0,,,,,,
2026-08-12,2026-08-12,"Ad5 - Video - Sale",inactive,,,,"Con el presupuesto de la campaña",0,0,0,0,0,0,,"En curso","7 días tras clic, 1 día tras visualización o 1 día tras visualización activa",0,ABSOLUTE_OCPM,2026-08-22T19:14:35-0300,-,-,-,"A+ - Publicos Personalizados  - Sale",,,,,,0,,,00:00:00,,,,,,,0,0,,,,,,
2026-08-12,2026-08-12,"Ad6 - Secuencia - Nueva coleccion 202666 - Copia 5",not_delivering,,,,"Con el presupuesto de la campaña",0,8237.68,1177,975,1.207179,6998.878505,,"En curso","7 días tras clic, 1 día tras visualización o 1 día tras visualización activa",0,ABSOLUTE_OCPM,2026-08-24T22:24:38-0300,-,-,-,"A+ - SA - Nueva coleccion 2026",,,,,,1.74359,23,,00:00:00,,,,,,1.954121,2.358974,2.633815,358.16,15,1,,,
2026-08-12,2026-08-12,"Ad6 - Secuencia - Nueva coleccion 202666 - Copia 2",inactive,,,,"Con el presupuesto de la campaña",0,0,0,0,0,0,,"En curso","7 días tras clic, 1 día tras visualización o 1 día tras visualización activa",0,ABSOLUTE_OCPM,2026-08-22T19:14:35-0300,-,-,-,"A+ - Publicos Personalizados  - Sale",,,,,,0,,,00:00:00,,,,,,,0,0,,,,,,
2026-08-12,2026-08-12,"Ad2 - Video - Sale",inactive,,,,"Con el presupuesto de la campaña",0,0,0,0,0,0,,"En curso","7 días tras clic, 1 día tras visualización o 1 día tras visualización activa",0,ABSOLUTE_OCPM,2026-08-22T19:14:35-0300,-,-,-,"A+ - Publicos Personalizados  - Sale",,,,,,0,,,00:00:00,,,,,,,0,0,,,,,,
2026-08-12,2026-08-12,"Ad6 - Secuencia - Nueva coleccion 202666 - Copia 2",inactive,,,,"Con el presupuesto de la campaña",0,0,0,0,0,0,,"En curso","7 días tras clic, 1 día tras visualización o 1 día tras visualización activa",0,ABSOLUTE_OCPM,2026-08-22T19:14:35-0300,-,-,-,"A+ - Publicos Personalizados  - Sale",,,,,,0,,,00:00:00,,,,,,,0,0,,,,,,
2026-08-12,2026-08-12,"Ad6 - Secuencia - Nueva coleccion 202666 - Copia 2",inactive,,,,"Con el presupuesto de la campaña",0,414.33,39,37,1.054054,10623.846154,,"En curso","7 días tras clic, 1 día tras visualización o 1 día tras visualización activa",0,ABSOLUTE_OCPM,2026-08-24T22:24:38-0300,-,-,-,"A+ - SA - Nueva coleccion 2026",,,,,,5.405405,2,2,4,4,2,2,2,2,5.128205,8.108108,7.692308,207.165,1,,,,
2026-08-12,2026-08-12,"Ad6 - Secuencia - Nueva coleccion 202666 - Copia 4",inactive,,,,"Con el presupuesto de la campaña",0,0,0,0,0,0,,"En curso","7 días tras clic, 1 día tras visualización o 1 día tras visualización activa",0,ABSOLUTE_OCPM,2026-08-24T22:24:38-0300,-,-,-,"A+ - SA - Nueva coleccion 2026",,,,,,0,,,00:00:00,,,,,,,0,0,,,,,,
2026-08-12,2026-08-12,"Ad6 - Secuencia - Nueva coleccion 2026 - Copia 3",active,,,,"Con el presupuesto de la campaña",0,341.37,36,33,1.090909,9482.5,,"En curso","7 días tras clic, 1 día tras visualización o 1 día tras visualización activa",0,ABSOLUTE_OCPM,2026-08-24T22:24:38-0300,-,-,-,"A+ - SA - Nueva coleccion 2026",,,,,,0,,,2,1,,,,,,0,0,,,,,,
2026-08-12,2026-08-12,"Ad6 - Secuencia - Nueva coleccion 202666 - Copia 4",not_delivering,,,,"Con el presupuesto de la campaña",0,2.14,3,3,1,713.333333,,"En curso","7 días tras clic, 1 día tras visualización o 1 día tras visualización activa",0,ABSOLUTE_OCPM,2026-08-24T22:24:38-0300,-,-,-,"A+ - SA - Nueva coleccion 2026",,,,,,0,,,00:00:00,,,,,,,0,0,,,,,,
2026-08-12,2026-08-12,"Ad6 - Secuencia - Nueva coleccion 202666 - Copia 4",inactive,,,,"Con el presupuesto de la campaña",0,0,0,0,0,0,,"En curso","7 días tras clic, 1 día tras visualización o 1 día tras visualización activa",0,ABSOLUTE_OCPM,2026-08-22T19:14:35-0300,-,-,-,"A+ - Publicos Personalizados  - Sale",,,,,,0,,,00:00:00,,,,,,,0,0,,,,,,
2026-08-12,2026-08-12,"Ad6 - Secuencia - Nueva coleccion 202666 - Copia 3",inactive,,,,"Con el presupuesto de la campaña",0,0,0,0,0,0,,"En curso","7 días tras clic, 1 día tras visualización o 1 día tras visualización activa",0,ABSOLUTE_OCPM,2026-08-22T19:14:35-0300,-,-,-,"A+ - Publicos Personalizados  - Sale",,,,,,0,,,00:00:00,,,,,,,0,0,,,,,,
2026-08-12,2026-08-12,"Ad6 - Secuencia - Nueva coleccion 202666 - Copia 6",inactive,,,,"Con el presupuesto de la campaña",0,0,0,0,0,0,,"En curso","7 días tras clic, 1 día tras visualización o 1 día tras visualización activa",0,ABSOLUTE_OCPM,2026-08-22T19:14:35-0300,-,-,-,"A+ - Publicos Personalizados  - Sale",,,,,,0,,,00:00:00,,,,,,,0,0,,,,,,
2026-08-12,2026-08-12,"Ad6 - Secuencia - Nueva coleccion 202666 - Copia 3",inactive,,,,"Con el presupuesto de la campaña",0,0,0,0,0,0,,"En curso","7 días tras clic, 1 día tras visualización o 1 día tras visualización activa",0,ABSOLUTE_OCPM,2026-08-24T22:24:38-0300,-,-,-,"A+ - SA - Nueva coleccion 2026",,,,,,0,,,00:00:00,,,,,,,0,0,,,,,,
2026-08-12,2026-08-12,"Ad6 - Secuencia - Nueva coleccion 202666 - Copia 4",inactive,,,,"Con el presupuesto de la campaña",0,0,0,0,0,0,,"En curso","7 días tras clic, 1 día tras visualización o 1 día tras visualización activa",0,ABSOLUTE_OCPM,2026-08-22T19:14:35-0300,-,-,-,"A+ - Publicos Personalizados  - Sale",,,,,,0,,,00:00:00,,,,,,,0,0,,,,,,
2026-08-12,2026-08-12,"Ad6 - Secuencia - Nueva coleccion 202666 - Copia 2",inactive,,,,"Con el presupuesto de la campaña",0,0,0,0,0,0,,"En curso","7 días tras clic, 1 día tras visualización o 1 día tras visualización activa",0,ABSOLUTE_OCPM,2026-08-24T22:24:38-0300,-,-,-,"A+ - SA - Nueva coleccion 2026",,,,,,0,,,00:00:00,,,,,,,0,0,,,,,,
2026-08-12,2026-08-12,"Ad6 - Secuencia - Nueva coleccion 202666 - Copia 3",not_delivering,,,,"Con el presupuesto de la campaña",0,15130.51,939,762,1.232283,16113.42918,,"En curso","7 días tras clic, 1 día tras visualización o 1 día tras visualización activa",0,ABSOLUTE_OCPM,2026-08-22T19:14:35-0300,Promedio,Promedio,"Por debajo del promedio - 35% de los anuncios menos relevantes","A+ - Publicos Personalizados  - Sale",,,,,,1.83727,14,,00:00:00,,,,,,1.490948,3.412073,2.875399,1080.750714,14,10,,,
2026-08-12,2026-08-12,"Ad6 - Secuencia - Nueva coleccion 2026 - Copia 4",active,,,,"Con el presupuesto de la campaña",0,1091.19,139,109,1.275229,7850.28777,,"En curso","7 días tras clic, 1 día tras visualización o 1 día tras visualización activa",0,ABSOLUTE_OCPM,2026-08-24T22:24:38-0300,-,-,-,"A+ - SA - Nueva coleccion 2026",,,,,,2.752294,6,1,4,1,,,,,4.316547,4.587156,5.755396,181.865,6,5,1,,
2026-08-12,2026-08-12,"Ad6 - Secuencia - Nueva coleccion 202666 - Copia 2",inactive,,,,"Con el presupuesto de la campaña",0,0,0,0,0,0,,"En curso","7 días tras clic, 1 día tras visualización o 1 día tras visualización activa",0,ABSOLUTE_OCPM,2026-08-22T19:14:35-0300,-,-,-,"A+ - Publicos Personalizados  - Sale",,,,,,0,,,00:00:00,,,,,,,0,0,,,,,,
2026-08-12,2026-08-12,"Ad6 - Secuencia - Nueva coleccion 202666 - Copia",inactive,,,,"Con el presupuesto de la campaña",0,0,0,0,0,0,,"En curso","7 días tras clic, 1 día tras visualización o 1 día tras visualización activa",0,ABSOLUTE_OCPM,2026-08-24T22:24:38-0300,-,-,-,"A+ - SA - Nueva coleccion 2026",,,,,,0,,,00:00:00,,,,,,,0,0,,,,,,
2026-08-12,2026-08-12,"Ad5 - Video - Sale - Copia 3",inactive,,,,"Con el presupuesto de la campaña",0,0,0,0,0,0,,"En curso","7 días tras clic, 1 día tras visualización o 1 día tras visualización activa",0,ABSOLUTE_OCPM,2026-08-22T19:14:35-0300,-,-,-,"A+ - Publicos Personalizados  - Sale",,,,,,0,,,00:00:00,,,,,,,0,0,,,,,,
2026-08-12,2026-08-12,"Ad6 - Secuencia - Nueva coleccion 202666 - Copia 5",not_delivering,,,,"Con el presupuesto de la campaña",0,0,0,0,0,0,,"En curso","7 días tras clic, 1 día tras visualización o 1 día tras visualización activa",0,ABSOLUTE_OCPM,2026-08-22T19:14:35-0300,-,-,-,"A+ - Publicos Personalizados  - Sale",,,,,,0,,,00:00:00,,,,,,,0,0,,,,,,
2026-08-12,2026-08-12,"Ad5 - Video - Sale - Copia 2",inactive,,,,"Con el presupuesto de la campaña",0,0,0,0,0,0,,"En curso","7 días tras clic, 1 día tras visualización o 1 día tras visualización activa",0,ABSOLUTE_OCPM,2026-08-22T19:14:35-0300,-,-,-,"A+ - Publicos Personalizados  - Sale",,,,,,0,,,00:00:00,,,,,,,0,0,,,,,,
2026-08-12,2026-08-12,"Ad6 - Secuencia - Nueva coleccion 202666 - Copia 2",inactive,,,,"Con el presupuesto de la campaña",0,0,0,0,0,0,,"En curso","7 días tras clic, 1 día tras visualización o 1 día tras visualización activa",0,ABSOLUTE_OCPM,2026-08-22T19:14:35-0300,-,-,-,"A+ - Publicos Personalizados  - Sale",,,,,,0,,,00:00:00,,,,,,,0,0,,,,,,
2026-08-12,2026-08-12,"Ad6 - Secuencia - Nueva coleccion 2026 - Copia",inactive,,,,"Con el presupuesto de la campaña",0,0,0,0,0,0,,"En curso","7 días tras clic, 1 día tras visualización o 1 día tras visualización activa",0,ABSOLUTE_OCPM,2026-08-24T22:24:38-0300,-,-,-,"A+ - SA - Nueva coleccion 2026",,,,,,0,,,00:00:00,,,,,,,0,0,,,,,,
2026-08-12,2026-08-12,"Ad6 - Secuencia - Nueva coleccion 202666 - Copia",inactive,,,,"Con el presupuesto de la campaña",0,664.16,35,32,1.09375,18976,,"En curso","7 días tras clic, 1 día tras visualización o 1 día tras visualización activa",0,ABSOLUTE_OCPM,2026-08-22T19:14:35-0300,-,-,-,"A+ - Publicos Personalizados  - Sale",,,,,,3.125,1,13,3,17,8,5,3,3,2.857143,3.125,2.857143,664.16,1,,,,
2026-08-12,2026-08-12,"Ad4 - Imagen - Sale",inactive,,,,"Con el presupuesto de la campaña",0,0,0,0,0,0,,"En curso","7 días tras clic, 1 día tras visualización o 1 día tras visualización activa",0,ABSOLUTE_OCPM,2026-08-22T19:14:35-0300,-,-,-,"A+ - Publicos Personalizados  - Sale",,,,,,0,,,00:00:00,,,,,,,0,0,,,,,,
2026-08-12,2026-08-12,"Ad6 - Secuencia - Nueva coleccion 2026 - Copia",inactive,,,,"Con el presupuesto de la campaña",0,0,0,0,0,0,,"En curso","7 días tras clic, 1 día tras visualización o 1 día tras visualización activa",0,ABSOLUTE_OCPM,2026-08-24T22:24:38-0300,-,-,-,"A+ - SA - Nueva coleccion 2026",,,,,,0,,,00:00:00,,,,,,,0,0,,,,,,
2026-08-12,2026-08-12,"Ad3 - Video - Sale",inactive,,,,"Con el presupuesto de la campaña",0,0,0,0,0,0,,"En curso","7 días tras clic, 1 día tras visualización o 1 día tras visualización activa",0,ABSOLUTE_OCPM,2026-08-22T19:14:35-0300,-,-,-,"A+ - Publicos Personalizados  - Sale",,,,,,0,,,00:00:00,,,,,,,0,0,,,,,,
2026-08-12,2026-08-12,"Ad5 - Video - Sale - Copia",not_delivering,,,,"Con el presupuesto de la campaña",0,0,0,0,0,0,,"En curso","7 días tras clic, 1 día tras visualización o 1 día tras visualización activa",0,ABSOLUTE_OCPM,2026-08-22T19:14:35-0300,-,-,-,"A+ - Publicos Personalizados  - Sale",,,,,,0,,,00:00:00,,,,,,,0,0,,,,,,
2026-08-12,2026-08-12,"Ad1 - Video - Sale",inactive,,,,"Con el presupuesto de la campaña",0,0,0,0,0,0,,"En curso","7 días tras clic, 1 día tras visualización o 1 día tras visualización activa",0,ABSOLUTE_OCPM,2026-08-22T19:14:35-0300,-,-,-,"A+ - Publicos Personalizados  - Sale",,,,,,0,,,00:00:00,,,,,,,0,0,,,,,,
2026-08-11,2026-08-11,"Ad6 - Secuencia - Nueva coleccion 202666 - Copia 2",inactive,,,,"Con el presupuesto de la campaña",0,0,0,0,0,0,,"En curso","7 días tras clic, 1 día tras visualización o 1 día tras visualización activa",0,ABSOLUTE_OCPM,2026-08-22T19:14:35-0300,-,-,-,"A+ - Publicos Personalizados  - Sale",,,,,,0,,,00:00:00,,,,,,,0,0,,,,,,
2026-08-11,2026-08-11,"Ad6 - Secuencia - Nueva coleccion 202666 - Copia 7",active,,,,"Con el presupuesto de la campaña",0,0,0,0,0,0,,"En curso","7 días tras clic, 1 día tras visualización o 1 día tras visualización activa",0,ABSOLUTE_OCPM,2026-08-24T22:24:38-0300,-,-,-,"A+ - SA - Nueva coleccion 2026",,,,,,0,,,00:00:00,,,,,,,0,0,,,,,,
2026-08-11,2026-08-11,"Ad6 - Secuencia - Nueva coleccion 2026 - Copia 2",inactive,,,,"Con el presupuesto de la campaña",0,0,0,0,0,0,,"En curso","7 días tras clic, 1 día tras visualización o 1 día tras visualización activa",0,ABSOLUTE_OCPM,2026-08-24T22:24:38-0300,-,-,-,"A+ - SA - Nueva coleccion 2026",,,,,,0,,,00:00:00,,,,,,,0,0,,,,,,
2026-08-11,2026-08-11,"Ad6 - Secuencia - Nueva coleccion 202666 - Copia 6",inactive,,,,"Con el presupuesto de la campaña",0,0,0,0,0,0,,"En curso","7 días tras clic, 1 día tras visualización o 1 día tras visualización activa",0,ABSOLUTE_OCPM,2026-08-22T19:14:35-0300,-,-,-,"A+ - Publicos Personalizados  - Sale",,,,,,0,,,00:00:00,,,,,,,0,0,,,,,,
2026-08-11,2026-08-11,1,inactive,,,,"Con el presupuesto de la campaña",0,0,0,0,0,0,,"En curso","7 días tras clic, 1 día tras visualización o 1 día tras visualización activa",0,ABSOLUTE_OCPM,2026-08-22T19:14:35-0300,-,-,-,"A+ - Publicos Personalizados  - Sale",,,,,,0,,,00:00:00,,,,,,,0,0,,,,,,
2026-08-11,2026-08-11,"Ad3 - Angulo Producto Fit",active,,,,"Con el presupuesto de la campaña",0,29.71,3,3,1,9903.333333,,"En curso","7 días tras clic o 1 día tras visualización",0,ABSOLUTE_OCPM,2026-08-22T06:31:57-0300,-,-,-,"A+ - Prospecting - Angulos Nuevos (Anticipo-Viaje-Producto)",,,,,,0,,1,2,2,1,1,1,1,,0,0,,,,,,
2026-08-11,2026-08-11,"Ad6 - Secuencia - Nueva coleccion 202666 - Copia 3",inactive,,,,"Con el presupuesto de la campaña",0,0,0,0,0,0,,"En curso","7 días tras clic, 1 día tras visualización o 1 día tras visualización activa",0,ABSOLUTE_OCPM,2026-08-22T19:14:35-0300,-,-,-,"A+ - Publicos Personalizados  - Sale",,,,,,0,,,00:00:00,,,,,,,0,0,,,,,,
2026-08-11,2026-08-11,"Ad6 - Secuencia - Nueva coleccion 202666 - Copia 6",active,,,,"Con el presupuesto de la campaña",0,552.05,61,54,1.12963,9050,,"En curso","7 días tras clic, 1 día tras visualización o 1 día tras visualización activa",0,ABSOLUTE_OCPM,2026-08-24T22:24:38-0300,-,-,-,"A+ - SA - Nueva coleccion 2026",,,,,,1.851852,1,,00:00:00,,,,,,1.639344,1.851852,1.639344,552.05,1,,,,
2026-08-11,2026-08-11,"Ad2 - Angulo Viaje",active,,,,"Con el presupuesto de la campaña",0,0,0,0,0,0,,"En curso","7 días tras clic o 1 día tras visualización",0,ABSOLUTE_OCPM,2026-08-22T06:31:57-0300,-,-,-,"A+ - Prospecting - Angulos Nuevos (Anticipo-Viaje-Producto)",,,,,,0,,,00:00:00,,,,,,,0,0,,,,,,
2026-08-11,2026-08-11,"Secuencia imagenes 1 - Minimal SS25 - Copia 2",inactive,,,,"Con el presupuesto de la campaña",0,0,0,0,0,0,,"En curso","7 días tras clic, 1 día tras visualización o 1 día tras visualización activa",0,ABSOLUTE_OCPM,2026-08-22T19:14:35-0300,-,-,-,"A+ - Publicos Personalizados  - Sale",,,,,,0,,,00:00:00,,,,,,,0,0,,,,,,
2026-08-11,2026-08-11,"Ad6 - Secuencia - Nueva coleccion 202666 - Copia 9",active,,,,"Con el presupuesto de la campaña",0,1421.08,96,85,1.129412,14802.916667,,"En curso","7 días tras clic, 1 día tras visualización o 1 día tras visualización activa",0,ABSOLUTE_OCPM,2026-08-24T22:24:38-0300,-,-,-,"A+ - SA - Nueva coleccion 2026",,,,,,2.352941,3,,00:00:00,,,,,,3.125,2.352941,5.208333,473.693333,2,,,,
2026-08-11,2026-08-11,"Ad1 - Angulo Anticipo Temporada",active,,,,"Con el presupuesto de la campaña",0,20730.86,1997,1528,1.306937,10381.001502,,"En curso","7 días tras clic o 1 día tras visualización",0,ABSOLUTE_OCPM,2026-08-22T06:31:57-0300,Promedio,-,-,"A+ - Prospecting - Angulos Nuevos (Anticipo-Viaje-Producto)",,,,,,1.636126,27,361,3,861,469,284,212,213,1.352028,2.617801,2.603906,767.80963,25,4,,,
2026-08-11,2026-08-11,"Ad6 - Secuencia - Nueva coleccion 2026 - Copia 3",inactive,,,,"Con el presupuesto de la campaña",0,0,0,0,0,0,,"En curso","7 días tras clic, 1 día tras visualización o 1 día tras visualización activa",0,ABSOLUTE_OCPM,2026-08-22T19:14:35-0300,-,-,-,"A+ - Publicos Personalizados  - Sale",,,,,,0,,,00:00:00,,,,,,,0,0,,,,,,
2026-08-11,2026-08-11,"Ad6 - Secuencia - Nueva coleccion 202666 - Copia 10",active,,,,"Con el presupuesto de la campaña",0,0,0,0,0,0,,"En curso","7 días tras clic, 1 día tras visualización o 1 día tras visualización activa",0,ABSOLUTE_OCPM,2026-08-24T22:24:38-0300,-,-,-,"A+ - SA - Nueva coleccion 2026",,,,,,0,,,00:00:00,,,,,,,0,0,,,,,,
2026-08-11,2026-08-11,"Ad6 - Secuencia - Nueva coleccion 202666 - Copia 12",active,,,,"Con el presupuesto de la campaña",0,0,0,0,0,0,,"En curso","7 días tras clic, 1 día tras visualización o 1 día tras visualización activa",0,ABSOLUTE_OCPM,2026-08-24T22:24:38-0300,-,-,-,"A+ - SA - Nueva coleccion 2026",,,,,,0,,,00:00:00,,,,,,,0,0,,,,,,
2026-08-11,2026-08-11,"Ad5 - Video - Sale - Copia 2",inactive,,,,"Con el presupuesto de la campaña",0,0,0,0,0,0,,"En curso","7 días tras clic, 1 día tras visualización o 1 día tras visualización activa",0,ABSOLUTE_OCPM,2026-08-22T19:14:35-0300,-,-,-,"A+ - Publicos Personalizados  - Sale",,,,,,0,,,00:00:00,,,,,,,0,0,,,,,,
2026-08-11,2026-08-11,"Ad6 - Secuencia - Nueva coleccion 202666 - Copia 7",inactive,,,,"Con el presupuesto de la campaña",0,0,0,0,0,0,,"En curso","7 días tras clic, 1 día tras visualización o 1 día tras visualización activa",0,ABSOLUTE_OCPM,2026-08-24T22:24:38-0300,-,-,-,"A+ - SA - Nueva coleccion 2026",,,,,,0,,,00:00:00,,,,,,,0,0,,,,,,
2026-08-11,2026-08-11,"Ad6 - Secuencia - Nueva coleccion 202666 - Copia 5",not_delivering,,,,"Con el presupuesto de la campaña",0,14056.29,1667,1507,1.106171,8432.087582,,"En curso","7 días tras clic, 1 día tras visualización o 1 día tras visualización activa",0,ABSOLUTE_OCPM,2026-08-22T19:14:35-0300,-,-,-,"A+ - Publicos Personalizados  - Sale",,,,,,3.185136,54,,00:00:00,,,,,,3.239352,3.649635,4.079184,260.301667,46,3,,,
2026-08-11,2026-08-11,"Ad6 - Secuencia - Nueva coleccion 2026 - Copia 3",inactive,,,,"Con el presupuesto de la campaña",0,0,0,0,0,0,,"En curso","7 días tras clic, 1 día tras visualización o 1 día tras visualización activa",0,ABSOLUTE_OCPM,2026-08-22T19:14:35-0300,-,-,-,"A+ - Publicos Personalizados  - Sale",,,,,,0,,,00:00:00,,,,,,,0,0,,,,,,
2026-08-11,2026-08-11,"Ad6 - Secuencia - Nueva coleccion 202666 - Copia 9",active,,,,"Con el presupuesto de la campaña",0,0,0,0,0,0,,"En curso","7 días tras clic, 1 día tras visualización o 1 día tras visualización activa",0,ABSOLUTE_OCPM,2026-08-24T22:24:38-0300,-,-,-,"A+ - SA - Nueva coleccion 2026",,,,,,0,,,00:00:00,,,,,,,0,0,,,,,,
2026-08-11,2026-08-11,"Ad6 - Secuencia - Nueva coleccion 202666 - Copia 11",active,3,actions:offsite_conversion.fb_pixel_purchase,21340.75333333,"Con el presupuesto de la campaña",0,64022.26,9933,7102,1.39862,6445.410249,3,"En curso","7 días tras clic, 1 día tras visualización o 1 día tras visualización activa",0,ABSOLUTE_OCPM,2026-08-24T22:24:38-0300,-,-,-,"A+ - SA - Nueva coleccion 2026",3.835588,81854.346667,245563.04,3.83558843,action_values:offsite_conversion.fb_pixel_purchase,2.985075,255,5,2,14,8,2,1,1,2.5672,3.872149,3.573945,251.067686,219,32,2,,
2026-08-11,2026-08-11,"Ad5 - Video - Sale - Copia 3",inactive,,,,"Con el presupuesto de la campaña",0,0,0,0,0,0,,"En curso","7 días tras clic, 1 día tras visualización o 1 día tras visualización activa",0,ABSOLUTE_OCPM,2026-08-22T19:14:35-0300,-,-,-,"A+ - Publicos Personalizados  - Sale",,,,,,0,,,00:00:00,,,,,,,0,0,,,,,,
2026-08-11,2026-08-11,"Ad6 - Secuencia - Nueva coleccion 202666 - Copia 6",active,,,,"Con el presupuesto de la campaña",0,8.07,1,1,1,8070,,"En curso","7 días tras clic, 1 día tras visualización o 1 día tras visualización activa",0,ABSOLUTE_OCPM,2026-08-24T22:24:38-0300,-,-,-,"A+ - SA - Nueva coleccion 2026",,,,,,0,,,00:00:00,,,,,,,0,0,,,,,,
2026-08-11,2026-08-11,"Ad6 - Secuencia - Nueva coleccion 202666 - Copia 4",inactive,,,,"Con el presupuesto de la campaña",0,0,0,0,0,0,,"En curso","7 días tras clic, 1 día tras visualización o 1 día tras visualización activa",0,ABSOLUTE_OCPM,2026-08-22T19:14:35-0300,-,-,-,"A+ - Publicos Personalizados  - Sale",,,,,,0,,,00:00:00,,,,,,,0,0,,,,,,
2026-08-11,2026-08-11,"Ad6 - Video - Sale - Copia",inactive,,,,"Con el presupuesto de la campaña",0,0,0,0,0,0,,"En curso","7 días tras clic, 1 día tras visualización o 1 día tras visualización activa",0,ABSOLUTE_OCPM,2026-08-22T19:14:35-0300,-,-,-,"A+ - Publicos Personalizados  - Sale",,,,,,0,,,00:00:00,,,,,,,0,0,,,,,,
2026-08-11,2026-08-11,"Ad6 - Secuencia - Nueva coleccion 202666 - Copia 3",inactive,,,,"Con el presupuesto de la campaña",0,0,0,0,0,0,,"En curso","7 días tras clic, 1 día tras visualización o 1 día tras visualización activa",0,ABSOLUTE_OCPM,2026-08-22T19:14:35-0300,-,-,-,"A+ - Publicos Personalizados  - Sale",,,,,,0,,,00:00:00,,,,,,,0,0,,,,,,
2026-08-11,2026-08-11,"Ad6 - Secuencia - Nueva coleccion 202666 - Copia 4",inactive,,,,"Con el presupuesto de la campaña",0,0,0,0,0,0,,"En curso","7 días tras clic, 1 día tras visualización o 1 día tras visualización activa",0,ABSOLUTE_OCPM,2026-08-22T19:14:35-0300,-,-,-,"A+ - Publicos Personalizados  - Sale",,,,,,0,,,00:00:00,,,,,,,0,0,,,,,,
2026-08-11,2026-08-11,"Ad7 - Video - Sale",inactive,,,,"Con el presupuesto de la campaña",0,0,0,0,0,0,,"En curso","7 días tras clic, 1 día tras visualización o 1 día tras visualización activa",0,ABSOLUTE_OCPM,2026-08-22T19:14:35-0300,-,-,-,"A+ - Publicos Personalizados  - Sale",,,,,,0,,,00:00:00,,,,,,,0,0,,,,,,
2026-08-11,2026-08-11,"Ad6 - Secuencia - Nueva coleccion 202666 - Copia 8",active,,,,"Con el presupuesto de la campaña",0,0,0,0,0,0,,"En curso","7 días tras clic, 1 día tras visualización o 1 día tras visualización activa",0,ABSOLUTE_OCPM,2026-08-24T22:24:38-0300,-,-,-,"A+ - SA - Nueva coleccion 2026",,,,,,0,,,00:00:00,,,,,,,0,0,,,,,,
2026-08-11,2026-08-11,"Ad6 - Secuencia - Nueva coleccion 202666 - Copia 7",inactive,,,,"Con el presupuesto de la campaña",0,0,0,0,0,0,,"En curso","7 días tras clic, 1 día tras visualización o 1 día tras visualización activa",0,ABSOLUTE_OCPM,2026-08-22T19:14:35-0300,-,-,-,"A+ - Publicos Personalizados  - Sale",,,,,,0,,,00:00:00,,,,,,,0,0,,,,,,
2026-08-11,2026-08-11,"Ad6 - Video - Sale",inactive,,,,"Con el presupuesto de la campaña",0,0,0,0,0,0,,"En curso","7 días tras clic, 1 día tras visualización o 1 día tras visualización activa",0,ABSOLUTE_OCPM,2026-08-22T19:14:35-0300,-,-,-,"A+ - Publicos Personalizados  - Sale",,,,,,0,,,00:00:00,,,,,,,0,0,,,,,,
2026-08-11,2026-08-11,"Ad6 - Secuencia - Nueva coleccion 202666 - Copia 6",inactive,,,,"Con el presupuesto de la campaña",0,0,0,0,0,0,,"En curso","7 días tras clic, 1 día tras visualización o 1 día tras visualización activa",0,ABSOLUTE_OCPM,2026-08-24T22:24:38-0300,-,-,-,"A+ - SA - Nueva coleccion 2026",,,,,,0,,,00:00:00,,,,,,,0,0,,,,,,
2026-08-11,2026-08-11,"Ad6 - Secuencia - Nueva coleccion 202666 - Copia 7",inactive,,,,"Con el presupuesto de la campaña",0,0,0,0,0,0,,"En curso","7 días tras clic, 1 día tras visualización o 1 día tras visualización activa",0,ABSOLUTE_OCPM,2026-08-24T22:24:38-0300,-,-,-,"A+ - SA - Nueva coleccion 2026",,,,,,0,,,00:00:00,,,,,,,0,0,,,,,,
2026-08-11,2026-08-11,"Ad5 - Video - Sale",inactive,,,,"Con el presupuesto de la campaña",0,0,0,0,0,0,,"En curso","7 días tras clic, 1 día tras visualización o 1 día tras visualización activa",0,ABSOLUTE_OCPM,2026-08-22T19:14:35-0300,-,-,-,"A+ - Publicos Personalizados  - Sale",,,,,,0,,,00:00:00,,,,,,,0,0,,,,,,
2026-08-11,2026-08-11,"Ad6 - Secuencia - Nueva coleccion 202666 - Copia 5",not_delivering,,,,"Con el presupuesto de la campaña",0,49.59,6,6,1,8265,,"En curso","7 días tras clic, 1 día tras visualización o 1 día tras visualización activa",0,ABSOLUTE_OCPM,2026-08-24T22:24:38-0300,-,-,-,"A+ - SA - Nueva coleccion 2026",,,,,,0,,,00:00:00,,,,,,,0,0,,,5,,,
2026-08-11,2026-08-11,"Ad6 - Secuencia - Nueva coleccion 202666 - Copia 2",inactive,,,,"Con el presupuesto de la campaña",0,0,0,0,0,0,,"En curso","7 días tras clic, 1 día tras visualización o 1 día tras visualización activa",0,ABSOLUTE_OCPM,2026-08-22T19:14:35-0300,-,-,-,"A+ - Publicos Personalizados  - Sale",,,,,,0,,,00:00:00,,,,,,,0,0,,,,,,
2026-08-11,2026-08-11,"Ad2 - Video - Sale",inactive,,,,"Con el presupuesto de la campaña",0,0,0,0,0,0,,"En curso","7 días tras clic, 1 día tras visualización o 1 día tras visualización activa",0,ABSOLUTE_OCPM,2026-08-22T19:14:35-0300,-,-,-,"A+ - Publicos Personalizados  - Sale",,,,,,0,,,00:00:00,,,,,,,0,0,,,,,,
2026-08-11,2026-08-11,"Ad6 - Secuencia - Nueva coleccion 202666 - Copia 2",inactive,,,,"Con el presupuesto de la campaña",0,0,0,0,0,0,,"En curso","7 días tras clic, 1 día tras visualización o 1 día tras visualización activa",0,ABSOLUTE_OCPM,2026-08-22T19:14:35-0300,-,-,-,"A+ - Publicos Personalizados  - Sale",,,,,,0,,,00:00:00,,,,,,,0,0,,,,,,
2026-08-11,2026-08-11,"Ad6 - Secuencia - Nueva coleccion 202666 - Copia 2",inactive,,,,"Con el presupuesto de la campaña",0,0,0,0,0,0,,"En curso","7 días tras clic, 1 día tras visualización o 1 día tras visualización activa",0,ABSOLUTE_OCPM,2026-08-24T22:24:38-0300,-,-,-,"A+ - SA - Nueva coleccion 2026",,,,,,0,,,00:00:00,,,,,,,0,0,,,,,,
2026-08-11,2026-08-11,"Ad6 - Secuencia - Nueva coleccion 202666 - Copia 4",inactive,,,,"Con el presupuesto de la campaña",0,0,0,0,0,0,,"En curso","7 días tras clic, 1 día tras visualización o 1 día tras visualización activa",0,ABSOLUTE_OCPM,2026-08-24T22:24:38-0300,-,-,-,"A+ - SA - Nueva coleccion 2026",,,,,,0,,,00:00:00,,,,,,,0,0,,,,,,
2026-08-11,2026-08-11,"Ad6 - Secuencia - Nueva coleccion 2026 - Copia 3",active,,,,"Con el presupuesto de la campaña",0,1126.62,150,128,1.171875,7510.8,,"En curso","7 días tras clic, 1 día tras visualización o 1 día tras visualización activa",0,ABSOLUTE_OCPM,2026-08-24T22:24:38-0300,-,-,-,"A+ - SA - Nueva coleccion 2026",,,,,,3.90625,7,,1,1,,,,,4.666667,3.90625,4.666667,160.945714,7,,,,
2026-08-11,2026-08-11,"Ad6 - Secuencia - Nueva coleccion 202666 - Copia 4",not_delivering,,,,"Con el presupuesto de la campaña",0,10.68,7,7,1,1525.714286,,"En curso","7 días tras clic, 1 día tras visualización o 1 día tras visualización activa",0,ABSOLUTE_OCPM,2026-08-24T22:24:38-0300,-,-,-,"A+ - SA - Nueva coleccion 2026",,,,,,0,,,00:00:00,,,,,,,0,0,,,,,,
2026-08-11,2026-08-11,"Ad6 - Secuencia - Nueva coleccion 202666 - Copia 4",inactive,,,,"Con el presupuesto de la campaña",0,0,0,0,0,0,,"En curso","7 días tras clic, 1 día tras visualización o 1 día tras visualización activa",0,ABSOLUTE_OCPM,2026-08-22T19:14:35-0300,-,-,-,"A+ - Publicos Personalizados  - Sale",,,,,,0,,,00:00:00,,,,,,,0,0,,,,,,
2026-08-11,2026-08-11,"Ad6 - Secuencia - Nueva coleccion 202666 - Copia 3",inactive,,,,"Con el presupuesto de la campaña",0,0,0,0,0,0,,"En curso","7 días tras clic, 1 día tras visualización o 1 día tras visualización activa",0,ABSOLUTE_OCPM,2026-08-22T19:14:35-0300,-,-,-,"A+ - Publicos Personalizados  - Sale",,,,,,0,,,00:00:00,,,,,,,0,0,,,,,,
2026-08-11,2026-08-11,"Ad6 - Secuencia - Nueva coleccion 202666 - Copia 6",inactive,,,,"Con el presupuesto de la campaña",0,0,0,0,0,0,,"En curso","7 días tras clic, 1 día tras visualización o 1 día tras visualización activa",0,ABSOLUTE_OCPM,2026-08-22T19:14:35-0300,-,-,-,"A+ - Publicos Personalizados  - Sale",,,,,,0,,,00:00:00,,,,,,,0,0,,,,,,
2026-08-11,2026-08-11,"Ad6 - Secuencia - Nueva coleccion 202666 - Copia 3",inactive,,,,"Con el presupuesto de la campaña",0,0,0,0,0,0,,"En curso","7 días tras clic, 1 día tras visualización o 1 día tras visualización activa",0,ABSOLUTE_OCPM,2026-08-24T22:24:38-0300,-,-,-,"A+ - SA - Nueva coleccion 2026",,,,,,0,,,00:00:00,,,,,,,0,0,,,,,,
2026-08-11,2026-08-11,"Ad6 - Secuencia - Nueva coleccion 202666 - Copia 4",inactive,,,,"Con el presupuesto de la campaña",0,0,0,0,0,0,,"En curso","7 días tras clic, 1 día tras visualización o 1 día tras visualización activa",0,ABSOLUTE_OCPM,2026-08-22T19:14:35-0300,-,-,-,"A+ - Publicos Personalizados  - Sale",,,,,,0,,,00:00:00,,,,,,,0,0,,,,,,
2026-08-11,2026-08-11,"Ad6 - Secuencia - Nueva coleccion 202666 - Copia 2",inactive,,,,"Con el presupuesto de la campaña",0,0,0,0,0,0,,"En curso","7 días tras clic, 1 día tras visualización o 1 día tras visualización activa",0,ABSOLUTE_OCPM,2026-08-24T22:24:38-0300,-,-,-,"A+ - SA - Nueva coleccion 2026",,,,,,0,,,00:00:00,,,,,,,0,0,,,,,,
2026-08-11,2026-08-11,"Ad6 - Secuencia - Nueva coleccion 202666 - Copia 3",not_delivering,,,,"Con el presupuesto de la campaña",0,11330.35,815,690,1.181159,13902.269939,,"En curso","7 días tras clic, 1 día tras visualización o 1 día tras visualización activa",0,ABSOLUTE_OCPM,2026-08-22T19:14:35-0300,Promedio,"Por debajo del promedio - 35% de los anuncios menos relevantes","Por debajo del promedio - 35% de los anuncios menos relevantes","A+ - Publicos Personalizados  - Sale",,,,,,2.608696,19,,00:00:00,,,,,,2.331288,3.623188,4.04908,596.334211,21,12,1,,
2026-08-11,2026-08-11,"Ad6 - Secuencia - Nueva coleccion 2026 - Copia 4",active,,,,"Con el presupuesto de la campaña",0,2.46,1,1,1,2460,,"En curso","7 días tras clic, 1 día tras visualización o 1 día tras visualización activa",0,ABSOLUTE_OCPM,2026-08-24T22:24:38-0300,-,-,-,"A+ - SA - Nueva coleccion 2026",,,,,,0,,,2,,,,,,,0,0,,,,,,
2026-08-11,2026-08-11,"Ad6 - Secuencia - Nueva coleccion 202666 - Copia 2",inactive,,,,"Con el presupuesto de la campaña",0,0,0,0,0,0,,"En curso","7 días tras clic, 1 día tras visualización o 1 día tras visualización activa",0,ABSOLUTE_OCPM,2026-08-22T19:14:35-0300,-,-,-,"A+ - Publicos Personalizados  - Sale",,,,,,0,,,00:00:00,,,,,,,0,0,,,,,,
2026-08-11,2026-08-11,"Ad6 - Secuencia - Nueva coleccion 202666 - Copia",inactive,,,,"Con el presupuesto de la campaña",0,0,0,0,0,0,,"En curso","7 días tras clic, 1 día tras visualización o 1 día tras visualización activa",0,ABSOLUTE_OCPM,2026-08-24T22:24:38-0300,-,-,-,"A+ - SA - Nueva coleccion 2026",,,,,,0,,,00:00:00,,,,,,,0,0,,,,,,
2026-08-11,2026-08-11,"Ad5 - Video - Sale - Copia 3",inactive,,,,"Con el presupuesto de la campaña",0,0,0,0,0,0,,"En curso","7 días tras clic, 1 día tras visualización o 1 día tras visualización activa",0,ABSOLUTE_OCPM,2026-08-22T19:14:35-0300,-,-,-,"A+ - Publicos Personalizados  - Sale",,,,,,0,,,00:00:00,,,,,,,0,0,,,,,,
2026-08-11,2026-08-11,"Ad6 - Secuencia - Nueva coleccion 202666 - Copia 5",not_delivering,,,,"Con el presupuesto de la campaña",0,0,0,0,0,0,,"En curso","7 días tras clic, 1 día tras visualización o 1 día tras visualización activa",0,ABSOLUTE_OCPM,2026-08-22T19:14:35-0300,-,-,-,"A+ - Publicos Personalizados  - Sale",,,,,,0,,,00:00:00,,,,,,,0,0,,,,,,
2026-08-11,2026-08-11,"Ad5 - Video - Sale - Copia 2",inactive,,,,"Con el presupuesto de la campaña",0,0,0,0,0,0,,"En curso","7 días tras clic, 1 día tras visualización o 1 día tras visualización activa",0,ABSOLUTE_OCPM,2026-08-22T19:14:35-0300,-,-,-,"A+ - Publicos Personalizados  - Sale",,,,,,0,,,00:00:00,,,,,,,0,0,,,,,,
2026-08-11,2026-08-11,"Ad6 - Secuencia - Nueva coleccion 202666 - Copia 2",inactive,,,,"Con el presupuesto de la campaña",0,0,0,0,0,0,,"En curso","7 días tras clic, 1 día tras visualización o 1 día tras visualización activa",0,ABSOLUTE_OCPM,2026-08-22T19:14:35-0300,-,-,-,"A+ - Publicos Personalizados  - Sale",,,,,,0,,,00:00:00,,,,,,,0,0,,,,,,
2026-08-11,2026-08-11,"Ad6 - Secuencia - Nueva coleccion 2026 - Copia",inactive,,,,"Con el presupuesto de la campaña",0,368.02,48,47,1.021277,7667.083333,,"En curso","7 días tras clic, 1 día tras visualización o 1 día tras visualización activa",0,ABSOLUTE_OCPM,2026-08-24T22:24:38-0300,-,-,-,"A+ - SA - Nueva coleccion 2026",,,,,,0,,6,5,2,2,1,1,2,,2.12766,2.083333,,,,,,
2026-08-11,2026-08-11,"Ad6 - Secuencia - Nueva coleccion 202666 - Copia",inactive,,,,"Con el presupuesto de la campaña",0,259.64,23,21,1.095238,11288.695652,,"En curso","7 días tras clic, 1 día tras visualización o 1 día tras visualización activa",0,ABSOLUTE_OCPM,2026-08-22T19:14:35-0300,-,-,-,"A+ - Publicos Personalizados  - Sale",,,,,,0,,7,4,13,6,3,2,2,,0,0,,,,,,
2026-08-11,2026-08-11,"Ad4 - Imagen - Sale",inactive,,,,"Con el presupuesto de la campaña",0,0,0,0,0,0,,"En curso","7 días tras clic, 1 día tras visualización o 1 día tras visualización activa",0,ABSOLUTE_OCPM,2026-08-22T19:14:35-0300,-,-,-,"A+ - Publicos Personalizados  - Sale",,,,,,0,,,00:00:00,,,,,,,0,0,,,,,,
2026-08-11,2026-08-11,"Ad6 - Secuencia - Nueva coleccion 2026 - Copia",inactive,,,,"Con el presupuesto de la campaña",0,0,0,0,0,0,,"En curso","7 días tras clic, 1 día tras visualización o 1 día tras visualización activa",0,ABSOLUTE_OCPM,2026-08-24T22:24:38-0300,-,-,-,"A+ - SA - Nueva coleccion 2026",,,,,,0,,,00:00:00,,,,,,,0,0,,,,,,
2026-08-11,2026-08-11,"Ad3 - Video - Sale",inactive,,,,"Con el presupuesto de la campaña",0,0,0,0,0,0,,"En curso","7 días tras clic, 1 día tras visualización o 1 día tras visualización activa",0,ABSOLUTE_OCPM,2026-08-22T19:14:35-0300,-,-,-,"A+ - Publicos Personalizados  - Sale",,,,,,0,,,00:00:00,,,,,,,0,0,,,,,,
2026-08-11,2026-08-11,"Ad5 - Video - Sale - Copia",not_delivering,,,,"Con el presupuesto de la campaña",0,0,0,0,0,0,,"En curso","7 días tras clic, 1 día tras visualización o 1 día tras visualización activa",0,ABSOLUTE_OCPM,2026-08-22T19:14:35-0300,-,-,-,"A+ - Publicos Personalizados  - Sale",,,,,,0,,,00:00:00,,,,,,,0,0,,,,,,
2026-08-11,2026-08-11,"Ad1 - Video - Sale",inactive,,,,"Con el presupuesto de la campaña",0,0,0,0,0,0,,"En curso","7 días tras clic, 1 día tras visualización o 1 día tras visualización activa",0,ABSOLUTE_OCPM,2026-08-22T19:14:35-0300,-,-,-,"A+ - Publicos Personalizados  - Sale",,,,,,0,,,00:00:00,,,,,,,0,0,,,,,,
2026-08-10,2026-08-10,"Ad6 - Secuencia - Nueva coleccion 202666 - Copia 2",inactive,,,,"Con el presupuesto de la campaña",0,0,0,0,0,0,,"En curso","7 días tras clic, 1 día tras visualización o 1 día tras visualización activa",0,ABSOLUTE_OCPM,2026-08-22T19:14:35-0300,-,-,-,"A+ - Publicos Personalizados  - Sale",,,,,,0,,,00:00:00,,,,,,,0,0,,,,,,
2026-08-10,2026-08-10,"Ad6 - Secuencia - Nueva coleccion 202666 - Copia 7",active,,,,"Con el presupuesto de la campaña",0,2460.4,255,225,1.133333,9648.627451,,"En curso","7 días tras clic, 1 día tras visualización o 1 día tras visualización activa",0,ABSOLUTE_OCPM,2026-08-24T22:24:38-0300,-,-,-,"A+ - SA - Nueva coleccion 2026",,,,,,1.777778,4,,00:00:00,,,,,,1.568627,2.222222,2.352941,615.1,5,3,,,
2026-08-10,2026-08-10,"Ad6 - Secuencia - Nueva coleccion 2026 - Copia 2",inactive,,,,"Con el presupuesto de la campaña",0,0,0,0,0,0,,"En curso","7 días tras clic, 1 día tras visualización o 1 día tras visualización activa",0,ABSOLUTE_OCPM,2026-08-24T22:24:38-0300,-,-,-,"A+ - SA - Nueva coleccion 2026",,,,,,0,,,00:00:00,,,,,,,0,0,,,,,,
2026-08-10,2026-08-10,"Ad6 - Secuencia - Nueva coleccion 202666 - Copia 6",inactive,,,,"Con el presupuesto de la campaña",0,0,0,0,0,0,,"En curso","7 días tras clic, 1 día tras visualización o 1 día tras visualización activa",0,ABSOLUTE_OCPM,2026-08-22T19:14:35-0300,-,-,-,"A+ - Publicos Personalizados  - Sale",,,,,,0,,,00:00:00,,,,,,,0,0,,,,,,
2026-08-10,2026-08-10,1,inactive,,,,"Con el presupuesto de la campaña",0,0,0,0,0,0,,"En curso","7 días tras clic, 1 día tras visualización o 1 día tras visualización activa",0,ABSOLUTE_OCPM,2026-08-22T19:14:35-0300,-,-,-,"A+ - Publicos Personalizados  - Sale",,,,,,0,,,00:00:00,,,,,,,0,0,,,,,,
2026-08-10,2026-08-10,"Ad3 - Angulo Producto Fit",active,,,,"Con el presupuesto de la campaña",0,0,0,0,0,0,,"En curso","7 días tras clic o 1 día tras visualización",0,ABSOLUTE_OCPM,2026-08-22T06:31:57-0300,-,-,-,"A+ - Prospecting - Angulos Nuevos (Anticipo-Viaje-Producto)",,,,,,0,,,00:00:00,,,,,,,0,0,,,,,,
2026-08-10,2026-08-10,"Ad6 - Secuencia - Nueva coleccion 202666 - Copia 3",inactive,,,,"Con el presupuesto de la campaña",0,0,0,0,0,0,,"En curso","7 días tras clic, 1 día tras visualización o 1 día tras visualización activa",0,ABSOLUTE_OCPM,2026-08-22T19:14:35-0300,-,-,-,"A+ - Publicos Personalizados  - Sale",,,,,,0,,,00:00:00,,,,,,,0,0,,,,,,
2026-08-10,2026-08-10,"Ad6 - Secuencia - Nueva coleccion 202666 - Copia 6",active,,,,"Con el presupuesto de la campaña",0,0,0,0,0,0,,"En curso","7 días tras clic, 1 día tras visualización o 1 día tras visualización activa",0,ABSOLUTE_OCPM,2026-08-24T22:24:38-0300,-,-,-,"A+ - SA - Nueva coleccion 2026",,,,,,0,,,00:00:00,,,,,,,0,0,,,,,,
2026-08-10,2026-08-10,"Ad2 - Angulo Viaje",active,,,,"Con el presupuesto de la campaña",0,0,0,0,0,0,,"En curso","7 días tras clic o 1 día tras visualización",0,ABSOLUTE_OCPM,2026-08-22T06:31:57-0300,-,-,-,"A+ - Prospecting - Angulos Nuevos (Anticipo-Viaje-Producto)",,,,,,0,,,00:00:00,,,,,,,0,0,,,,,,
2026-08-10,2026-08-10,"Secuencia imagenes 1 - Minimal SS25 - Copia 2",inactive,,,,"Con el presupuesto de la campaña",0,0,0,0,0,0,,"En curso","7 días tras clic, 1 día tras visualización o 1 día tras visualización activa",0,ABSOLUTE_OCPM,2026-08-22T19:14:35-0300,-,-,-,"A+ - Publicos Personalizados  - Sale",,,,,,0,,,00:00:00,,,,,,,0,0,,,,,,
2026-08-10,2026-08-10,"Ad6 - Secuencia - Nueva coleccion 202666 - Copia 9",active,,,,"Con el presupuesto de la campaña",0,0,0,0,0,0,,"En curso","7 días tras clic, 1 día tras visualización o 1 día tras visualización activa",0,ABSOLUTE_OCPM,2026-08-24T22:24:38-0300,-,-,-,"A+ - SA - Nueva coleccion 2026",,,,,,0,,,00:00:00,,,,,,,0,0,,,,,,
2026-08-10,2026-08-10,"Ad1 - Angulo Anticipo Temporada",active,,,,"Con el presupuesto de la campaña",0,22936.76,2603,1840,1.414674,8811.663465,,"En curso","7 días tras clic o 1 día tras visualización",0,ABSOLUTE_OCPM,2026-08-22T06:31:57-0300,Promedio,-,-,"A+ - Prospecting - Angulos Nuevos (Anticipo-Viaje-Producto)",,,,,,2.391304,47,500,2,1282,689,401,279,279,1.805609,3.423913,2.996542,488.01617,42,7,1,,
2026-08-10,2026-08-10,"Ad6 - Secuencia - Nueva coleccion 2026 - Copia 3",inactive,,,,"Con el presupuesto de la campaña",0,0,0,0,0,0,,"En curso","7 días tras clic, 1 día tras visualización o 1 día tras visualización activa",0,ABSOLUTE_OCPM,2026-08-22T19:14:35-0300,-,-,-,"A+ - Publicos Personalizados  - Sale",,,,,,0,,,00:00:00,,,,,,,0,0,,,,,,
2026-08-10,2026-08-10,"Ad6 - Secuencia - Nueva coleccion 202666 - Copia 10",active,,,,"Con el presupuesto de la campaña",0,80.24,4,4,1,20060,,"En curso","7 días tras clic, 1 día tras visualización o 1 día tras visualización activa",0,ABSOLUTE_OCPM,2026-08-24T22:24:38-0300,-,-,-,"A+ - SA - Nueva coleccion 2026",,,,,,0,,,1,1,,,,,,0,0,,,,,,
2026-08-10,2026-08-10,"Ad6 - Secuencia - Nueva coleccion 202666 - Copia 12",active,,,,"Con el presupuesto de la campaña",0,13.82,5,5,1,2764,,"En curso","7 días tras clic, 1 día tras visualización o 1 día tras visualización activa",0,ABSOLUTE_OCPM,2026-08-24T22:24:38-0300,-,-,-,"A+ - SA - Nueva coleccion 2026",,,,,,20,1,,00:00:00,,,,,,20,20,20,13.82,1,,,,
2026-08-10,2026-08-10,"Ad5 - Video - Sale - Copia 2",inactive,,,,"Con el presupuesto de la campaña",0,0,0,0,0,0,,"En curso","7 días tras clic, 1 día tras visualización o 1 día tras visualización activa",0,ABSOLUTE_OCPM,2026-08-22T19:14:35-0300,-,-,-,"A+ - Publicos Personalizados  - Sale",,,,,,0,,,00:00:00,,,,,,,0,0,,,,,,
2026-08-10,2026-08-10,"Ad6 - Secuencia - Nueva coleccion 202666 - Copia 7",inactive,,,,"Con el presupuesto de la campaña",0,0,0,0,0,0,,"En curso","7 días tras clic, 1 día tras visualización o 1 día tras visualización activa",0,ABSOLUTE_OCPM,2026-08-24T22:24:38-0300,-,-,-,"A+ - SA - Nueva coleccion 2026",,,,,,0,,,00:00:00,,,,,,,0,0,,,,,,
2026-08-10,2026-08-10,"Ad6 - Secuencia - Nueva coleccion 202666 - Copia 5",not_delivering,,,,"Con el presupuesto de la campaña",0,2.08,1,1,1,2080,,"En curso","7 días tras clic, 1 día tras visualización o 1 día tras visualización activa",0,ABSOLUTE_OCPM,2026-08-22T19:14:35-0300,-,-,-,"A+ - Publicos Personalizados  - Sale",,,,,,0,,,00:00:00,,,,,,,0,0,,,1,,,
2026-08-10,2026-08-10,"Ad6 - Secuencia - Nueva coleccion 2026 - Copia 3",inactive,,,,"Con el presupuesto de la campaña",0,0,0,0,0,0,,"En curso","7 días tras clic, 1 día tras visualización o 1 día tras visualización activa",0,ABSOLUTE_OCPM,2026-08-22T19:14:35-0300,-,-,-,"A+ - Publicos Personalizados  - Sale",,,,,,0,,,00:00:00,,,,,,,0,0,,,,,,
2026-08-10,2026-08-10,"Ad6 - Secuencia - Nueva coleccion 202666 - Copia 9",active,,,,"Con el presupuesto de la campaña",0,1244.2,173,159,1.08805,7191.907514,,"En curso","7 días tras clic, 1 día tras visualización o 1 día tras visualización activa",0,ABSOLUTE_OCPM,2026-08-24T22:24:38-0300,-,-,-,"A+ - SA - Nueva coleccion 2026",,,,,,2.515723,4,,00:00:00,,,,,,2.312139,5.660377,5.780347,311.05,2,1,,,
2026-08-10,2026-08-10,"Ad6 - Secuencia - Nueva coleccion 202666 - Copia 11",active,,,,"Con el presupuesto de la campaña",0,26540.33,3974,3143,1.264397,6678.492703,,"En curso","7 días tras clic, 1 día tras visualización o 1 día tras visualización activa",0,ABSOLUTE_OCPM,2026-08-24T22:24:38-0300,-,-,-,"A+ - SA - Nueva coleccion 2026",,,,,,3.11804,107,3,3,4,3,3,2,2,2.692501,3.690741,3.497735,248.040467,95,17,2,,
2026-08-10,2026-08-10,"Ad5 - Video - Sale - Copia 3",inactive,,,,"Con el presupuesto de la campaña",0,0,0,0,0,0,,"En curso","7 días tras clic, 1 día tras visualización o 1 día tras visualización activa",0,ABSOLUTE_OCPM,2026-08-22T19:14:35-0300,-,-,-,"A+ - Publicos Personalizados  - Sale",,,,,,0,,,00:00:00,,,,,,,0,0,,,,,,
2026-08-10,2026-08-10,"Ad6 - Secuencia - Nueva coleccion 202666 - Copia 6",active,,,,"Con el presupuesto de la campaña",0,0,0,0,0,0,,"En curso","7 días tras clic, 1 día tras visualización o 1 día tras visualización activa",0,ABSOLUTE_OCPM,2026-08-24T22:24:38-0300,-,-,-,"A+ - SA - Nueva coleccion 2026",,,,,,0,,,00:00:00,,,,,,,0,0,,,,,,
2026-08-10,2026-08-10,"Ad6 - Secuencia - Nueva coleccion 202666 - Copia 4",inactive,,,,"Con el presupuesto de la campaña",0,2390.12,86,72,1.194444,27792.093023,,"En curso","7 días tras clic, 1 día tras visualización o 1 día tras visualización activa",0,ABSOLUTE_OCPM,2026-08-22T19:14:35-0300,-,-,-,"A+ - Publicos Personalizados  - Sale",,,,,,2.777778,2,8,3,6,4,1,,,2.325581,4.166667,4.651163,1195.06,1,,,,
2026-08-10,2026-08-10,"Ad6 - Video - Sale - Copia",inactive,,,,"Con el presupuesto de la campaña",0,0,0,0,0,0,,"En curso","7 días tras clic, 1 día tras visualización o 1 día tras visualización activa",0,ABSOLUTE_OCPM,2026-08-22T19:14:35-0300,-,-,-,"A+ - Publicos Personalizados  - Sale",,,,,,0,,,00:00:00,,,,,,,0,0,,,,,,
2026-08-10,2026-08-10,"Ad6 - Secuencia - Nueva coleccion 202666 - Copia 3",inactive,,,,"Con el presupuesto de la campaña",0,661.63,84,79,1.063291,7876.547619,,"En curso","7 días tras clic, 1 día tras visualización o 1 día tras visualización activa",0,ABSOLUTE_OCPM,2026-08-22T19:14:35-0300,-,-,-,"A+ - Publicos Personalizados  - Sale",,,,,,1.265823,1,,00:00:00,,,,,,1.190476,3.797468,3.571429,661.63,1,,,,
2026-08-10,2026-08-10,"Ad6 - Secuencia - Nueva coleccion 202666 - Copia 4",inactive,,,,"Con el presupuesto de la campaña",0,0,0,0,0,0,,"En curso","7 días tras clic, 1 día tras visualización o 1 día tras visualización activa",0,ABSOLUTE_OCPM,2026-08-22T19:14:35-0300,-,-,-,"A+ - Publicos Personalizados  - Sale",,,,,,0,,,00:00:00,,,,,,,0,0,,,,,,
2026-08-10,2026-08-10,"Ad7 - Video - Sale",inactive,,,,"Con el presupuesto de la campaña",0,0,0,0,0,0,,"En curso","7 días tras clic, 1 día tras visualización o 1 día tras visualización activa",0,ABSOLUTE_OCPM,2026-08-22T19:14:35-0300,-,-,-,"A+ - Publicos Personalizados  - Sale",,,,,,0,,,00:00:00,,,,,,,0,0,,,,,,
2026-08-10,2026-08-10,"Ad6 - Secuencia - Nueva coleccion 202666 - Copia 8",active,,,,"Con el presupuesto de la campaña",0,2585.55,359,302,1.188742,7202.089136,,"En curso","7 días tras clic, 1 día tras visualización o 1 día tras visualización activa",0,ABSOLUTE_OCPM,2026-08-24T22:24:38-0300,-,-,-,"A+ - SA - Nueva coleccion 2026",,,,,,1.324503,4,,00:00:00,,,,,,1.114206,1.655629,1.671309,646.3875,4,,,,
2026-08-10,2026-08-10,"Ad6 - Secuencia - Nueva coleccion 202666 - Copia 7",inactive,,,,"Con el presupuesto de la campaña",0,0,0,0,0,0,,"En curso","7 días tras clic, 1 día tras visualización o 1 día tras visualización activa",0,ABSOLUTE_OCPM,2026-08-22T19:14:35-0300,-,-,-,"A+ - Publicos Personalizados  - Sale",,,,,,0,,,00:00:00,,,,,,,0,0,,,,,,
2026-08-10,2026-08-10,"Ad6 - Video - Sale",inactive,,,,"Con el presupuesto de la campaña",0,0,0,0,0,0,,"En curso","7 días tras clic, 1 día tras visualización o 1 día tras visualización activa",0,ABSOLUTE_OCPM,2026-08-22T19:14:35-0300,-,-,-,"A+ - Publicos Personalizados  - Sale",,,,,,0,,,00:00:00,,,,,,,0,0,,,,,,
2026-08-10,2026-08-10,"Ad6 - Secuencia - Nueva coleccion 202666 - Copia 6",inactive,,,,"Con el presupuesto de la campaña",0,0,0,0,0,0,,"En curso","7 días tras clic, 1 día tras visualización o 1 día tras visualización activa",0,ABSOLUTE_OCPM,2026-08-24T22:24:38-0300,-,-,-,"A+ - SA - Nueva coleccion 2026",,,,,,0,,,00:00:00,,,,,,,0,0,,,,,,
2026-08-10,2026-08-10,"Ad6 - Secuencia - Nueva coleccion 202666 - Copia 7",inactive,,,,"Con el presupuesto de la campaña",0,0,0,0,0,0,,"En curso","7 días tras clic, 1 día tras visualización o 1 día tras visualización activa",0,ABSOLUTE_OCPM,2026-08-24T22:24:38-0300,-,-,-,"A+ - SA - Nueva coleccion 2026",,,,,,0,,,00:00:00,,,,,,,0,0,,,,,,
2026-08-10,2026-08-10,"Ad5 - Video - Sale",inactive,,,,"Con el presupuesto de la campaña",0,0,0,0,0,0,,"En curso","7 días tras clic, 1 día tras visualización o 1 día tras visualización activa",0,ABSOLUTE_OCPM,2026-08-22T19:14:35-0300,-,-,-,"A+ - Publicos Personalizados  - Sale",,,,,,0,,,00:00:00,,,,,,,0,0,,,,,,
2026-08-10,2026-08-10,"Ad6 - Secuencia - Nueva coleccion 202666 - Copia 5",not_delivering,,,,"Con el presupuesto de la campaña",0,9363.12,1454,1175,1.237447,6439.559835,,"En curso","7 días tras clic, 1 día tras visualización o 1 día tras visualización activa",0,ABSOLUTE_OCPM,2026-08-24T22:24:38-0300,-,-,-,"A+ - SA - Nueva coleccion 2026",,,,,,2.468085,34,,00:00:00,,,,,,2.338377,3.404255,3.43879,275.385882,32,1,,,
2026-08-10,2026-08-10,"Ad6 - Secuencia - Nueva coleccion 202666 - Copia 2",inactive,,,,"Con el presupuesto de la campaña",0,0,0,0,0,0,,"En curso","7 días tras clic, 1 día tras visualización o 1 día tras visualización activa",0,ABSOLUTE_OCPM,2026-08-22T19:14:35-0300,-,-,-,"A+ - Publicos Personalizados  - Sale",,,,,,0,,,00:00:00,,,,,,,0,0,,,,,,
2026-08-10,2026-08-10,"Ad2 - Video - Sale",inactive,,,,"Con el presupuesto de la campaña",0,0,0,0,0,0,,"En curso","7 días tras clic, 1 día tras visualización o 1 día tras visualización activa",0,ABSOLUTE_OCPM,2026-08-22T19:14:35-0300,-,-,-,"A+ - Publicos Personalizados  - Sale",,,,,,0,,,00:00:00,,,,,,,0,0,,,,,,
2026-08-10,2026-08-10,"Ad6 - Secuencia - Nueva coleccion 202666 - Copia 2",inactive,,,,"Con el presupuesto de la campaña",0,0,0,0,0,0,,"En curso","7 días tras clic, 1 día tras visualización o 1 día tras visualización activa",0,ABSOLUTE_OCPM,2026-08-22T19:14:35-0300,-,-,-,"A+ - Publicos Personalizados  - Sale",,,,,,0,,,00:00:00,,,,,,,0,0,,,,,,
2026-08-10,2026-08-10,"Ad6 - Secuencia - Nueva coleccion 202666 - Copia 2",inactive,,,,"Con el presupuesto de la campaña",0,0,0,0,0,0,,"En curso","7 días tras clic, 1 día tras visualización o 1 día tras visualización activa",0,ABSOLUTE_OCPM,2026-08-24T22:24:38-0300,-,-,-,"A+ - SA - Nueva coleccion 2026",,,,,,0,,,00:00:00,,,,,,,0,0,,,,,,
2026-08-10,2026-08-10,"Ad6 - Secuencia - Nueva coleccion 202666 - Copia 4",inactive,,,,"Con el presupuesto de la campaña",0,0,0,0,0,0,,"En curso","7 días tras clic, 1 día tras visualización o 1 día tras visualización activa",0,ABSOLUTE_OCPM,2026-08-24T22:24:38-0300,-,-,-,"A+ - SA - Nueva coleccion 2026",,,,,,0,,,00:00:00,,,,,,,0,0,,,,,,
2026-08-10,2026-08-10,"Ad6 - Secuencia - Nueva coleccion 2026 - Copia 3",active,,,,"Con el presupuesto de la campaña",0,6.07,2,2,1,3035,,"En curso","7 días tras clic, 1 día tras visualización o 1 día tras visualización activa",0,ABSOLUTE_OCPM,2026-08-24T22:24:38-0300,-,-,-,"A+ - SA - Nueva coleccion 2026",,,,,,0,,,00:00:00,,,,,,,0,0,,,,,,
2026-08-10,2026-08-10,"Ad6 - Secuencia - Nueva coleccion 202666 - Copia 4",not_delivering,,,,"Con el presupuesto de la campaña",0,1254.09,163,150,1.086667,7693.803681,,"En curso","7 días tras clic, 1 día tras visualización o 1 día tras visualización activa",0,ABSOLUTE_OCPM,2026-08-24T22:24:38-0300,-,-,-,"A+ - SA - Nueva coleccion 2026",,,,,,2.666667,4,,00:00:00,,,,,,2.453988,3.333333,4.294479,313.5225,6,3,,,
2026-08-10,2026-08-10,"Ad6 - Secuencia - Nueva coleccion 202666 - Copia 4",inactive,,,,"Con el presupuesto de la campaña",0,0,0,0,0,0,,"En curso","7 días tras clic, 1 día tras visualización o 1 día tras visualización activa",0,ABSOLUTE_OCPM,2026-08-22T19:14:35-0300,-,-,-,"A+ - Publicos Personalizados  - Sale",,,,,,0,,,00:00:00,,,,,,,0,0,,,,,,
2026-08-10,2026-08-10,"Ad6 - Secuencia - Nueva coleccion 202666 - Copia 3",inactive,,,,"Con el presupuesto de la campaña",0,0,0,0,0,0,,"En curso","7 días tras clic, 1 día tras visualización o 1 día tras visualización activa",0,ABSOLUTE_OCPM,2026-08-22T19:14:35-0300,-,-,-,"A+ - Publicos Personalizados  - Sale",,,,,,0,,,00:00:00,,,,,,,0,0,,,,,,
2026-08-10,2026-08-10,"Ad6 - Secuencia - Nueva coleccion 202666 - Copia 6",inactive,,,,"Con el presupuesto de la campaña",0,0.57,1,1,1,570,,"En curso","7 días tras clic, 1 día tras visualización o 1 día tras visualización activa",0,ABSOLUTE_OCPM,2026-08-22T19:14:35-0300,-,-,-,"A+ - Publicos Personalizados  - Sale",,,,,,0,,,00:00:00,,,,,,,0,0,,,,,,
2026-08-10,2026-08-10,"Ad6 - Secuencia - Nueva coleccion 202666 - Copia 3",inactive,,,,"Con el presupuesto de la campaña",0,0,0,0,0,0,,"En curso","7 días tras clic, 1 día tras visualización o 1 día tras visualización activa",0,ABSOLUTE_OCPM,2026-08-24T22:24:38-0300,-,-,-,"A+ - SA - Nueva coleccion 2026",,,,,,0,,,00:00:00,,,,,,,0,0,,,,,,
2026-08-10,2026-08-10,"Ad6 - Secuencia - Nueva coleccion 202666 - Copia 4",inactive,,,,"Con el presupuesto de la campaña",0,0,0,0,0,0,,"En curso","7 días tras clic, 1 día tras visualización o 1 día tras visualización activa",0,ABSOLUTE_OCPM,2026-08-22T19:14:35-0300,-,-,-,"A+ - Publicos Personalizados  - Sale",,,,,,0,,,00:00:00,,,,,,,0,0,,,,,,
2026-08-10,2026-08-10,"Ad6 - Secuencia - Nueva coleccion 202666 - Copia 2",inactive,,,,"Con el presupuesto de la campaña",0,0,0,0,0,0,,"En curso","7 días tras clic, 1 día tras visualización o 1 día tras visualización activa",0,ABSOLUTE_OCPM,2026-08-24T22:24:38-0300,-,-,-,"A+ - SA - Nueva coleccion 2026",,,,,,0,,,00:00:00,,,,,,,0,0,,,,,,
2026-08-10,2026-08-10,"Ad6 - Secuencia - Nueva coleccion 202666 - Copia 3",not_delivering,1,actions:offsite_conversion.fb_pixel_purchase,7515.89,"Con el presupuesto de la campaña",0,7515.89,612,531,1.152542,12280.866013,1,"En curso","7 días tras clic, 1 día tras visualización o 1 día tras visualización activa",0,ABSOLUTE_OCPM,2026-08-22T19:14:35-0300,Promedio,"Por debajo del promedio - 35% de los anuncios menos relevantes","Por debajo del promedio - 35% de los anuncios menos relevantes","A+ - Publicos Personalizados  - Sale",21.282909,159960,159960,21.28290861,action_values:offsite_conversion.fb_pixel_purchase,1.883239,10,,00:00:00,,,,,,1.633987,3.013183,2.777778,751.589,9,2,,,
2026-08-10,2026-08-10,"Ad6 - Secuencia - Nueva coleccion 2026 - Copia 4",active,,,,"Con el presupuesto de la campaña",0,201.56,26,24,1.083333,7752.307692,,"En curso","7 días tras clic, 1 día tras visualización o 1 día tras visualización activa",0,ABSOLUTE_OCPM,2026-08-24T22:24:38-0300,-,-,-,"A+ - SA - Nueva coleccion 2026",,,,,,0,,,3,1,1,,,,,4.166667,3.846154,,,5,1,,
2026-08-10,2026-08-10,"Ad6 - Secuencia - Nueva coleccion 202666 - Copia 2",inactive,,,,"Con el presupuesto de la campaña",0,0,0,0,0,0,,"En curso","7 días tras clic, 1 día tras visualización o 1 día tras visualización activa",0,ABSOLUTE_OCPM,2026-08-22T19:14:35-0300,-,-,-,"A+ - Publicos Personalizados  - Sale",,,,,,0,,,00:00:00,,,,,,,0,0,,,,,,
2026-08-10,2026-08-10,"Ad6 - Secuencia - Nueva coleccion 202666 - Copia",inactive,,,,"Con el presupuesto de la campaña",0,69.84,10,10,1,6984,,"En curso","7 días tras clic, 1 día tras visualización o 1 día tras visualización activa",0,ABSOLUTE_OCPM,2026-08-24T22:24:38-0300,-,-,-,"A+ - SA - Nueva coleccion 2026",,,,,,10,1,,00:00:00,,,,,,10,10,10,69.84,1,,,,
2026-08-10,2026-08-10,"Ad5 - Video - Sale - Copia 3",inactive,,,,"Con el presupuesto de la campaña",0,0,0,0,0,0,,"En curso","7 días tras clic, 1 día tras visualización o 1 día tras visualización activa",0,ABSOLUTE_OCPM,2026-08-22T19:14:35-0300,-,-,-,"A+ - Publicos Personalizados  - Sale",,,,,,0,,,00:00:00,,,,,,,0,0,,,,,,
2026-08-10,2026-08-10,"Ad6 - Secuencia - Nueva coleccion 202666 - Copia 5",not_delivering,,,,"Con el presupuesto de la campaña",0,650.74,70,60,1.166667,9296.285714,,"En curso","7 días tras clic, 1 día tras visualización o 1 día tras visualización activa",0,ABSOLUTE_OCPM,2026-08-22T19:14:35-0300,-,-,-,"A+ - Publicos Personalizados  - Sale",,,,,,1.666667,1,,00:00:00,,,,,,1.428571,3.333333,2.857143,650.74,1,,,,
2026-08-10,2026-08-10,"Ad5 - Video - Sale - Copia 2",inactive,,,,"Con el presupuesto de la campaña",0,0,0,0,0,0,,"En curso","7 días tras clic, 1 día tras visualización o 1 día tras visualización activa",0,ABSOLUTE_OCPM,2026-08-22T19:14:35-0300,-,-,-,"A+ - Publicos Personalizados  - Sale",,,,,,0,,,00:00:00,,,,,,,0,0,,,,,,
2026-08-10,2026-08-10,"Ad6 - Secuencia - Nueva coleccion 202666 - Copia 2",inactive,,,,"Con el presupuesto de la campaña",0,0,0,0,0,0,,"En curso","7 días tras clic, 1 día tras visualización o 1 día tras visualización activa",0,ABSOLUTE_OCPM,2026-08-22T19:14:35-0300,-,-,-,"A+ - Publicos Personalizados  - Sale",,,,,,0,,,00:00:00,,,,,,,0,0,,,,,,
2026-08-10,2026-08-10,"Ad6 - Secuencia - Nueva coleccion 2026 - Copia",inactive,,,,"Con el presupuesto de la campaña",0,0,0,0,0,0,,"En curso","7 días tras clic, 1 día tras visualización o 1 día tras visualización activa",0,ABSOLUTE_OCPM,2026-08-24T22:24:38-0300,-,-,-,"A+ - SA - Nueva coleccion 2026",,,,,,0,,,00:00:00,,,,,,,0,0,,,,,,
2026-08-10,2026-08-10,"Ad6 - Secuencia - Nueva coleccion 202666 - Copia",inactive,,,,"Con el presupuesto de la campaña",0,21.37,4,4,1,5342.5,,"En curso","7 días tras clic, 1 día tras visualización o 1 día tras visualización activa",0,ABSOLUTE_OCPM,2026-08-22T19:14:35-0300,-,-,-,"A+ - Publicos Personalizados  - Sale",,,,,,25,1,1,3,2,1,1,,,25,25,25,21.37,1,,,,
2026-08-10,2026-08-10,"Ad4 - Imagen - Sale",inactive,,,,"Con el presupuesto de la campaña",0,0,0,0,0,0,,"En curso","7 días tras clic, 1 día tras visualización o 1 día tras visualización activa",0,ABSOLUTE_OCPM,2026-08-22T19:14:35-0300,-,-,-,"A+ - Publicos Personalizados  - Sale",,,,,,0,,,00:00:00,,,,,,,0,0,,,,,,
2026-08-10,2026-08-10,"Ad6 - Secuencia - Nueva coleccion 2026 - Copia",inactive,,,,"Con el presupuesto de la campaña",0,1604.63,236,213,1.107981,6799.279661,,"En curso","7 días tras clic, 1 día tras visualización o 1 día tras visualización activa",0,ABSOLUTE_OCPM,2026-08-24T22:24:38-0300,-,-,-,"A+ - SA - Nueva coleccion 2026",,,,,,3.755869,10,12,4,11,7,4,2,2,4.237288,5.164319,5.508475,160.463,7,1,,,
2026-08-10,2026-08-10,"Ad3 - Video - Sale",inactive,,,,"Con el presupuesto de la campaña",0,0,0,0,0,0,,"En curso","7 días tras clic, 1 día tras visualización o 1 día tras visualización activa",0,ABSOLUTE_OCPM,2026-08-22T19:14:35-0300,-,-,-,"A+ - Publicos Personalizados  - Sale",,,,,,0,,,00:00:00,,,,,,,0,0,,,,,,
2026-08-10,2026-08-10,"Ad5 - Video - Sale - Copia",not_delivering,,,,"Con el presupuesto de la campaña",0,0,0,0,0,0,,"En curso","7 días tras clic, 1 día tras visualización o 1 día tras visualización activa",0,ABSOLUTE_OCPM,2026-08-22T19:14:35-0300,-,-,-,"A+ - Publicos Personalizados  - Sale",,,,,,0,,,00:00:00,,,,,,,0,0,,,,,,
2026-08-10,2026-08-10,"Ad1 - Video - Sale",inactive,,,,"Con el presupuesto de la campaña",0,0,0,0,0,0,,"En curso","7 días tras clic, 1 día tras visualización o 1 día tras visualización activa",0,ABSOLUTE_OCPM,2026-08-22T19:14:35-0300,-,-,-,"A+ - Publicos Personalizados  - Sale",,,,,,0,,,00:00:00,,,,,,,0,0,,,,,,
2026-08-09,2026-08-09,"Ad6 - Secuencia - Nueva coleccion 202666 - Copia 2",inactive,,,,"Con el presupuesto de la campaña",0,0,0,0,0,0,,"En curso","7 días tras clic, 1 día tras visualización o 1 día tras visualización activa",0,ABSOLUTE_OCPM,2026-08-22T19:14:35-0300,-,-,-,"A+ - Publicos Personalizados  - Sale",,,,,,0,,,00:00:00,,,,,,,0,0,,,,,,
2026-08-09,2026-08-09,"Ad6 - Secuencia - Nueva coleccion 202666 - Copia 7",active,,,,"Con el presupuesto de la campaña",0,0,0,0,0,0,,"En curso","7 días tras clic, 1 día tras visualización o 1 día tras visualización activa",0,ABSOLUTE_OCPM,2026-08-24T22:24:38-0300,-,-,-,"A+ - SA - Nueva coleccion 2026",,,,,,0,,,00:00:00,,,,,,,0,0,,,,,,
2026-08-09,2026-08-09,"Ad6 - Secuencia - Nueva coleccion 2026 - Copia 2",inactive,,,,"Con el presupuesto de la campaña",0,0,0,0,0,0,,"En curso","7 días tras clic, 1 día tras visualización o 1 día tras visualización activa",0,ABSOLUTE_OCPM,2026-08-24T22:24:38-0300,-,-,-,"A+ - SA - Nueva coleccion 2026",,,,,,0,,,00:00:00,,,,,,,0,0,,,,,,
2026-08-09,2026-08-09,"Ad6 - Secuencia - Nueva coleccion 202666 - Copia 6",inactive,,,,"Con el presupuesto de la campaña",0,0,0,0,0,0,,"En curso","7 días tras clic, 1 día tras visualización o 1 día tras visualización activa",0,ABSOLUTE_OCPM,2026-08-22T19:14:35-0300,-,-,-,"A+ - Publicos Personalizados  - Sale",,,,,,0,,,00:00:00,,,,,,,0,0,,,,,,
2026-08-09,2026-08-09,1,inactive,,,,"Con el presupuesto de la campaña",0,0,0,0,0,0,,"En curso","7 días tras clic, 1 día tras visualización o 1 día tras visualización activa",0,ABSOLUTE_OCPM,2026-08-22T19:14:35-0300,-,-,-,"A+ - Publicos Personalizados  - Sale",,,,,,0,,,00:00:00,,,,,,,0,0,,,,,,
2026-08-09,2026-08-09,"Ad3 - Angulo Producto Fit",active,,,,"Con el presupuesto de la campaña",0,0,0,0,0,0,,"En curso","7 días tras clic o 1 día tras visualización",0,ABSOLUTE_OCPM,2026-08-22T06:31:57-0300,-,-,-,"A+ - Prospecting - Angulos Nuevos (Anticipo-Viaje-Producto)",,,,,,0,,,00:00:00,,,,,,,0,0,,,,,,
2026-08-09,2026-08-09,"Ad6 - Secuencia - Nueva coleccion 202666 - Copia 3",inactive,,,,"Con el presupuesto de la campaña",0,0,0,0,0,0,,"En curso","7 días tras clic, 1 día tras visualización o 1 día tras visualización activa",0,ABSOLUTE_OCPM,2026-08-22T19:14:35-0300,-,-,-,"A+ - Publicos Personalizados  - Sale",,,,,,0,,,00:00:00,,,,,,,0,0,,,,,,
2026-08-09,2026-08-09,"Ad6 - Secuencia - Nueva coleccion 202666 - Copia 6",active,1,actions:offsite_conversion.fb_pixel_purchase,0,"Con el presupuesto de la campaña",0,0,0,0,0,0,1,"En curso","7 días tras clic, 1 día tras visualización o 1 día tras visualización activa",0,ABSOLUTE_OCPM,2026-08-24T22:24:38-0300,-,-,-,"A+ - SA - Nueva coleccion 2026",,75147.97,75147.97,,,0,,,00:00:00,,,,,,,0,0,,,,1,,
2026-08-09,2026-08-09,"Ad2 - Angulo Viaje",active,,,,"Con el presupuesto de la campaña",0,0,0,0,0,0,,"En curso","7 días tras clic o 1 día tras visualización",0,ABSOLUTE_OCPM,2026-08-22T06:31:57-0300,-,-,-,"A+ - Prospecting - Angulos Nuevos (Anticipo-Viaje-Producto)",,,,,,0,,,00:00:00,,,,,,,0,0,,,,,,
2026-08-09,2026-08-09,"Secuencia imagenes 1 - Minimal SS25 - Copia 2",inactive,,,,"Con el presupuesto de la campaña",0,0,0,0,0,0,,"En curso","7 días tras clic, 1 día tras visualización o 1 día tras visualización activa",0,ABSOLUTE_OCPM,2026-08-22T19:14:35-0300,-,-,-,"A+ - Publicos Personalizados  - Sale",,,,,,0,,,00:00:00,,,,,,,0,0,,,,,,
2026-08-09,2026-08-09,"Ad6 - Secuencia - Nueva coleccion 202666 - Copia 9",active,,,,"Con el presupuesto de la campaña",0,0,0,0,0,0,,"En curso","7 días tras clic, 1 día tras visualización o 1 día tras visualización activa",0,ABSOLUTE_OCPM,2026-08-24T22:24:38-0300,-,-,-,"A+ - SA - Nueva coleccion 2026",,,,,,0,,,00:00:00,,,,,,,0,0,,,,,,
2026-08-09,2026-08-09,"Ad1 - Angulo Anticipo Temporada",active,,,,"Con el presupuesto de la campaña",0,21712.04,2682,1966,1.364191,8095.46607,,"En curso","7 días tras clic o 1 día tras visualización",0,ABSOLUTE_OCPM,2026-08-22T06:31:57-0300,Promedio,-,-,"A+ - Prospecting - Angulos Nuevos (Anticipo-Viaje-Producto)",,,,,,1.780265,36,452,2,852,426,267,185,185,1.342282,2.136317,1.938852,603.112222,34,8,,,
2026-08-09,2026-08-09,"Ad6 - Secuencia - Nueva coleccion 2026 - Copia 3",inactive,,,,"Con el presupuesto de la campaña",0,0,0,0,0,0,,"En curso","7 días tras clic, 1 día tras visualización o 1 día tras visualización activa",0,ABSOLUTE_OCPM,2026-08-22T19:14:35-0300,-,-,-,"A+ - Publicos Personalizados  - Sale",,,,,,0,,,00:00:00,,,,,,,0,0,,,,,,
2026-08-09,2026-08-09,"Ad6 - Secuencia - Nueva coleccion 202666 - Copia 10",active,,,,"Con el presupuesto de la campaña",0,0,0,0,0,0,,"En curso","7 días tras clic, 1 día tras visualización o 1 día tras visualización activa",0,ABSOLUTE_OCPM,2026-08-24T22:24:38-0300,-,-,-,"A+ - SA - Nueva coleccion 2026",,,,,,0,,,00:00:00,,,,,,,0,0,,,,,,
2026-08-09,2026-08-09,"Ad6 - Secuencia - Nueva coleccion 202666 - Copia 12",active,,,,"Con el presupuesto de la campaña",0,4187.78,749,646,1.159443,5591.161549,,"En curso","7 días tras clic, 1 día tras visualización o 1 día tras visualización activa",0,ABSOLUTE_OCPM,2026-08-24T22:24:38-0300,-,-,-,"A+ - SA - Nueva coleccion 2026",,,,,,2.786378,22,,00:00:00,,,,,,2.93725,4.179567,4.93992,190.353636,19,3,,,
2026-08-09,2026-08-09,"Ad5 - Video - Sale - Copia 2",inactive,,,,"Con el presupuesto de la campaña",0,0,0,0,0,0,,"En curso","7 días tras clic, 1 día tras visualización o 1 día tras visualización activa",0,ABSOLUTE_OCPM,2026-08-22T19:14:35-0300,-,-,-,"A+ - Publicos Personalizados  - Sale",,,,,,0,,,00:00:00,,,,,,,0,0,,,,,,
2026-08-09,2026-08-09,"Ad6 - Secuencia - Nueva coleccion 202666 - Copia 7",inactive,,,,"Con el presupuesto de la campaña",0,0,0,0,0,0,,"En curso","7 días tras clic, 1 día tras visualización o 1 día tras visualización activa",0,ABSOLUTE_OCPM,2026-08-24T22:24:38-0300,-,-,-,"A+ - SA - Nueva coleccion 2026",,,,,,0,,,00:00:00,,,,,,,0,0,,,,,,
2026-08-09,2026-08-09,"Ad6 - Secuencia - Nueva coleccion 202666 - Copia 5",not_delivering,,,,"Con el presupuesto de la campaña",0,0,0,0,0,0,,"En curso","7 días tras clic, 1 día tras visualización o 1 día tras visualización activa",0,ABSOLUTE_OCPM,2026-08-22T19:14:35-0300,-,-,-,"A+ - Publicos Personalizados  - Sale",,,,,,0,,,00:00:00,,,,,,,0,0,,,,,,
2026-08-09,2026-08-09,"Ad6 - Secuencia - Nueva coleccion 2026 - Copia 3",inactive,,,,"Con el presupuesto de la campaña",0,0,0,0,0,0,,"En curso","7 días tras clic, 1 día tras visualización o 1 día tras visualización activa",0,ABSOLUTE_OCPM,2026-08-22T19:14:35-0300,-,-,-,"A+ - Publicos Personalizados  - Sale",,,,,,0,,,00:00:00,,,,,,,0,0,,,,,,
2026-08-09,2026-08-09,"Ad6 - Secuencia - Nueva coleccion 202666 - Copia 9",active,,,,"Con el presupuesto de la campaña",0,0,0,0,0,0,,"En curso","7 días tras clic, 1 día tras visualización o 1 día tras visualización activa",0,ABSOLUTE_OCPM,2026-08-24T22:24:38-0300,-,-,-,"A+ - SA - Nueva coleccion 2026",,,,,,0,,,00:00:00,,,,,,,0,0,,,,,,
2026-08-09,2026-08-09,"Ad6 - Secuencia - Nueva coleccion 202666 - Copia 11",active,2,actions:offsite_conversion.fb_pixel_purchase,14854.43,"Con el presupuesto de la campaña",0,29708.86,5435,4805,1.131113,5466.211592,2,"En curso","7 días tras clic, 1 día tras visualización o 1 día tras visualización activa",0,ABSOLUTE_OCPM,2026-08-24T22:24:38-0300,-,-,-,"A+ - SA - Nueva coleccion 2026",6.987347,103793.055,207586.11,6.98734687,action_values:offsite_conversion.fb_pixel_purchase,2.414152,134,4,5,9,4,4,3,3,2.465501,3.163371,3.49586,221.70791,107,22,2,,
2026-08-09,2026-08-09,"Ad5 - Video - Sale - Copia 3",inactive,,,,"Con el presupuesto de la campaña",0,0,0,0,0,0,,"En curso","7 días tras clic, 1 día tras visualización o 1 día tras visualización activa",0,ABSOLUTE_OCPM,2026-08-22T19:14:35-0300,-,-,-,"A+ - Publicos Personalizados  - Sale",,,,,,0,,,00:00:00,,,,,,,0,0,,,,,,
2026-08-09,2026-08-09,"Ad6 - Secuencia - Nueva coleccion 202666 - Copia 6",active,,,,"Con el presupuesto de la campaña",0,0,0,0,0,0,,"En curso","7 días tras clic, 1 día tras visualización o 1 día tras visualización activa",0,ABSOLUTE_OCPM,2026-08-24T22:24:38-0300,-,-,-,"A+ - SA - Nueva coleccion 2026",,,,,,0,,,00:00:00,,,,,,,0,0,,,,,,
2026-08-09,2026-08-09,"Ad6 - Secuencia - Nueva coleccion 202666 - Copia 4",inactive,,,,"Con el presupuesto de la campaña",0,0,0,0,0,0,,"En curso","7 días tras clic, 1 día tras visualización o 1 día tras visualización activa",0,ABSOLUTE_OCPM,2026-08-22T19:14:35-0300,-,-,-,"A+ - Publicos Personalizados  - Sale",,,,,,0,,,00:00:00,,,,,,,0,0,,,,,,
2026-08-09,2026-08-09,"Ad6 - Video - Sale - Copia",inactive,,,,"Con el presupuesto de la campaña",0,0,0,0,0,0,,"En curso","7 días tras clic, 1 día tras visualización o 1 día tras visualización activa",0,ABSOLUTE_OCPM,2026-08-22T19:14:35-0300,-,-,-,"A+ - Publicos Personalizados  - Sale",,,,,,0,,,00:00:00,,,,,,,0,0,,,,,,
2026-08-09,2026-08-09,"Ad6 - Secuencia - Nueva coleccion 202666 - Copia 3",inactive,,,,"Con el presupuesto de la campaña",0,0,0,0,0,0,,"En curso","7 días tras clic, 1 día tras visualización o 1 día tras visualización activa",0,ABSOLUTE_OCPM,2026-08-22T19:14:35-0300,-,-,-,"A+ - Publicos Personalizados  - Sale",,,,,,0,,,00:00:00,,,,,,,0,0,,,1,,,
2026-08-09,2026-08-09,"Ad6 - Secuencia - Nueva coleccion 202666 - Copia 4",inactive,,,,"Con el presupuesto de la campaña",0,0,0,0,0,0,,"En curso","7 días tras clic, 1 día tras visualización o 1 día tras visualización activa",0,ABSOLUTE_OCPM,2026-08-22T19:14:35-0300,-,-,-,"A+ - Publicos Personalizados  - Sale",,,,,,0,,,00:00:00,,,,,,,0,0,,,,,,
2026-08-09,2026-08-09,"Ad7 - Video - Sale",inactive,,,,"Con el presupuesto de la campaña",0,0,0,0,0,0,,"En curso","7 días tras clic, 1 día tras visualización o 1 día tras visualización activa",0,ABSOLUTE_OCPM,2026-08-22T19:14:35-0300,-,-,-,"A+ - Publicos Personalizados  - Sale",,,,,,0,,,00:00:00,,,,,,,0,0,,,,,,
2026-08-09,2026-08-09,"Ad6 - Secuencia - Nueva coleccion 202666 - Copia 8",active,,,,"Con el presupuesto de la campaña",0,0,0,0,0,0,,"En curso","7 días tras clic, 1 día tras visualización o 1 día tras visualización activa",0,ABSOLUTE_OCPM,2026-08-24T22:24:38-0300,-,-,-,"A+ - SA - Nueva coleccion 2026",,,,,,0,,,00:00:00,,,,,,,0,0,,,,,,
2026-08-09,2026-08-09,"Ad6 - Secuencia - Nueva coleccion 202666 - Copia 7",inactive,,,,"Con el presupuesto de la campaña",0,0,0,0,0,0,,"En curso","7 días tras clic, 1 día tras visualización o 1 día tras visualización activa",0,ABSOLUTE_OCPM,2026-08-22T19:14:35-0300,-,-,-,"A+ - Publicos Personalizados  - Sale",,,,,,0,,,00:00:00,,,,,,,0,0,,,,,,
2026-08-09,2026-08-09,"Ad6 - Video - Sale",inactive,,,,"Con el presupuesto de la campaña",0,0,0,0,0,0,,"En curso","7 días tras clic, 1 día tras visualización o 1 día tras visualización activa",0,ABSOLUTE_OCPM,2026-08-22T19:14:35-0300,-,-,-,"A+ - Publicos Personalizados  - Sale",,,,,,0,,,00:00:00,,,,,,,0,0,,,,,,
2026-08-09,2026-08-09,"Ad6 - Secuencia - Nueva coleccion 202666 - Copia 6",inactive,,,,"Con el presupuesto de la campaña",0,0,0,0,0,0,,"En curso","7 días tras clic, 1 día tras visualización o 1 día tras visualización activa",0,ABSOLUTE_OCPM,2026-08-24T22:24:38-0300,-,-,-,"A+ - SA - Nueva coleccion 2026",,,,,,0,,,00:00:00,,,,,,,0,0,,,,,,
2026-08-09,2026-08-09,"Ad6 - Secuencia - Nueva coleccion 202666 - Copia 7",inactive,,,,"Con el presupuesto de la campaña",0,0,0,0,0,0,,"En curso","7 días tras clic, 1 día tras visualización o 1 día tras visualización activa",0,ABSOLUTE_OCPM,2026-08-24T22:24:38-0300,-,-,-,"A+ - SA - Nueva coleccion 2026",,,,,,0,,,00:00:00,,,,,,,0,0,,,,,,
2026-08-09,2026-08-09,"Ad5 - Video - Sale",inactive,,,,"Con el presupuesto de la campaña",0,0,0,0,0,0,,"En curso","7 días tras clic, 1 día tras visualización o 1 día tras visualización activa",0,ABSOLUTE_OCPM,2026-08-22T19:14:35-0300,-,-,-,"A+ - Publicos Personalizados  - Sale",,,,,,0,,,00:00:00,,,,,,,0,0,,,,,,
2026-08-09,2026-08-09,"Ad6 - Secuencia - Nueva coleccion 202666 - Copia 5",not_delivering,,,,"Con el presupuesto de la campaña",0,0,0,0,0,0,,"En curso","7 días tras clic, 1 día tras visualización o 1 día tras visualización activa",0,ABSOLUTE_OCPM,2026-08-24T22:24:38-0300,-,-,-,"A+ - SA - Nueva coleccion 2026",,,,,,0,,,00:00:00,,,,,,,0,0,,,,,,
2026-08-09,2026-08-09,"Ad6 - Secuencia - Nueva coleccion 202666 - Copia 2",inactive,,,,"Con el presupuesto de la campaña",0,0,0,0,0,0,,"En curso","7 días tras clic, 1 día tras visualización o 1 día tras visualización activa",0,ABSOLUTE_OCPM,2026-08-22T19:14:35-0300,-,-,-,"A+ - Publicos Personalizados  - Sale",,,,,,0,,,00:00:00,,,,,,,0,0,,,,,,
2026-08-09,2026-08-09,"Ad2 - Video - Sale",inactive,,,,"Con el presupuesto de la campaña",0,0,0,0,0,0,,"En curso","7 días tras clic, 1 día tras visualización o 1 día tras visualización activa",0,ABSOLUTE_OCPM,2026-08-22T19:14:35-0300,-,-,-,"A+ - Publicos Personalizados  - Sale",,,,,,0,,,00:00:00,,,,,,,0,0,,,,,,
2026-08-09,2026-08-09,"Ad6 - Secuencia - Nueva coleccion 202666 - Copia 2",inactive,,,,"Con el presupuesto de la campaña",0,0,0,0,0,0,,"En curso","7 días tras clic, 1 día tras visualización o 1 día tras visualización activa",0,ABSOLUTE_OCPM,2026-08-22T19:14:35-0300,-,-,-,"A+ - Publicos Personalizados  - Sale",,,,,,0,,,00:00:00,,,,,,,0,0,,,,,,
2026-08-09,2026-08-09,"Ad6 - Secuencia - Nueva coleccion 202666 - Copia 2",inactive,,,,"Con el presupuesto de la campaña",0,332.71,9,9,1,36967.777778,,"En curso","7 días tras clic, 1 día tras visualización o 1 día tras visualización activa",0,ABSOLUTE_OCPM,2026-08-24T22:24:38-0300,-,-,-,"A+ - SA - Nueva coleccion 2026",,,,,,11.111111,1,,1,,,,,,11.111111,11.111111,11.111111,332.71,1,,,,
2026-08-09,2026-08-09,"Ad6 - Secuencia - Nueva coleccion 202666 - Copia 4",inactive,,,,"Con el presupuesto de la campaña",0,0,0,0,0,0,,"En curso","7 días tras clic, 1 día tras visualización o 1 día tras visualización activa",0,ABSOLUTE_OCPM,2026-08-24T22:24:38-0300,-,-,-,"A+ - SA - Nueva coleccion 2026",,,,,,0,,,00:00:00,,,,,,,0,0,,,,,,
2026-08-09,2026-08-09,"Ad6 - Secuencia - Nueva coleccion 2026 - Copia 3",active,,,,"Con el presupuesto de la campaña",0,0,0,0,0,0,,"En curso","7 días tras clic, 1 día tras visualización o 1 día tras visualización activa",0,ABSOLUTE_OCPM,2026-08-24T22:24:38-0300,-,-,-,"A+ - SA - Nueva coleccion 2026",,,,,,0,,,00:00:00,,,,,,,0,0,,,,,,
2026-08-09,2026-08-09,"Ad6 - Secuencia - Nueva coleccion 202666 - Copia 4",not_delivering,,,,"Con el presupuesto de la campaña",0,17531.17,2984,2552,1.169279,5875.056971,,"En curso","7 días tras clic, 1 día tras visualización o 1 día tras visualización activa",0,ABSOLUTE_OCPM,2026-08-24T22:24:38-0300,-,-,-,"A+ - SA - Nueva coleccion 2026",,,,,,2.821317,84,,00:00:00,,,,,,2.815013,3.487461,3.652815,208.704405,68,8,,,
2026-08-09,2026-08-09,"Ad6 - Secuencia - Nueva coleccion 202666 - Copia 4",inactive,,,,"Con el presupuesto de la campaña",0,0,0,0,0,0,,"En curso","7 días tras clic, 1 día tras visualización o 1 día tras visualización activa",0,ABSOLUTE_OCPM,2026-08-22T19:14:35-0300,-,-,-,"A+ - Publicos Personalizados  - Sale",,,,,,0,,,00:00:00,,,,,,,0,0,,,,,,
2026-08-09,2026-08-09,"Ad6 - Secuencia - Nueva coleccion 202666 - Copia 3",inactive,,,,"Con el presupuesto de la campaña",0,0,0,0,0,0,,"En curso","7 días tras clic, 1 día tras visualización o 1 día tras visualización activa",0,ABSOLUTE_OCPM,2026-08-22T19:14:35-0300,-,-,-,"A+ - Publicos Personalizados  - Sale",,,,,,0,,,00:00:00,,,,,,,0,0,,,,,,
2026-08-09,2026-08-09,"Ad6 - Secuencia - Nueva coleccion 202666 - Copia 6",inactive,,,,"Con el presupuesto de la campaña",0,26.15,11,10,1.1,2377.272727,,"En curso","7 días tras clic, 1 día tras visualización o 1 día tras visualización activa",0,ABSOLUTE_OCPM,2026-08-22T19:14:35-0300,-,-,-,"A+ - Publicos Personalizados  - Sale",,,,,,10,2,,00:00:00,,,,,,18.181818,10,18.181818,13.075,2,3,,,
2026-08-09,2026-08-09,"Ad6 - Secuencia - Nueva coleccion 202666 - Copia 3",inactive,,,,"Con el presupuesto de la campaña",0,0,0,0,0,0,,"En curso","7 días tras clic, 1 día tras visualización o 1 día tras visualización activa",0,ABSOLUTE_OCPM,2026-08-24T22:24:38-0300,-,-,-,"A+ - SA - Nueva coleccion 2026",,,,,,0,,,00:00:00,,,,,,,0,0,,,,,,
2026-08-09,2026-08-09,"Ad6 - Secuencia - Nueva coleccion 202666 - Copia 4",inactive,,,,"Con el presupuesto de la campaña",0,0,0,0,0,0,,"En curso","7 días tras clic, 1 día tras visualización o 1 día tras visualización activa",0,ABSOLUTE_OCPM,2026-08-22T19:14:35-0300,-,-,-,"A+ - Publicos Personalizados  - Sale",,,,,,0,,,00:00:00,,,,,,,0,0,,,,,,
2026-08-09,2026-08-09,"Ad6 - Secuencia - Nueva coleccion 202666 - Copia 2",inactive,,,,"Con el presupuesto de la campaña",0,0,0,0,0,0,,"En curso","7 días tras clic, 1 día tras visualización o 1 día tras visualización activa",0,ABSOLUTE_OCPM,2026-08-24T22:24:38-0300,-,-,-,"A+ - SA - Nueva coleccion 2026",,,,,,0,,,00:00:00,,,,,,,0,0,,,,,,
2026-08-09,2026-08-09,"Ad6 - Secuencia - Nueva coleccion 202666 - Copia 3",not_delivering,,,,"Con el presupuesto de la campaña",0,19973.05,1455,1243,1.170555,13727.182131,,"En curso","7 días tras clic, 1 día tras visualización o 1 día tras visualización activa",0,ABSOLUTE_OCPM,2026-08-22T19:14:35-0300,Promedio,Promedio,"Por debajo del promedio - 35% de los anuncios menos relevantes","A+ - Publicos Personalizados  - Sale",,,,,,2.252615,28,,00:00:00,,,,,,1.924399,2.896219,2.886598,713.323214,28,2,,,
2026-08-09,2026-08-09,"Ad6 - Secuencia - Nueva coleccion 2026 - Copia 4",active,1,actions:offsite_conversion.fb_pixel_purchase,13095.56,"Con el presupuesto de la campaña",0,13095.56,1410,1102,1.279492,9287.631206,1,"En curso","7 días tras clic, 1 día tras visualización o 1 día tras visualización activa",0,ABSOLUTE_OCPM,2026-08-24T22:24:38-0300,-,-,-,"A+ - SA - Nueva coleccion 2026",12.771555,167250.66,167250.66,12.77155463,action_values:offsite_conversion.fb_pixel_purchase,2.722323,37,2,1,12,5,2,1,1,2.624113,3.811252,4.397163,353.934054,28,4,1,,
2026-08-09,2026-08-09,"Ad6 - Secuencia - Nueva coleccion 202666 - Copia 2",inactive,,,,"Con el presupuesto de la campaña",0,0,0,0,0,0,,"En curso","7 días tras clic, 1 día tras visualización o 1 día tras visualización activa",0,ABSOLUTE_OCPM,2026-08-22T19:14:35-0300,-,-,-,"A+ - Publicos Personalizados  - Sale",,,,,,0,,,00:00:00,,,,,,,0,0,,,,,,
2026-08-09,2026-08-09,"Ad6 - Secuencia - Nueva coleccion 202666 - Copia",inactive,,,,"Con el presupuesto de la campaña",0,0,0,0,0,0,,"En curso","7 días tras clic, 1 día tras visualización o 1 día tras visualización activa",0,ABSOLUTE_OCPM,2026-08-24T22:24:38-0300,-,-,-,"A+ - SA - Nueva coleccion 2026",,,,,,0,,,00:00:00,,,,,,,0,0,,,1,,,
2026-08-09,2026-08-09,"Ad5 - Video - Sale - Copia 3",inactive,,,,"Con el presupuesto de la campaña",0,0,0,0,0,0,,"En curso","7 días tras clic, 1 día tras visualización o 1 día tras visualización activa",0,ABSOLUTE_OCPM,2026-08-22T19:14:35-0300,-,-,-,"A+ - Publicos Personalizados  - Sale",,,,,,0,,,00:00:00,,,,,,,0,0,,,,,,
2026-08-09,2026-08-09,"Ad6 - Secuencia - Nueva coleccion 202666 - Copia 5",not_delivering,,,,"Con el presupuesto de la campaña",0,0,0,0,0,0,,"En curso","7 días tras clic, 1 día tras visualización o 1 día tras visualización activa",0,ABSOLUTE_OCPM,2026-08-22T19:14:35-0300,-,-,-,"A+ - Publicos Personalizados  - Sale",,,,,,0,,,00:00:00,,,,,,,0,0,,,1,,,
2026-08-09,2026-08-09,"Ad5 - Video - Sale - Copia 2",inactive,,,,"Con el presupuesto de la campaña",0,0,0,0,0,0,,"En curso","7 días tras clic, 1 día tras visualización o 1 día tras visualización activa",0,ABSOLUTE_OCPM,2026-08-22T19:14:35-0300,-,-,-,"A+ - Publicos Personalizados  - Sale",,,,,,0,,,00:00:00,,,,,,,0,0,,,,,,
2026-08-09,2026-08-09,"Ad6 - Secuencia - Nueva coleccion 202666 - Copia 2",inactive,,,,"Con el presupuesto de la campaña",0,0,0,0,0,0,,"En curso","7 días tras clic, 1 día tras visualización o 1 día tras visualización activa",0,ABSOLUTE_OCPM,2026-08-22T19:14:35-0300,-,-,-,"A+ - Publicos Personalizados  - Sale",,,,,,0,,,00:00:00,,,,,,,0,0,,,,,,
2026-08-09,2026-08-09,"Ad6 - Secuencia - Nueva coleccion 2026 - Copia",inactive,,,,"Con el presupuesto de la campaña",0,0,0,0,0,0,,"En curso","7 días tras clic, 1 día tras visualización o 1 día tras visualización activa",0,ABSOLUTE_OCPM,2026-08-24T22:24:38-0300,-,-,-,"A+ - SA - Nueva coleccion 2026",,,,,,0,,,00:00:00,,,,,,,0,0,,,,,,
2026-08-09,2026-08-09,"Ad6 - Secuencia - Nueva coleccion 202666 - Copia",inactive,,,,"Con el presupuesto de la campaña",0,2792.23,198,165,1.2,14102.171717,,"En curso","7 días tras clic, 1 día tras visualización o 1 día tras visualización activa",0,ABSOLUTE_OCPM,2026-08-22T19:14:35-0300,-,-,-,"A+ - Publicos Personalizados  - Sale",,,,,,1.818182,3,79,8,109,62,39,23,23,1.515152,3.030303,2.525253,930.743333,2,,,,
2026-08-09,2026-08-09,"Ad4 - Imagen - Sale",inactive,,,,"Con el presupuesto de la campaña",0,0,0,0,0,0,,"En curso","7 días tras clic, 1 día tras visualización o 1 día tras visualización activa",0,ABSOLUTE_OCPM,2026-08-22T19:14:35-0300,-,-,-,"A+ - Publicos Personalizados  - Sale",,,,,,0,,,00:00:00,,,,,,,0,0,,,,,,
2026-08-09,2026-08-09,"Ad6 - Secuencia - Nueva coleccion 2026 - Copia",inactive,,,,"Con el presupuesto de la campaña",0,436.79,101,98,1.030612,4324.653465,,"En curso","7 días tras clic, 1 día tras visualización o 1 día tras visualización activa",0,ABSOLUTE_OCPM,2026-08-24T22:24:38-0300,-,-,-,"A+ - SA - Nueva coleccion 2026",,,,,,3.061224,4,4,2,7,2,1,1,1,3.960396,4.081633,3.960396,109.1975,3,,,,
2026-08-09,2026-08-09,"Ad3 - Video - Sale",inactive,,,,"Con el presupuesto de la campaña",0,0,0,0,0,0,,"En curso","7 días tras clic, 1 día tras visualización o 1 día tras visualización activa",0,ABSOLUTE_OCPM,2026-08-22T19:14:35-0300,-,-,-,"A+ - Publicos Personalizados  - Sale",,,,,,0,,,00:00:00,,,,,,,0,0,,,,,,
2026-08-09,2026-08-09,"Ad5 - Video - Sale - Copia",not_delivering,,,,"Con el presupuesto de la campaña",0,1159.66,113,109,1.036697,10262.477876,,"En curso","7 días tras clic, 1 día tras visualización o 1 día tras visualización activa",0,ABSOLUTE_OCPM,2026-08-22T19:14:35-0300,-,-,-,"A+ - Publicos Personalizados  - Sale",,,,,,6.422018,8,54,9,22,14,7,4,22,7.079646,6.422018,7.079646,144.9575,7,,,,
2026-08-09,2026-08-09,"Ad1 - Video - Sale",inactive,,,,"Con el presupuesto de la campaña",0,0,0,0,0,0,,"En curso","7 días tras clic, 1 día tras visualización o 1 día tras visualización activa",0,ABSOLUTE_OCPM,2026-08-22T19:14:35-0300,-,-,-,"A+ - Publicos Personalizados  - Sale",,,,,,0,,,00:00:00,,,,,,,0,0,,,,,,
2026-08-08,2026-08-08,"Ad6 - Secuencia - Nueva coleccion 202666 - Copia 2",inactive,,,,"Con el presupuesto de la campaña",0,0,0,0,0,0,,"En curso","7 días tras clic, 1 día tras visualización o 1 día tras visualización activa",0,ABSOLUTE_OCPM,2026-08-22T19:14:35-0300,-,-,-,"A+ - Publicos Personalizados  - Sale",,,,,,0,,,00:00:00,,,,,,,0,0,,,,,,
2026-08-08,2026-08-08,"Ad6 - Secuencia - Nueva coleccion 202666 - Copia 7",active,,,,"Con el presupuesto de la campaña",0,0,0,0,0,0,,"En curso","7 días tras clic, 1 día tras visualización o 1 día tras visualización activa",0,ABSOLUTE_OCPM,2026-08-24T22:24:38-0300,-,-,-,"A+ - SA - Nueva coleccion 2026",,,,,,0,,,00:00:00,,,,,,,0,0,,,,,,
2026-08-08,2026-08-08,"Ad6 - Secuencia - Nueva coleccion 2026 - Copia 2",inactive,,,,"Con el presupuesto de la campaña",0,0,0,0,0,0,,"En curso","7 días tras clic, 1 día tras visualización o 1 día tras visualización activa",0,ABSOLUTE_OCPM,2026-08-24T22:24:38-0300,-,-,-,"A+ - SA - Nueva coleccion 2026",,,,,,0,,,00:00:00,,,,,,,0,0,,,,,,
2026-08-08,2026-08-08,"Ad6 - Secuencia - Nueva coleccion 202666 - Copia 6",inactive,,,,"Con el presupuesto de la campaña",0,0,0,0,0,0,,"En curso","7 días tras clic, 1 día tras visualización o 1 día tras visualización activa",0,ABSOLUTE_OCPM,2026-08-22T19:14:35-0300,-,-,-,"A+ - Publicos Personalizados  - Sale",,,,,,0,,,00:00:00,,,,,,,0,0,,,,,,
2026-08-08,2026-08-08,1,inactive,,,,"Con el presupuesto de la campaña",0,0,0,0,0,0,,"En curso","7 días tras clic, 1 día tras visualización o 1 día tras visualización activa",0,ABSOLUTE_OCPM,2026-08-22T19:14:35-0300,-,-,-,"A+ - Publicos Personalizados  - Sale",,,,,,0,,,00:00:00,,,,,,,0,0,,,,,,
2026-08-08,2026-08-08,"Ad3 - Angulo Producto Fit",active,,,,"Con el presupuesto de la campaña",0,693.61,71,69,1.028986,9769.15493,,"En curso","7 días tras clic o 1 día tras visualización",0,ABSOLUTE_OCPM,2026-08-22T06:31:57-0300,-,-,-,"A+ - Prospecting - Angulos Nuevos (Anticipo-Viaje-Producto)",,,,,,1.449275,1,13,2,26,15,11,10,10,1.408451,1.449275,1.408451,693.61,1,,,,
2026-08-08,2026-08-08,"Ad6 - Secuencia - Nueva coleccion 202666 - Copia 3",inactive,,,,"Con el presupuesto de la campaña",0,0,0,0,0,0,,"En curso","7 días tras clic, 1 día tras visualización o 1 día tras visualización activa",0,ABSOLUTE_OCPM,2026-08-22T19:14:35-0300,-,-,-,"A+ - Publicos Personalizados  - Sale",,,,,,0,,,00:00:00,,,,,,,0,0,,,,,,
2026-08-08,2026-08-08,"Ad6 - Secuencia - Nueva coleccion 202666 - Copia 6",active,,,,"Con el presupuesto de la campaña",0,6536.8,814,750,1.085333,8030.46683,,"En curso","7 días tras clic, 1 día tras visualización o 1 día tras visualización activa",0,ABSOLUTE_OCPM,2026-08-24T22:24:38-0300,-,-,-,"A+ - SA - Nueva coleccion 2026",,,,,,2.666667,21,,00:00:00,,,,,,2.579853,4,4.791155,311.27619,25,3,,,
2026-08-08,2026-08-08,"Ad2 - Angulo Viaje",active,,,,"Con el presupuesto de la campaña",0,92.39,23,22,1.045455,4016.956522,,"En curso","7 días tras clic o 1 día tras visualización",0,ABSOLUTE_OCPM,2026-08-22T06:31:57-0300,-,-,-,"A+ - Prospecting - Angulos Nuevos (Anticipo-Viaje-Producto)",,,,,,0,,7,3,5,4,3,3,3,,4.545455,4.347826,,,,,,
2026-08-08,2026-08-08,"Secuencia imagenes 1 - Minimal SS25 - Copia 2",inactive,,,,"Con el presupuesto de la campaña",0,0,0,0,0,0,,"En curso","7 días tras clic, 1 día tras visualización o 1 día tras visualización activa",0,ABSOLUTE_OCPM,2026-08-22T19:14:35-0300,-,-,-,"A+ - Publicos Personalizados  - Sale",,,,,,0,,,00:00:00,,,,,,,0,0,,,,,,
2026-08-08,2026-08-08,"Ad6 - Secuencia - Nueva coleccion 202666 - Copia 9",active,,,,"Con el presupuesto de la campaña",0,201.36,37,35,1.057143,5442.162162,,"En curso","7 días tras clic, 1 día tras visualización o 1 día tras visualización activa",0,ABSOLUTE_OCPM,2026-08-24T22:24:38-0300,-,-,-,"A+ - SA - Nueva coleccion 2026",,,,,,2.857143,1,,00:00:00,,,,,,2.702703,8.571429,8.108108,201.36,,,,,
2026-08-08,2026-08-08,"Ad1 - Angulo Anticipo Temporada",active,3,actions:offsite_conversion.fb_pixel_purchase,5825.86333333,"Con el presupuesto de la campaña",0,17477.59,1974,1374,1.436681,8853.895643,3,"En curso","7 días tras clic o 1 día tras visualización",0,ABSOLUTE_OCPM,2026-08-22T06:31:57-0300,Promedio,-,-,"A+ - Prospecting - Angulos Nuevos (Anticipo-Viaje-Producto)",26.063794,151844.103333,455532.31,26.06379426,action_values:offsite_conversion.fb_pixel_purchase,3.347889,51,385,2,841,429,266,220,213,2.583587,3.930131,3.546099,342.697843,49,26,3,,
2026-08-08,2026-08-08,"Ad6 - Secuencia - Nueva coleccion 2026 - Copia 3",inactive,,,,"Con el presupuesto de la campaña",0,0,0,0,0,0,,"En curso","7 días tras clic, 1 día tras visualización o 1 día tras visualización activa",0,ABSOLUTE_OCPM,2026-08-22T19:14:35-0300,-,-,-,"A+ - Publicos Personalizados  - Sale",,,,,,0,,,00:00:00,,,,,,,0,0,,,,,,
2026-08-08,2026-08-08,"Ad6 - Secuencia - Nueva coleccion 202666 - Copia 10",active,,,,"Con el presupuesto de la campaña",0,20.83,3,3,1,6943.333333,,"En curso","7 días tras clic, 1 día tras visualización o 1 día tras visualización activa",0,ABSOLUTE_OCPM,2026-08-24T22:24:38-0300,-,-,-,"A+ - SA - Nueva coleccion 2026",,,,,,0,,,0,,,,,,,0,0,,,,,,
2026-08-08,2026-08-08,"Ad6 - Secuencia - Nueva coleccion 202666 - Copia 12",active,,,,"Con el presupuesto de la campaña",0,1364.49,293,263,1.114068,4656.962457,,"En curso","7 días tras clic, 1 día tras visualización o 1 día tras visualización activa",0,ABSOLUTE_OCPM,2026-08-24T22:24:38-0300,-,-,-,"A+ - SA - Nueva coleccion 2026",,,,,,2.661597,7,,00:00:00,,,,,,2.389079,3.422053,3.071672,194.927143,3,2,,,
2026-08-08,2026-08-08,"Ad5 - Video - Sale - Copia 2",inactive,,,,"Con el presupuesto de la campaña",0,0,0,0,0,0,,"En curso","7 días tras clic, 1 día tras visualización o 1 día tras visualización activa",0,ABSOLUTE_OCPM,2026-08-22T19:14:35-0300,-,-,-,"A+ - Publicos Personalizados  - Sale",,,,,,0,,,00:00:00,,,,,,,0,0,,,,,,
2026-08-08,2026-08-08,"Ad6 - Secuencia - Nueva coleccion 202666 - Copia 7",inactive,,,,"Con el presupuesto de la campaña",0,0,0,0,0,0,,"En curso","7 días tras clic, 1 día tras visualización o 1 día tras visualización activa",0,ABSOLUTE_OCPM,2026-08-24T22:24:38-0300,-,-,-,"A+ - SA - Nueva coleccion 2026",,,,,,0,,,00:00:00,,,,,,,0,0,,,,,,
2026-08-08,2026-08-08,"Ad6 - Secuencia - Nueva coleccion 202666 - Copia 5",not_delivering,,,,"Con el presupuesto de la campaña",0,6117.78,488,429,1.137529,12536.434426,,"En curso","7 días tras clic, 1 día tras visualización o 1 día tras visualización activa",0,ABSOLUTE_OCPM,2026-08-22T19:14:35-0300,-,-,-,"A+ - Publicos Personalizados  - Sale",,,,,,4.195804,19,,00:00:00,,,,,,3.893443,4.662005,4.303279,321.988421,13,2,,,
2026-08-08,2026-08-08,"Ad6 - Secuencia - Nueva coleccion 2026 - Copia 3",inactive,,,,"Con el presupuesto de la campaña",0,0,0,0,0,0,,"En curso","7 días tras clic, 1 día tras visualización o 1 día tras visualización activa",0,ABSOLUTE_OCPM,2026-08-22T19:14:35-0300,-,-,-,"A+ - Publicos Personalizados  - Sale",,,,,,0,,,00:00:00,,,,,,,0,0,,,,,,
2026-08-08,2026-08-08,"Ad6 - Secuencia - Nueva coleccion 202666 - Copia 9",active,,,,"Con el presupuesto de la campaña",0,3.12,1,1,1,3120,,"En curso","7 días tras clic, 1 día tras visualización o 1 día tras visualización activa",0,ABSOLUTE_OCPM,2026-08-24T22:24:38-0300,-,-,-,"A+ - SA - Nueva coleccion 2026",,,,,,0,,,00:00:00,,,,,,,0,0,,,,,,
2026-08-08,2026-08-08,"Ad6 - Secuencia - Nueva coleccion 202666 - Copia 11",active,2,actions:offsite_conversion.fb_pixel_purchase,15516.255,"Con el presupuesto de la campaña",0,31032.51,4158,3315,1.254299,7463.326118,2,"En curso","7 días tras clic, 1 día tras visualización o 1 día tras visualización activa",0,ABSOLUTE_OCPM,2026-08-24T22:24:38-0300,-,-,-,"A+ - SA - Nueva coleccion 2026",6.356638,98631.22,197262.44,6.35663825,action_values:offsite_conversion.fb_pixel_purchase,2.081448,74,9,3,18,11,5,3,3,1.779702,3.107089,3.054353,419.358243,55,23,2,,
2026-08-08,2026-08-08,"Ad5 - Video - Sale - Copia 3",inactive,,,,"Con el presupuesto de la campaña",0,0,0,0,0,0,,"En curso","7 días tras clic, 1 día tras visualización o 1 día tras visualización activa",0,ABSOLUTE_OCPM,2026-08-22T19:14:35-0300,-,-,-,"A+ - Publicos Personalizados  - Sale",,,,,,0,,,00:00:00,,,,,,,0,0,,,,,,
2026-08-08,2026-08-08,"Ad6 - Secuencia - Nueva coleccion 202666 - Copia 6",active,,,,"Con el presupuesto de la campaña",0,0,0,0,0,0,,"En curso","7 días tras clic, 1 día tras visualización o 1 día tras visualización activa",0,ABSOLUTE_OCPM,2026-08-24T22:24:38-0300,-,-,-,"A+ - SA - Nueva coleccion 2026",,,,,,0,,,00:00:00,,,,,,,0,0,,,,,,
2026-08-08,2026-08-08,"Ad6 - Secuencia - Nueva coleccion 202666 - Copia 4",inactive,,,,"Con el presupuesto de la campaña",0,0,0,0,0,0,,"En curso","7 días tras clic, 1 día tras visualización o 1 día tras visualización activa",0,ABSOLUTE_OCPM,2026-08-22T19:14:35-0300,-,-,-,"A+ - Publicos Personalizados  - Sale",,,,,,0,,,00:00:00,,,,,,,0,0,,,,,,
2026-08-08,2026-08-08,"Ad6 - Video - Sale - Copia",inactive,,,,"Con el presupuesto de la campaña",0,0,0,0,0,0,,"En curso","7 días tras clic, 1 día tras visualización o 1 día tras visualización activa",0,ABSOLUTE_OCPM,2026-08-22T19:14:35-0300,-,-,-,"A+ - Publicos Personalizados  - Sale",,,,,,0,,,00:00:00,,,,,,,0,0,,,,,,
2026-08-08,2026-08-08,"Ad6 - Secuencia - Nueva coleccion 202666 - Copia 3",inactive,,,,"Con el presupuesto de la campaña",0,3720.42,381,346,1.101156,9764.88189,,"En curso","7 días tras clic, 1 día tras visualización o 1 día tras visualización activa",0,ABSOLUTE_OCPM,2026-08-22T19:14:35-0300,-,-,-,"A+ - Publicos Personalizados  - Sale",,,,,,4.33526,19,,00:00:00,,,,,,4.986877,5.491329,6.299213,195.811579,14,4,,,
2026-08-08,2026-08-08,"Ad6 - Secuencia - Nueva coleccion 202666 - Copia 4",inactive,,,,"Con el presupuesto de la campaña",0,0,0,0,0,0,,"En curso","7 días tras clic, 1 día tras visualización o 1 día tras visualización activa",0,ABSOLUTE_OCPM,2026-08-22T19:14:35-0300,-,-,-,"A+ - Publicos Personalizados  - Sale",,,,,,0,,,00:00:00,,,,,,,0,0,,,,,,
2026-08-08,2026-08-08,"Ad7 - Video - Sale",inactive,,,,"Con el presupuesto de la campaña",0,0,0,0,0,0,,"En curso","7 días tras clic, 1 día tras visualización o 1 día tras visualización activa",0,ABSOLUTE_OCPM,2026-08-22T19:14:35-0300,-,-,-,"A+ - Publicos Personalizados  - Sale",,,,,,0,,,00:00:00,,,,,,,0,0,,,,,,
2026-08-08,2026-08-08,"Ad6 - Secuencia - Nueva coleccion 202666 - Copia 8",active,,,,"Con el presupuesto de la campaña",0,0,0,0,0,0,,"En curso","7 días tras clic, 1 día tras visualización o 1 día tras visualización activa",0,ABSOLUTE_OCPM,2026-08-24T22:24:38-0300,-,-,-,"A+ - SA - Nueva coleccion 2026",,,,,,0,,,00:00:00,,,,,,,0,0,,,,,,
2026-08-08,2026-08-08,"Ad6 - Secuencia - Nueva coleccion 202666 - Copia 7",inactive,,,,"Con el presupuesto de la campaña",0,0,0,0,0,0,,"En curso","7 días tras clic, 1 día tras visualización o 1 día tras visualización activa",0,ABSOLUTE_OCPM,2026-08-22T19:14:35-0300,-,-,-,"A+ - Publicos Personalizados  - Sale",,,,,,0,,,00:00:00,,,,,,,0,0,,,,,,
2026-08-08,2026-08-08,"Ad6 - Video - Sale",inactive,,,,"Con el presupuesto de la campaña",0,0,0,0,0,0,,"En curso","7 días tras clic, 1 día tras visualización o 1 día tras visualización activa",0,ABSOLUTE_OCPM,2026-08-22T19:14:35-0300,-,-,-,"A+ - Publicos Personalizados  - Sale",,,,,,0,,,00:00:00,,,,,,,0,0,,,,,,
2026-08-08,2026-08-08,"Ad6 - Secuencia - Nueva coleccion 202666 - Copia 6",inactive,,,,"Con el presupuesto de la campaña",0,0,0,0,0,0,,"En curso","7 días tras clic, 1 día tras visualización o 1 día tras visualización activa",0,ABSOLUTE_OCPM,2026-08-24T22:24:38-0300,-,-,-,"A+ - SA - Nueva coleccion 2026",,,,,,0,,,00:00:00,,,,,,,0,0,,,,,,
2026-08-08,2026-08-08,"Ad6 - Secuencia - Nueva coleccion 202666 - Copia 7",inactive,,,,"Con el presupuesto de la campaña",0,0,0,0,0,0,,"En curso","7 días tras clic, 1 día tras visualización o 1 día tras visualización activa",0,ABSOLUTE_OCPM,2026-08-24T22:24:38-0300,-,-,-,"A+ - SA - Nueva coleccion 2026",,,,,,0,,,00:00:00,,,,,,,0,0,,,,,,
2026-08-08,2026-08-08,"Ad5 - Video - Sale",inactive,,,,"Con el presupuesto de la campaña",0,0,0,0,0,0,,"En curso","7 días tras clic, 1 día tras visualización o 1 día tras visualización activa",0,ABSOLUTE_OCPM,2026-08-22T19:14:35-0300,-,-,-,"A+ - Publicos Personalizados  - Sale",,,,,,0,,,00:00:00,,,,,,,0,0,,,,,,
2026-08-08,2026-08-08,"Ad6 - Secuencia - Nueva coleccion 202666 - Copia 5",not_delivering,,,,"Con el presupuesto de la campaña",0,0,0,0,0,0,,"En curso","7 días tras clic, 1 día tras visualización o 1 día tras visualización activa",0,ABSOLUTE_OCPM,2026-08-24T22:24:38-0300,-,-,-,"A+ - SA - Nueva coleccion 2026",,,,,,0,,,00:00:00,,,,,,,0,0,,,,,,
2026-08-08,2026-08-08,"Ad6 - Secuencia - Nueva coleccion 202666 - Copia 2",inactive,,,,"Con el presupuesto de la campaña",0,0,0,0,0,0,,"En curso","7 días tras clic, 1 día tras visualización o 1 día tras visualización activa",0,ABSOLUTE_OCPM,2026-08-22T19:14:35-0300,-,-,-,"A+ - Publicos Personalizados  - Sale",,,,,,0,,,00:00:00,,,,,,,0,0,,,,,,
2026-08-08,2026-08-08,"Ad2 - Video - Sale",inactive,,,,"Con el presupuesto de la campaña",0,0,0,0,0,0,,"En curso","7 días tras clic, 1 día tras visualización o 1 día tras visualización activa",0,ABSOLUTE_OCPM,2026-08-22T19:14:35-0300,-,-,-,"A+ - Publicos Personalizados  - Sale",,,,,,0,,,00:00:00,,,,,,,0,0,,,,,,
2026-08-08,2026-08-08,"Ad6 - Secuencia - Nueva coleccion 202666 - Copia 2",inactive,,,,"Con el presupuesto de la campaña",0,0,0,0,0,0,,"En curso","7 días tras clic, 1 día tras visualización o 1 día tras visualización activa",0,ABSOLUTE_OCPM,2026-08-22T19:14:35-0300,-,-,-,"A+ - Publicos Personalizados  - Sale",,,,,,0,,,00:00:00,,,,,,,0,0,,,,,,
2026-08-08,2026-08-08,"Ad6 - Secuencia - Nueva coleccion 202666 - Copia 2",inactive,,,,"Con el presupuesto de la campaña",0,4675.27,964,858,1.123543,4849.865145,,"En curso","7 días tras clic, 1 día tras visualización o 1 día tras visualización activa",0,ABSOLUTE_OCPM,2026-08-24T22:24:38-0300,-,-,-,"A+ - SA - Nueva coleccion 2026",,,,,,2.214452,22,51,4,99,56,39,29,29,2.282158,3.496504,4.045643,212.512273,19,10,,,
2026-08-08,2026-08-08,"Ad6 - Secuencia - Nueva coleccion 202666 - Copia 4",inactive,,,,"Con el presupuesto de la campaña",0,0,0,0,0,0,,"En curso","7 días tras clic, 1 día tras visualización o 1 día tras visualización activa",0,ABSOLUTE_OCPM,2026-08-24T22:24:38-0300,-,-,-,"A+ - SA - Nueva coleccion 2026",,,,,,0,,,00:00:00,,,,,,,0,0,,,,,,
2026-08-08,2026-08-08,"Ad6 - Secuencia - Nueva coleccion 2026 - Copia 3",active,,,,"Con el presupuesto de la campaña",0,1943.97,218,192,1.135417,8917.293578,,"En curso","7 días tras clic, 1 día tras visualización o 1 día tras visualización activa",0,ABSOLUTE_OCPM,2026-08-24T22:24:38-0300,-,-,-,"A+ - SA - Nueva coleccion 2026",,,,,,2.604167,8,3,4,3,2,2,2,2,3.669725,4.166667,5.504587,242.99625,6,,,,
2026-08-08,2026-08-08,"Ad6 - Secuencia - Nueva coleccion 202666 - Copia 4",not_delivering,,,,"Con el presupuesto de la campaña",0,0,0,0,0,0,,"En curso","7 días tras clic, 1 día tras visualización o 1 día tras visualización activa",0,ABSOLUTE_OCPM,2026-08-24T22:24:38-0300,-,-,-,"A+ - SA - Nueva coleccion 2026",,,,,,0,,,00:00:00,,,,,,,0,0,,,,,,
2026-08-08,2026-08-08,"Ad6 - Secuencia - Nueva coleccion 202666 - Copia 4",inactive,,,,"Con el presupuesto de la campaña",0,0,0,0,0,0,,"En curso","7 días tras clic, 1 día tras visualización o 1 día tras visualización activa",0,ABSOLUTE_OCPM,2026-08-22T19:14:35-0300,-,-,-,"A+ - Publicos Personalizados  - Sale",,,,,,0,,,00:00:00,,,,,,,0,0,,,,,,
2026-08-08,2026-08-08,"Ad6 - Secuencia - Nueva coleccion 202666 - Copia 3",inactive,,,,"Con el presupuesto de la campaña",0,0,0,0,0,0,,"En curso","7 días tras clic, 1 día tras visualización o 1 día tras visualización activa",0,ABSOLUTE_OCPM,2026-08-22T19:14:35-0300,-,-,-,"A+ - Publicos Personalizados  - Sale",,,,,,0,,,00:00:00,,,,,,,0,0,,,,,,
2026-08-08,2026-08-08,"Ad6 - Secuencia - Nueva coleccion 202666 - Copia 6",inactive,,,,"Con el presupuesto de la campaña",0,0,0,0,0,0,,"En curso","7 días tras clic, 1 día tras visualización o 1 día tras visualización activa",0,ABSOLUTE_OCPM,2026-08-22T19:14:35-0300,-,-,-,"A+ - Publicos Personalizados  - Sale",,,,,,0,,,00:00:00,,,,,,,0,0,,,,,,
2026-08-08,2026-08-08,"Ad6 - Secuencia - Nueva coleccion 202666 - Copia 3",inactive,,,,"Con el presupuesto de la campaña",0,0,0,0,0,0,,"En curso","7 días tras clic, 1 día tras visualización o 1 día tras visualización activa",0,ABSOLUTE_OCPM,2026-08-24T22:24:38-0300,-,-,-,"A+ - SA - Nueva coleccion 2026",,,,,,0,,,00:00:00,,,,,,,0,0,,,,,,
2026-08-08,2026-08-08,"Ad6 - Secuencia - Nueva coleccion 202666 - Copia 4",inactive,,,,"Con el presupuesto de la campaña",0,0,0,0,0,0,,"En curso","7 días tras clic, 1 día tras visualización o 1 día tras visualización activa",0,ABSOLUTE_OCPM,2026-08-22T19:14:35-0300,-,-,-,"A+ - Publicos Personalizados  - Sale",,,,,,0,,,00:00:00,,,,,,,0,0,,,,,,
2026-08-08,2026-08-08,"Ad6 - Secuencia - Nueva coleccion 202666 - Copia 2",inactive,,,,"Con el presupuesto de la campaña",0,0,0,0,0,0,,"En curso","7 días tras clic, 1 día tras visualización o 1 día tras visualización activa",0,ABSOLUTE_OCPM,2026-08-24T22:24:38-0300,-,-,-,"A+ - SA - Nueva coleccion 2026",,,,,,0,,,00:00:00,,,,,,,0,0,,,,,,
2026-08-08,2026-08-08,"Ad6 - Secuencia - Nueva coleccion 202666 - Copia 3",not_delivering,,,,"Con el presupuesto de la campaña",0,0,0,0,0,0,,"En curso","7 días tras clic, 1 día tras visualización o 1 día tras visualización activa",0,ABSOLUTE_OCPM,2026-08-22T19:14:35-0300,-,-,-,"A+ - Publicos Personalizados  - Sale",,,,,,0,,,00:00:00,,,,,,,0,0,,,,,,
2026-08-08,2026-08-08,"Ad6 - Secuencia - Nueva coleccion 2026 - Copia 4",active,,,,"Con el presupuesto de la campaña",0,0,0,0,0,0,,"En curso","7 días tras clic, 1 día tras visualización o 1 día tras visualización activa",0,ABSOLUTE_OCPM,2026-08-24T22:24:38-0300,-,-,-,"A+ - SA - Nueva coleccion 2026",,,,,,0,,,00:00:00,,,,,,,0,0,,,,,,
2026-08-08,2026-08-08,"Ad6 - Secuencia - Nueva coleccion 202666 - Copia 2",inactive,,,,"Con el presupuesto de la campaña",0,0,0,0,0,0,,"En curso","7 días tras clic, 1 día tras visualización o 1 día tras visualización activa",0,ABSOLUTE_OCPM,2026-08-22T19:14:35-0300,-,-,-,"A+ - Publicos Personalizados  - Sale",,,,,,0,,,00:00:00,,,,,,,0,0,,,,,,
2026-08-08,2026-08-08,"Ad6 - Secuencia - Nueva coleccion 202666 - Copia",inactive,,,,"Con el presupuesto de la campaña",0,1742.82,261,218,1.197248,6677.471264,,"En curso","7 días tras clic, 1 día tras visualización o 1 día tras visualización activa",0,ABSOLUTE_OCPM,2026-08-24T22:24:38-0300,-,-,-,"A+ - SA - Nueva coleccion 2026",,,,,,3.211009,7,,00:00:00,,,,,,2.681992,3.211009,3.448276,248.974286,10,,,,
2026-08-08,2026-08-08,"Ad5 - Video - Sale - Copia 3",inactive,,,,"Con el presupuesto de la campaña",0,0,0,0,0,0,,"En curso","7 días tras clic, 1 día tras visualización o 1 día tras visualización activa",0,ABSOLUTE_OCPM,2026-08-22T19:14:35-0300,-,-,-,"A+ - Publicos Personalizados  - Sale",,,,,,0,,,00:00:00,,,,,,,0,0,,,,,,
2026-08-08,2026-08-08,"Ad6 - Secuencia - Nueva coleccion 202666 - Copia 5",not_delivering,1,actions:offsite_conversion.fb_pixel_purchase,1483.22,"Con el presupuesto de la campaña",0,1483.22,168,148,1.135135,8828.690476,1,"En curso","7 días tras clic, 1 día tras visualización o 1 día tras visualización activa",0,ABSOLUTE_OCPM,2026-08-22T19:14:35-0300,-,-,-,"A+ - Publicos Personalizados  - Sale",177.613908,263440.5,263440.5,177.61390758,action_values:offsite_conversion.fb_pixel_purchase,3.378378,7,,00:00:00,,,,,,4.166667,3.378378,5.357143,211.888571,7,8,1,,
2026-08-08,2026-08-08,"Ad5 - Video - Sale - Copia 2",inactive,,,,"Con el presupuesto de la campaña",0,0,0,0,0,0,,"En curso","7 días tras clic, 1 día tras visualización o 1 día tras visualización activa",0,ABSOLUTE_OCPM,2026-08-22T19:14:35-0300,-,-,-,"A+ - Publicos Personalizados  - Sale",,,,,,0,,,00:00:00,,,,,,,0,0,,,,,,
2026-08-08,2026-08-08,"Ad6 - Secuencia - Nueva coleccion 202666 - Copia 2",inactive,,,,"Con el presupuesto de la campaña",0,0,0,0,0,0,,"En curso","7 días tras clic, 1 día tras visualización o 1 día tras visualización activa",0,ABSOLUTE_OCPM,2026-08-22T19:14:35-0300,-,-,-,"A+ - Publicos Personalizados  - Sale",,,,,,0,,,00:00:00,,,,,,,0,0,,,,,,
2026-08-08,2026-08-08,"Ad6 - Secuencia - Nueva coleccion 2026 - Copia",inactive,,,,"Con el presupuesto de la campaña",0,0.01,1,1,1,10,,"En curso","7 días tras clic, 1 día tras visualización o 1 día tras visualización activa",0,ABSOLUTE_OCPM,2026-08-24T22:24:38-0300,-,-,-,"A+ - SA - Nueva coleccion 2026",,,,,,0,,,00:00:00,,,,,,,0,0,,,,,,
2026-08-08,2026-08-08,"Ad6 - Secuencia - Nueva coleccion 202666 - Copia",inactive,,,,"Con el presupuesto de la campaña",0,0,0,0,0,0,,"En curso","7 días tras clic, 1 día tras visualización o 1 día tras visualización activa",0,ABSOLUTE_OCPM,2026-08-22T19:14:35-0300,-,-,-,"A+ - Publicos Personalizados  - Sale",,,,,,0,,,00:00:00,,,,,,,0,0,,,,,,
2026-08-08,2026-08-08,"Ad4 - Imagen - Sale",inactive,,,,"Con el presupuesto de la campaña",0,0,0,0,0,0,,"En curso","7 días tras clic, 1 día tras visualización o 1 día tras visualización activa",0,ABSOLUTE_OCPM,2026-08-22T19:14:35-0300,-,-,-,"A+ - Publicos Personalizados  - Sale",,,,,,0,,,00:00:00,,,,,,,0,0,,,,,,
2026-08-08,2026-08-08,"Ad6 - Secuencia - Nueva coleccion 2026 - Copia",inactive,,,,"Con el presupuesto de la campaña",0,0,0,0,0,0,,"En curso","7 días tras clic, 1 día tras visualización o 1 día tras visualización activa",0,ABSOLUTE_OCPM,2026-08-24T22:24:38-0300,-,-,-,"A+ - SA - Nueva coleccion 2026",,,,,,0,,,00:00:00,,,,,,,0,0,,,,,,
2026-08-08,2026-08-08,"Ad3 - Video - Sale",inactive,,,,"Con el presupuesto de la campaña",0,0,0,0,0,0,,"En curso","7 días tras clic, 1 día tras visualización o 1 día tras visualización activa",0,ABSOLUTE_OCPM,2026-08-22T19:14:35-0300,-,-,-,"A+ - Publicos Personalizados  - Sale",,,,,,0,,,00:00:00,,,,,,,0,0,,,,,,
2026-08-08,2026-08-08,"Ad5 - Video - Sale - Copia",not_delivering,,,,"Con el presupuesto de la campaña",0,5537.87,559,512,1.091797,9906.744186,,"En curso","7 días tras clic, 1 día tras visualización o 1 día tras visualización activa",0,ABSOLUTE_OCPM,2026-08-22T19:14:35-0300,Promedio,"Por encima del promedio","Por debajo del promedio - 35% de los anuncios menos relevantes","A+ - Publicos Personalizados  - Sale",,,,,,4.882813,26,250,8,82,55,45,21,85,4.651163,6.445313,7.513417,212.995,20,1,,,
2026-08-08,2026-08-08,"Ad1 - Video - Sale",inactive,,,,"Con el presupuesto de la campaña",0,0,0,0,0,0,,"En curso","7 días tras clic, 1 día tras visualización o 1 día tras visualización activa",0,ABSOLUTE_OCPM,2026-08-22T19:14:35-0300,-,-,-,"A+ - Publicos Personalizados  - Sale",,,,,,0,,,00:00:00,,,,,,,0,0,,,,,,
2026-08-07,2026-08-07,"Ad6 - Secuencia - Nueva coleccion 202666 - Copia 2",inactive,,,,"Con el presupuesto de la campaña",0,0,0,0,0,0,,"En curso","7 días tras clic, 1 día tras visualización o 1 día tras visualización activa",0,ABSOLUTE_OCPM,2026-08-22T19:14:35-0300,-,-,-,"A+ - Publicos Personalizados  - Sale",,,,,,0,,,00:00:00,,,,,,,0,0,,,,,,
2026-08-07,2026-08-07,"Ad6 - Secuencia - Nueva coleccion 202666 - Copia 7",active,,,,"Con el presupuesto de la campaña",0,1189.53,110,99,1.111111,10813.909091,,"En curso","7 días tras clic, 1 día tras visualización o 1 día tras visualización activa",0,ABSOLUTE_OCPM,2026-08-24T22:24:38-0300,-,-,-,"A+ - SA - Nueva coleccion 2026",,,,,,6.060606,6,,00:00:00,,,,,,5.454545,6.060606,10.909091,198.255,6,2,,,
2026-08-07,2026-08-07,"Ad6 - Secuencia - Nueva coleccion 2026 - Copia 2",inactive,,,,"Con el presupuesto de la campaña",0,0,0,0,0,0,,"En curso","7 días tras clic, 1 día tras visualización o 1 día tras visualización activa",0,ABSOLUTE_OCPM,2026-08-24T22:24:38-0300,-,-,-,"A+ - SA - Nueva coleccion 2026",,,,,,0,,,00:00:00,,,,,,,0,0,,,,,,
2026-08-07,2026-08-07,"Ad6 - Secuencia - Nueva coleccion 202666 - Copia 6",inactive,,,,"Con el presupuesto de la campaña",0,0,0,0,0,0,,"En curso","7 días tras clic, 1 día tras visualización o 1 día tras visualización activa",0,ABSOLUTE_OCPM,2026-08-22T19:14:35-0300,-,-,-,"A+ - Publicos Personalizados  - Sale",,,,,,0,,,00:00:00,,,,,,,0,0,,,,,,
2026-08-07,2026-08-07,1,inactive,,,,"Con el presupuesto de la campaña",0,0,0,0,0,0,,"En curso","7 días tras clic, 1 día tras visualización o 1 día tras visualización activa",0,ABSOLUTE_OCPM,2026-08-22T19:14:35-0300,-,-,-,"A+ - Publicos Personalizados  - Sale",,,,,,0,,,00:00:00,,,,,,,0,0,,,,,,
2026-08-07,2026-08-07,"Ad3 - Angulo Producto Fit",active,,,,"Con el presupuesto de la campaña",0,431.23,82,79,1.037975,5258.902439,,"En curso","7 días tras clic o 1 día tras visualización",0,ABSOLUTE_OCPM,2026-08-22T06:31:57-0300,-,-,-,"A+ - Prospecting - Angulos Nuevos (Anticipo-Viaje-Producto)",,,,,,0,,13,1,52,26,16,11,13,,1.265823,1.219512,,,,,,
2026-08-07,2026-08-07,"Ad6 - Secuencia - Nueva coleccion 202666 - Copia 3",inactive,,,,"Con el presupuesto de la campaña",0,0,0,0,0,0,,"En curso","7 días tras clic, 1 día tras visualización o 1 día tras visualización activa",0,ABSOLUTE_OCPM,2026-08-22T19:14:35-0300,-,-,-,"A+ - Publicos Personalizados  - Sale",,,,,,0,,,00:00:00,,,,,,,0,0,,,,,,
2026-08-07,2026-08-07,"Ad6 - Secuencia - Nueva coleccion 202666 - Copia 6",active,,,,"Con el presupuesto de la campaña",0,0,0,0,0,0,,"En curso","7 días tras clic, 1 día tras visualización o 1 día tras visualización activa",0,ABSOLUTE_OCPM,2026-08-24T22:24:38-0300,-,-,-,"A+ - SA - Nueva coleccion 2026",,,,,,0,,,00:00:00,,,,,,,0,0,,,4,1,,
2026-08-07,2026-08-07,"Ad2 - Angulo Viaje",active,,,,"Con el presupuesto de la campaña",0,837.01,87,86,1.011628,9620.804598,,"En curso","7 días tras clic o 1 día tras visualización",0,ABSOLUTE_OCPM,2026-08-22T06:31:57-0300,-,-,-,"A+ - Prospecting - Angulos Nuevos (Anticipo-Viaje-Producto)",,,,,,0,,26,4,26,14,9,7,7,,1.162791,1.149425,,,,,,
2026-08-07,2026-08-07,"Secuencia imagenes 1 - Minimal SS25 - Copia 2",inactive,,,,"Con el presupuesto de la campaña",0,0,0,0,0,0,,"En curso","7 días tras clic, 1 día tras visualización o 1 día tras visualización activa",0,ABSOLUTE_OCPM,2026-08-22T19:14:35-0300,-,-,-,"A+ - Publicos Personalizados  - Sale",,,,,,0,,,00:00:00,,,,,,,0,0,,,,,,
2026-08-07,2026-08-07,"Ad6 - Secuencia - Nueva coleccion 202666 - Copia 9",active,,,,"Con el presupuesto de la campaña",0,0,0,0,0,0,,"En curso","7 días tras clic, 1 día tras visualización o 1 día tras visualización activa",0,ABSOLUTE_OCPM,2026-08-24T22:24:38-0300,-,-,-,"A+ - SA - Nueva coleccion 2026",,,,,,0,,,00:00:00,,,,,,,0,0,,,,,,
2026-08-07,2026-08-07,"Ad1 - Angulo Anticipo Temporada",active,,,,"Con el presupuesto de la campaña",0,6415.85,720,573,1.256545,8910.902778,,"En curso","7 días tras clic o 1 día tras visualización",0,ABSOLUTE_OCPM,2026-08-22T06:31:57-0300,"Por debajo del promedio - 35% de los anuncios menos relevantes",-,-,"A+ - Prospecting - Angulos Nuevos (Anticipo-Viaje-Producto)",,,,,,2.966841,17,156,3,455,253,152,121,121,2.361111,3.664921,3.888889,377.402941,16,3,,,
2026-08-07,2026-08-07,"Ad6 - Secuencia - Nueva coleccion 2026 - Copia 3",inactive,,,,"Con el presupuesto de la campaña",0,0,0,0,0,0,,"En curso","7 días tras clic, 1 día tras visualización o 1 día tras visualización activa",0,ABSOLUTE_OCPM,2026-08-22T19:14:35-0300,-,-,-,"A+ - Publicos Personalizados  - Sale",,,,,,0,,,00:00:00,,,,,,,0,0,,,,,,
2026-08-07,2026-08-07,"Ad6 - Secuencia - Nueva coleccion 202666 - Copia 10",active,1,actions:offsite_conversion.fb_pixel_purchase,19156.54,"Con el presupuesto de la campaña",0,19156.54,2937,2527,1.162248,6522.485529,1,"En curso","7 días tras clic, 1 día tras visualización o 1 día tras visualización activa",0,ABSOLUTE_OCPM,2026-08-24T22:24:38-0300,-,-,-,"A+ - SA - Nueva coleccion 2026",4.69709,89980,89980,4.69709039,action_values:offsite_conversion.fb_pixel_purchase,1.108033,33,54,1,237,112,74,50,50,1.123596,1.701622,2.008853,580.501212,29,8,,,
2026-08-07,2026-08-07,"Ad6 - Secuencia - Nueva coleccion 202666 - Copia 12",active,,,,"Con el presupuesto de la campaña",0,0,0,0,0,0,,"En curso","7 días tras clic, 1 día tras visualización o 1 día tras visualización activa",0,ABSOLUTE_OCPM,2026-08-24T22:24:38-0300,-,-,-,"A+ - SA - Nueva coleccion 2026",,,,,,0,,,00:00:00,,,,,,,0,0,,,,,,
2026-08-07,2026-08-07,"Ad5 - Video - Sale - Copia 2",inactive,,,,"Con el presupuesto de la campaña",0,0,0,0,0,0,,"En curso","7 días tras clic, 1 día tras visualización o 1 día tras visualización activa",0,ABSOLUTE_OCPM,2026-08-22T19:14:35-0300,-,-,-,"A+ - Publicos Personalizados  - Sale",,,,,,0,,,00:00:00,,,,,,,0,0,,,,,,
2026-08-07,2026-08-07,"Ad6 - Secuencia - Nueva coleccion 202666 - Copia 7",inactive,,,,"Con el presupuesto de la campaña",0,0,0,0,0,0,,"En curso","7 días tras clic, 1 día tras visualización o 1 día tras visualización activa",0,ABSOLUTE_OCPM,2026-08-24T22:24:38-0300,-,-,-,"A+ - SA - Nueva coleccion 2026",,,,,,0,,,00:00:00,,,,,,,0,0,,,,,,
2026-08-07,2026-08-07,"Ad6 - Secuencia - Nueva coleccion 202666 - Copia 5",not_delivering,,,,"Con el presupuesto de la campaña",0,1041.54,99,92,1.076087,10520.606061,,"En curso","7 días tras clic, 1 día tras visualización o 1 día tras visualización activa",0,ABSOLUTE_OCPM,2026-08-22T19:14:35-0300,-,-,-,"A+ - Publicos Personalizados  - Sale",,,,,,2.173913,2,,00:00:00,,,,,,2.020202,2.173913,2.020202,520.77,2,,,,
2026-08-07,2026-08-07,"Ad6 - Secuencia - Nueva coleccion 2026 - Copia 3",inactive,,,,"Con el presupuesto de la campaña",0,0,0,0,0,0,,"En curso","7 días tras clic, 1 día tras visualización o 1 día tras visualización activa",0,ABSOLUTE_OCPM,2026-08-22T19:14:35-0300,-,-,-,"A+ - Publicos Personalizados  - Sale",,,,,,0,,,00:00:00,,,,,,,0,0,,,,,,
2026-08-07,2026-08-07,"Ad6 - Secuencia - Nueva coleccion 202666 - Copia 9",active,,,,"Con el presupuesto de la campaña",0,0,0,0,0,0,,"En curso","7 días tras clic, 1 día tras visualización o 1 día tras visualización activa",0,ABSOLUTE_OCPM,2026-08-24T22:24:38-0300,-,-,-,"A+ - SA - Nueva coleccion 2026",,,,,,0,,,00:00:00,,,,,,,0,0,,,,,,
2026-08-07,2026-08-07,"Ad6 - Secuencia - Nueva coleccion 202666 - Copia 11",active,2,actions:offsite_conversion.fb_pixel_purchase,17123.475,"Con el presupuesto de la campaña",0,34246.95,6325,5217,1.212383,5414.537549,2,"En curso","7 días tras clic, 1 día tras visualización o 1 día tras visualización activa",0,ABSOLUTE_OCPM,2026-08-24T22:24:38-0300,-,-,-,"A+ - SA - Nueva coleccion 2026",5.46661,93607.36,187214.72,5.46661002,action_values:offsite_conversion.fb_pixel_purchase,2.357677,141,15,5,23,15,13,9,9,2.229249,3.047729,3.225296,242.88617,121,15,2,,
2026-08-07,2026-08-07,"Ad5 - Video - Sale - Copia 3",inactive,,,,"Con el presupuesto de la campaña",0,0,0,0,0,0,,"En curso","7 días tras clic, 1 día tras visualización o 1 día tras visualización activa",0,ABSOLUTE_OCPM,2026-08-22T19:14:35-0300,-,-,-,"A+ - Publicos Personalizados  - Sale",,,,,,0,,,00:00:00,,,,,,,0,0,,,,,,
2026-08-07,2026-08-07,"Ad6 - Secuencia - Nueva coleccion 202666 - Copia 6",active,,,,"Con el presupuesto de la campaña",0,2744.14,315,253,1.245059,8711.555556,,"En curso","7 días tras clic, 1 día tras visualización o 1 día tras visualización activa",0,ABSOLUTE_OCPM,2026-08-24T22:24:38-0300,-,-,-,"A+ - SA - Nueva coleccion 2026",,,,,,2.371542,7,,00:00:00,,,,,,2.222222,4.347826,4.126984,392.02,4,5,1,,
2026-08-07,2026-08-07,"Ad6 - Secuencia - Nueva coleccion 202666 - Copia 4",inactive,,,,"Con el presupuesto de la campaña",0,1.82,2,2,1,910,,"En curso","7 días tras clic, 1 día tras visualización o 1 día tras visualización activa",0,ABSOLUTE_OCPM,2026-08-22T19:14:35-0300,-,-,-,"A+ - Publicos Personalizados  - Sale",,,,,,0,,,1,,,,,,,0,0,,,,,,
2026-08-07,2026-08-07,"Ad6 - Video - Sale - Copia",inactive,,,,"Con el presupuesto de la campaña",0,0,0,0,0,0,,"En curso","7 días tras clic, 1 día tras visualización o 1 día tras visualización activa",0,ABSOLUTE_OCPM,2026-08-22T19:14:35-0300,-,-,-,"A+ - Publicos Personalizados  - Sale",,,,,,0,,,00:00:00,,,,,,,0,0,,,,,,
2026-08-07,2026-08-07,"Ad6 - Secuencia - Nueva coleccion 202666 - Copia 3",inactive,,,,"Con el presupuesto de la campaña",0,451.47,63,57,1.105263,7166.190476,,"En curso","7 días tras clic, 1 día tras visualización o 1 día tras visualización activa",0,ABSOLUTE_OCPM,2026-08-22T19:14:35-0300,-,-,-,"A+ - Publicos Personalizados  - Sale",,,,,,5.263158,5,,00:00:00,,,,,,7.936508,5.263158,7.936508,90.294,4,1,,,
2026-08-07,2026-08-07,"Ad6 - Secuencia - Nueva coleccion 202666 - Copia 4",inactive,,,,"Con el presupuesto de la campaña",0,0,0,0,0,0,,"En curso","7 días tras clic, 1 día tras visualización o 1 día tras visualización activa",0,ABSOLUTE_OCPM,2026-08-22T19:14:35-0300,-,-,-,"A+ - Publicos Personalizados  - Sale",,,,,,0,,,00:00:00,,,,,,,0,0,,,,,,
2026-08-07,2026-08-07,"Ad7 - Video - Sale",inactive,,,,"Con el presupuesto de la campaña",0,0,0,0,0,0,,"En curso","7 días tras clic, 1 día tras visualización o 1 día tras visualización activa",0,ABSOLUTE_OCPM,2026-08-22T19:14:35-0300,-,-,-,"A+ - Publicos Personalizados  - Sale",,,,,,0,,,00:00:00,,,,,,,0,0,,,,,,
2026-08-07,2026-08-07,"Ad6 - Secuencia - Nueva coleccion 202666 - Copia 8",active,,,,"Con el presupuesto de la campaña",0,31.93,9,9,1,3547.777778,,"En curso","7 días tras clic, 1 día tras visualización o 1 día tras visualización activa",0,ABSOLUTE_OCPM,2026-08-24T22:24:38-0300,-,-,-,"A+ - SA - Nueva coleccion 2026",,,,,,0,,,00:00:00,,,,,,,0,0,,,,,,
2026-08-07,2026-08-07,"Ad6 - Secuencia - Nueva coleccion 202666 - Copia 7",inactive,,,,"Con el presupuesto de la campaña",0,0,0,0,0,0,,"En curso","7 días tras clic, 1 día tras visualización o 1 día tras visualización activa",0,ABSOLUTE_OCPM,2026-08-22T19:14:35-0300,-,-,-,"A+ - Publicos Personalizados  - Sale",,,,,,0,,,00:00:00,,,,,,,0,0,,,,,,
2026-08-07,2026-08-07,"Ad6 - Video - Sale",inactive,,,,"Con el presupuesto de la campaña",0,0,0,0,0,0,,"En curso","7 días tras clic, 1 día tras visualización o 1 día tras visualización activa",0,ABSOLUTE_OCPM,2026-08-22T19:14:35-0300,-,-,-,"A+ - Publicos Personalizados  - Sale",,,,,,0,,,00:00:00,,,,,,,0,0,,,,,,
2026-08-07,2026-08-07,"Ad6 - Secuencia - Nueva coleccion 202666 - Copia 6",inactive,,,,"Con el presupuesto de la campaña",0,0,0,0,0,0,,"En curso","7 días tras clic, 1 día tras visualización o 1 día tras visualización activa",0,ABSOLUTE_OCPM,2026-08-24T22:24:38-0300,-,-,-,"A+ - SA - Nueva coleccion 2026",,,,,,0,,,00:00:00,,,,,,,0,0,,,,,,
2026-08-07,2026-08-07,"Ad6 - Secuencia - Nueva coleccion 202666 - Copia 7",inactive,,,,"Con el presupuesto de la campaña",0,0,0,0,0,0,,"En curso","7 días tras clic, 1 día tras visualización o 1 día tras visualización activa",0,ABSOLUTE_OCPM,2026-08-24T22:24:38-0300,-,-,-,"A+ - SA - Nueva coleccion 2026",,,,,,0,,,00:00:00,,,,,,,0,0,,,,,,
2026-08-07,2026-08-07,"Ad5 - Video - Sale",inactive,,,,"Con el presupuesto de la campaña",0,0,0,0,0,0,,"En curso","7 días tras clic, 1 día tras visualización o 1 día tras visualización activa",0,ABSOLUTE_OCPM,2026-08-22T19:14:35-0300,-,-,-,"A+ - Publicos Personalizados  - Sale",,,,,,0,,,00:00:00,,,,,,,0,0,,,,,,
2026-08-07,2026-08-07,"Ad6 - Secuencia - Nueva coleccion 202666 - Copia 5",not_delivering,,,,"Con el presupuesto de la campaña",0,148.99,39,38,1.026316,3820.25641,,"En curso","7 días tras clic, 1 día tras visualización o 1 día tras visualización activa",0,ABSOLUTE_OCPM,2026-08-24T22:24:38-0300,-,-,-,"A+ - SA - Nueva coleccion 2026",,,,,,7.894737,3,,00:00:00,,,,,,7.692308,7.894737,10.25641,49.663333,1,,,,
2026-08-07,2026-08-07,"Ad6 - Secuencia - Nueva coleccion 202666 - Copia 2",inactive,,,,"Con el presupuesto de la campaña",0,0,0,0,0,0,,"En curso","7 días tras clic, 1 día tras visualización o 1 día tras visualización activa",0,ABSOLUTE_OCPM,2026-08-22T19:14:35-0300,-,-,-,"A+ - Publicos Personalizados  - Sale",,,,,,0,,,00:00:00,,,,,,,0,0,,,,,,
2026-08-07,2026-08-07,"Ad2 - Video - Sale",inactive,,,,"Con el presupuesto de la campaña",0,0,0,0,0,0,,"En curso","7 días tras clic, 1 día tras visualización o 1 día tras visualización activa",0,ABSOLUTE_OCPM,2026-08-22T19:14:35-0300,-,-,-,"A+ - Publicos Personalizados  - Sale",,,,,,0,,,00:00:00,,,,,,,0,0,,,,,,
2026-08-07,2026-08-07,"Ad6 - Secuencia - Nueva coleccion 202666 - Copia 2",inactive,,,,"Con el presupuesto de la campaña",0,0,0,0,0,0,,"En curso","7 días tras clic, 1 día tras visualización o 1 día tras visualización activa",0,ABSOLUTE_OCPM,2026-08-22T19:14:35-0300,-,-,-,"A+ - Publicos Personalizados  - Sale",,,,,,0,,,00:00:00,,,,,,,0,0,,,,,,
2026-08-07,2026-08-07,"Ad6 - Secuencia - Nueva coleccion 202666 - Copia 2",inactive,,,,"Con el presupuesto de la campaña",0,1857.64,386,342,1.128655,4812.53886,,"En curso","7 días tras clic, 1 día tras visualización o 1 día tras visualización activa",0,ABSOLUTE_OCPM,2026-08-24T22:24:38-0300,-,-,-,"A+ - SA - Nueva coleccion 2026",,,,,,3.508772,16,17,3,45,21,12,9,9,4.145078,3.216374,4.404145,116.1025,10,,,,
2026-08-07,2026-08-07,"Ad6 - Secuencia - Nueva coleccion 202666 - Copia 4",inactive,,,,"Con el presupuesto de la campaña",0,0,0,0,0,0,,"En curso","7 días tras clic, 1 día tras visualización o 1 día tras visualización activa",0,ABSOLUTE_OCPM,2026-08-24T22:24:38-0300,-,-,-,"A+ - SA - Nueva coleccion 2026",,,,,,0,,,00:00:00,,,,,,,0,0,,,,,,
2026-08-07,2026-08-07,"Ad6 - Secuencia - Nueva coleccion 2026 - Copia 3",active,,,,"Con el presupuesto de la campaña",0,0,0,0,0,0,,"En curso","7 días tras clic, 1 día tras visualización o 1 día tras visualización activa",0,ABSOLUTE_OCPM,2026-08-24T22:24:38-0300,-,-,-,"A+ - SA - Nueva coleccion 2026",,,,,,0,,,00:00:00,,,,,,,0,0,,,,,,
2026-08-07,2026-08-07,"Ad6 - Secuencia - Nueva coleccion 202666 - Copia 4",not_delivering,,,,"Con el presupuesto de la campaña",0,0,0,0,0,0,,"En curso","7 días tras clic, 1 día tras visualización o 1 día tras visualización activa",0,ABSOLUTE_OCPM,2026-08-24T22:24:38-0300,-,-,-,"A+ - SA - Nueva coleccion 2026",,,,,,0,,,00:00:00,,,,,,,0,0,,,,,,
2026-08-07,2026-08-07,"Ad6 - Secuencia - Nueva coleccion 202666 - Copia 4",inactive,,,,"Con el presupuesto de la campaña",0,0,0,0,0,0,,"En curso","7 días tras clic, 1 día tras visualización o 1 día tras visualización activa",0,ABSOLUTE_OCPM,2026-08-22T19:14:35-0300,-,-,-,"A+ - Publicos Personalizados  - Sale",,,,,,0,,,00:00:00,,,,,,,0,0,,,,,,
2026-08-07,2026-08-07,"Ad6 - Secuencia - Nueva coleccion 202666 - Copia 3",inactive,,,,"Con el presupuesto de la campaña",0,0,0,0,0,0,,"En curso","7 días tras clic, 1 día tras visualización o 1 día tras visualización activa",0,ABSOLUTE_OCPM,2026-08-22T19:14:35-0300,-,-,-,"A+ - Publicos Personalizados  - Sale",,,,,,0,,,00:00:00,,,,,,,0,0,,,,,,
2026-08-07,2026-08-07,"Ad6 - Secuencia - Nueva coleccion 202666 - Copia 6",inactive,,,,"Con el presupuesto de la campaña",0,39.38,8,7,1.142857,4922.5,,"En curso","7 días tras clic, 1 día tras visualización o 1 día tras visualización activa",0,ABSOLUTE_OCPM,2026-08-22T19:14:35-0300,-,-,-,"A+ - Publicos Personalizados  - Sale",,,,,,0,,,00:00:00,,,,,,,0,0,,,,,,
2026-08-07,2026-08-07,"Ad6 - Secuencia - Nueva coleccion 202666 - Copia 3",inactive,,,,"Con el presupuesto de la campaña",0,0,0,0,0,0,,"En curso","7 días tras clic, 1 día tras visualización o 1 día tras visualización activa",0,ABSOLUTE_OCPM,2026-08-24T22:24:38-0300,-,-,-,"A+ - SA - Nueva coleccion 2026",,,,,,0,,,00:00:00,,,,,,,0,0,,,,,,
2026-08-07,2026-08-07,"Ad6 - Secuencia - Nueva coleccion 202666 - Copia 4",inactive,,,,"Con el presupuesto de la campaña",0,0,0,0,0,0,,"En curso","7 días tras clic, 1 día tras visualización o 1 día tras visualización activa",0,ABSOLUTE_OCPM,2026-08-22T19:14:35-0300,-,-,-,"A+ - Publicos Personalizados  - Sale",,,,,,0,,,00:00:00,,,,,,,0,0,,,,,,
2026-08-07,2026-08-07,"Ad6 - Secuencia - Nueva coleccion 202666 - Copia 2",inactive,,,,"Con el presupuesto de la campaña",0,0,0,0,0,0,,"En curso","7 días tras clic, 1 día tras visualización o 1 día tras visualización activa",0,ABSOLUTE_OCPM,2026-08-24T22:24:38-0300,-,-,-,"A+ - SA - Nueva coleccion 2026",,,,,,0,,,00:00:00,,,,,,,0,0,,,,,,
2026-08-07,2026-08-07,"Ad6 - Secuencia - Nueva coleccion 202666 - Copia 3",not_delivering,,,,"Con el presupuesto de la campaña",0,4373.58,364,354,1.028249,12015.32967,,"En curso","7 días tras clic, 1 día tras visualización o 1 día tras visualización activa",0,ABSOLUTE_OCPM,2026-08-22T19:14:35-0300,-,-,-,"A+ - Publicos Personalizados  - Sale",,,,,,2.542373,9,,00:00:00,,,,,,2.472527,3.107345,3.846154,485.953333,8,7,,,
2026-08-07,2026-08-07,"Ad6 - Secuencia - Nueva coleccion 2026 - Copia 4",active,,,,"Con el presupuesto de la campaña",0,306.44,50,49,1.020408,6128.8,,"En curso","7 días tras clic, 1 día tras visualización o 1 día tras visualización activa",0,ABSOLUTE_OCPM,2026-08-24T22:24:38-0300,-,-,-,"A+ - SA - Nueva coleccion 2026",,,,,,2.040816,1,,1,,,,,,2,2.040816,2,306.44,2,,,,
2026-08-07,2026-08-07,"Ad6 - Secuencia - Nueva coleccion 202666 - Copia 2",inactive,,,,"Con el presupuesto de la campaña",0,0,0,0,0,0,,"En curso","7 días tras clic, 1 día tras visualización o 1 día tras visualización activa",0,ABSOLUTE_OCPM,2026-08-22T19:14:35-0300,-,-,-,"A+ - Publicos Personalizados  - Sale",,,,,,0,,,00:00:00,,,,,,,0,0,,,,,,
2026-08-07,2026-08-07,"Ad6 - Secuencia - Nueva coleccion 202666 - Copia",inactive,,,,"Con el presupuesto de la campaña",0,0,0,0,0,0,,"En curso","7 días tras clic, 1 día tras visualización o 1 día tras visualización activa",0,ABSOLUTE_OCPM,2026-08-24T22:24:38-0300,-,-,-,"A+ - SA - Nueva coleccion 2026",,,,,,0,,,00:00:00,,,,,,,0,0,,,,,,
2026-08-07,2026-08-07,"Ad5 - Video - Sale - Copia 3",inactive,,,,"Con el presupuesto de la campaña",0,0,0,0,0,0,,"En curso","7 días tras clic, 1 día tras visualización o 1 día tras visualización activa",0,ABSOLUTE_OCPM,2026-08-22T19:14:35-0300,-,-,-,"A+ - Publicos Personalizados  - Sale",,,,,,0,,,00:00:00,,,,,,,0,0,,,,,,
2026-08-07,2026-08-07,"Ad6 - Secuencia - Nueva coleccion 202666 - Copia 5",not_delivering,,,,"Con el presupuesto de la campaña",0,6.78,2,2,1,3390,,"En curso","7 días tras clic, 1 día tras visualización o 1 día tras visualización activa",0,ABSOLUTE_OCPM,2026-08-22T19:14:35-0300,-,-,-,"A+ - Publicos Personalizados  - Sale",,,,,,0,,,00:00:00,,,,,,,0,0,,,,,,
2026-08-07,2026-08-07,"Ad5 - Video - Sale - Copia 2",inactive,,,,"Con el presupuesto de la campaña",0,0,0,0,0,0,,"En curso","7 días tras clic, 1 día tras visualización o 1 día tras visualización activa",0,ABSOLUTE_OCPM,2026-08-22T19:14:35-0300,-,-,-,"A+ - Publicos Personalizados  - Sale",,,,,,0,,,00:00:00,,,,,,,0,0,,,,,,
2026-08-07,2026-08-07,"Ad6 - Secuencia - Nueva coleccion 202666 - Copia 2",inactive,,,,"Con el presupuesto de la campaña",0,0,0,0,0,0,,"En curso","7 días tras clic, 1 día tras visualización o 1 día tras visualización activa",0,ABSOLUTE_OCPM,2026-08-22T19:14:35-0300,-,-,-,"A+ - Publicos Personalizados  - Sale",,,,,,0,,,00:00:00,,,,,,,0,0,,,,,,
2026-08-07,2026-08-07,"Ad6 - Secuencia - Nueva coleccion 2026 - Copia",inactive,,,,"Con el presupuesto de la campaña",0,1757.54,278,249,1.116466,6322.086331,,"En curso","7 días tras clic, 1 día tras visualización o 1 día tras visualización activa",0,ABSOLUTE_OCPM,2026-08-24T22:24:38-0300,-,-,-,"A+ - SA - Nueva coleccion 2026",,,,,,2.008032,8,20,6,13,9,6,3,7,2.877698,3.212851,5.035971,219.6925,6,3,,,
2026-08-07,2026-08-07,"Ad6 - Secuencia - Nueva coleccion 202666 - Copia",inactive,,,,"Con el presupuesto de la campaña",0,167.73,16,14,1.142857,10483.125,,"En curso","7 días tras clic, 1 día tras visualización o 1 día tras visualización activa",0,ABSOLUTE_OCPM,2026-08-22T19:14:35-0300,-,-,-,"A+ - Publicos Personalizados  - Sale",,,,,,21.428571,3,7,4,8,5,3,2,2,18.75,21.428571,18.75,55.91,1,,,,
2026-08-07,2026-08-07,"Ad4 - Imagen - Sale",inactive,,,,"Con el presupuesto de la campaña",0,0,0,0,0,0,,"En curso","7 días tras clic, 1 día tras visualización o 1 día tras visualización activa",0,ABSOLUTE_OCPM,2026-08-22T19:14:35-0300,-,-,-,"A+ - Publicos Personalizados  - Sale",,,,,,0,,,00:00:00,,,,,,,0,0,,,,,,
2026-08-07,2026-08-07,"Ad6 - Secuencia - Nueva coleccion 2026 - Copia",inactive,,,,"Con el presupuesto de la campaña",0,0,0,0,0,0,,"En curso","7 días tras clic, 1 día tras visualización o 1 día tras visualización activa",0,ABSOLUTE_OCPM,2026-08-24T22:24:38-0300,-,-,-,"A+ - SA - Nueva coleccion 2026",,,,,,0,,,00:00:00,,,,,,,0,0,,,,,,
2026-08-07,2026-08-07,"Ad3 - Video - Sale",inactive,,,,"Con el presupuesto de la campaña",0,0,0,0,0,0,,"En curso","7 días tras clic, 1 día tras visualización o 1 día tras visualización activa",0,ABSOLUTE_OCPM,2026-08-22T19:14:35-0300,-,-,-,"A+ - Publicos Personalizados  - Sale",,,,,,0,,,00:00:00,,,,,,,0,0,,,,,,
2026-08-07,2026-08-07,"Ad5 - Video - Sale - Copia",not_delivering,,,,"Con el presupuesto de la campaña",0,4405.7,533,488,1.092213,8265.853659,,"En curso","7 días tras clic, 1 día tras visualización o 1 día tras visualización activa",0,ABSOLUTE_OCPM,2026-08-22T19:14:35-0300,Promedio,"Por encima del promedio","Por debajo del promedio - 35% de los anuncios menos relevantes","A+ - Publicos Personalizados  - Sale",,,,,,4.508197,22,235,9,81,57,44,20,82,4.12758,6.352459,7.317073,200.259091,22,1,,,
2026-08-07,2026-08-07,"Ad1 - Video - Sale",inactive,,,,"Con el presupuesto de la campaña",0,0,0,0,0,0,,"En curso","7 días tras clic, 1 día tras visualización o 1 día tras visualización activa",0,ABSOLUTE_OCPM,2026-08-22T19:14:35-0300,-,-,-,"A+ - Publicos Personalizados  - Sale",,,,,,0,,,00:00:00,,,,,,,0,0,,,,,,
2026-08-06,2026-08-06,"Ad6 - Secuencia - Nueva coleccion 202666 - Copia 2",inactive,,,,"Con el presupuesto de la campaña",0,0,0,0,0,0,,"En curso","7 días tras clic, 1 día tras visualización o 1 día tras visualización activa",0,ABSOLUTE_OCPM,2026-08-22T19:14:35-0300,-,-,-,"A+ - Publicos Personalizados  - Sale",,,,,,0,,,00:00:00,,,,,,,0,0,,,,,,
2026-08-06,2026-08-06,"Ad6 - Secuencia - Nueva coleccion 202666 - Copia 7",active,,,,"Con el presupuesto de la campaña",0,0,0,0,0,0,,"En curso","7 días tras clic, 1 día tras visualización o 1 día tras visualización activa",0,ABSOLUTE_OCPM,2026-08-24T22:24:38-0300,-,-,-,"A+ - SA - Nueva coleccion 2026",,,,,,0,,,00:00:00,,,,,,,0,0,,,,,,
2026-08-06,2026-08-06,"Ad6 - Secuencia - Nueva coleccion 2026 - Copia 2",inactive,,,,"Con el presupuesto de la campaña",0,0,0,0,0,0,,"En curso","7 días tras clic, 1 día tras visualización o 1 día tras visualización activa",0,ABSOLUTE_OCPM,2026-08-24T22:24:38-0300,-,-,-,"A+ - SA - Nueva coleccion 2026",,,,,,0,,,00:00:00,,,,,,,0,0,,,,,,
2026-08-06,2026-08-06,"Ad6 - Secuencia - Nueva coleccion 202666 - Copia 6",inactive,,,,"Con el presupuesto de la campaña",0,0,0,0,0,0,,"En curso","7 días tras clic, 1 día tras visualización o 1 día tras visualización activa",0,ABSOLUTE_OCPM,2026-08-22T19:14:35-0300,-,-,-,"A+ - Publicos Personalizados  - Sale",,,,,,0,,,00:00:00,,,,,,,0,0,,,,,,
2026-08-06,2026-08-06,1,inactive,,,,"Con el presupuesto de la campaña",0,0,0,0,0,0,,"En curso","7 días tras clic, 1 día tras visualización o 1 día tras visualización activa",0,ABSOLUTE_OCPM,2026-08-22T19:14:35-0300,-,-,-,"A+ - Publicos Personalizados  - Sale",,,,,,0,,,00:00:00,,,,,,,0,0,,,,,,
2026-08-06,2026-08-06,"Ad3 - Angulo Producto Fit",active,,,,"Con el presupuesto de la campaña",0,0,0,0,0,0,,"En curso","7 días tras clic o 1 día tras visualización",0,ABSOLUTE_OCPM,2026-08-22T06:31:57-0300,-,-,-,"A+ - Prospecting - Angulos Nuevos (Anticipo-Viaje-Producto)",,,,,,0,,,00:00:00,,,,,,,0,0,,,,,,
2026-08-06,2026-08-06,"Ad6 - Secuencia - Nueva coleccion 202666 - Copia 3",inactive,,,,"Con el presupuesto de la campaña",0,0,0,0,0,0,,"En curso","7 días tras clic, 1 día tras visualización o 1 día tras visualización activa",0,ABSOLUTE_OCPM,2026-08-22T19:14:35-0300,-,-,-,"A+ - Publicos Personalizados  - Sale",,,,,,0,,,00:00:00,,,,,,,0,0,,,,,,
2026-08-06,2026-08-06,"Ad6 - Secuencia - Nueva coleccion 202666 - Copia 6",active,2,actions:offsite_conversion.fb_pixel_purchase,5629.395,"Con el presupuesto de la campaña",0,11258.79,2019,1632,1.237132,5576.419019,2,"En curso","7 días tras clic, 1 día tras visualización o 1 día tras visualización activa",0,ABSOLUTE_OCPM,2026-08-24T22:24:38-0300,-,-,-,"A+ - SA - Nueva coleccion 2026",15.97305,89918.605,179837.21,15.9730495,action_values:offsite_conversion.fb_pixel_purchase,2.696078,56,,1,,,,,,2.77365,3.063725,3.912828,201.049821,70,15,3,,
2026-08-06,2026-08-06,"Ad2 - Angulo Viaje",active,,,,"Con el presupuesto de la campaña",0,0,0,0,0,0,,"En curso","7 días tras clic o 1 día tras visualización",0,ABSOLUTE_OCPM,2026-08-22T06:31:57-0300,-,-,-,"A+ - Prospecting - Angulos Nuevos (Anticipo-Viaje-Producto)",,,,,,0,,,00:00:00,,,,,,,0,0,,,,,,
2026-08-06,2026-08-06,"Secuencia imagenes 1 - Minimal SS25 - Copia 2",inactive,,,,"Con el presupuesto de la campaña",0,0,0,0,0,0,,"En curso","7 días tras clic, 1 día tras visualización o 1 día tras visualización activa",0,ABSOLUTE_OCPM,2026-08-22T19:14:35-0300,-,-,-,"A+ - Publicos Personalizados  - Sale",,,,,,0,,,00:00:00,,,,,,,0,0,,,,,,
2026-08-06,2026-08-06,"Ad6 - Secuencia - Nueva coleccion 202666 - Copia 9",active,,,,"Con el presupuesto de la campaña",0,0,0,0,0,0,,"En curso","7 días tras clic, 1 día tras visualización o 1 día tras visualización activa",0,ABSOLUTE_OCPM,2026-08-24T22:24:38-0300,-,-,-,"A+ - SA - Nueva coleccion 2026",,,,,,0,,,00:00:00,,,,,,,0,0,,,,,,
2026-08-06,2026-08-06,"Ad1 - Angulo Anticipo Temporada",active,,,,"Con el presupuesto de la campaña",0,0,0,0,0,0,,"En curso","7 días tras clic o 1 día tras visualización",0,ABSOLUTE_OCPM,2026-08-22T06:31:57-0300,-,-,-,"A+ - Prospecting - Angulos Nuevos (Anticipo-Viaje-Producto)",,,,,,0,,,00:00:00,,,,,,,0,0,,,,,,
2026-08-06,2026-08-06,"Ad6 - Secuencia - Nueva coleccion 2026 - Copia 3",inactive,,,,"Con el presupuesto de la campaña",0,0,0,0,0,0,,"En curso","7 días tras clic, 1 día tras visualización o 1 día tras visualización activa",0,ABSOLUTE_OCPM,2026-08-22T19:14:35-0300,-,-,-,"A+ - Publicos Personalizados  - Sale",,,,,,0,,,00:00:00,,,,,,,0,0,,,,,,
2026-08-06,2026-08-06,"Ad6 - Secuencia - Nueva coleccion 202666 - Copia 10",active,,,,"Con el presupuesto de la campaña",0,0,0,0,0,0,,"En curso","7 días tras clic, 1 día tras visualización o 1 día tras visualización activa",0,ABSOLUTE_OCPM,2026-08-24T22:24:38-0300,-,-,-,"A+ - SA - Nueva coleccion 2026",,,,,,0,,,00:00:00,,,,,,,0,0,,,,,,
2026-08-06,2026-08-06,"Ad6 - Secuencia - Nueva coleccion 202666 - Copia 12",active,,,,"Con el presupuesto de la campaña",0,0,0,0,0,0,,"En curso","7 días tras clic, 1 día tras visualización o 1 día tras visualización activa",0,ABSOLUTE_OCPM,2026-08-24T22:24:38-0300,-,-,-,"A+ - SA - Nueva coleccion 2026",,,,,,0,,,00:00:00,,,,,,,0,0,,,,,,
2026-08-06,2026-08-06,"Ad5 - Video - Sale - Copia 2",inactive,,,,"Con el presupuesto de la campaña",0,0,0,0,0,0,,"En curso","7 días tras clic, 1 día tras visualización o 1 día tras visualización activa",0,ABSOLUTE_OCPM,2026-08-22T19:14:35-0300,-,-,-,"A+ - Publicos Personalizados  - Sale",,,,,,0,,,00:00:00,,,,,,,0,0,,,,,,
2026-08-06,2026-08-06,"Ad6 - Secuencia - Nueva coleccion 202666 - Copia 7",inactive,,,,"Con el presupuesto de la campaña",0,0,0,0,0,0,,"En curso","7 días tras clic, 1 día tras visualización o 1 día tras visualización activa",0,ABSOLUTE_OCPM,2026-08-24T22:24:38-0300,-,-,-,"A+ - SA - Nueva coleccion 2026",,,,,,0,,,00:00:00,,,,,,,0,0,,,,,,
2026-08-06,2026-08-06,"Ad6 - Secuencia - Nueva coleccion 202666 - Copia 5",not_delivering,1,actions:offsite_conversion.fb_pixel_purchase,1075.93,"Con el presupuesto de la campaña",0,1075.93,105,87,1.206897,10246.952381,1,"En curso","7 días tras clic, 1 día tras visualización o 1 día tras visualización activa",0,ABSOLUTE_OCPM,2026-08-22T19:14:35-0300,-,-,-,"A+ - Publicos Personalizados  - Sale",72.646241,78162.27,78162.27,72.64624093,action_values:offsite_conversion.fb_pixel_purchase,2.298851,2,,00:00:00,,,,,,1.904762,4.597701,3.809524,537.965,2,,1,,
2026-08-06,2026-08-06,"Ad6 - Secuencia - Nueva coleccion 2026 - Copia 3",inactive,,,,"Con el presupuesto de la campaña",0,0,0,0,0,0,,"En curso","7 días tras clic, 1 día tras visualización o 1 día tras visualización activa",0,ABSOLUTE_OCPM,2026-08-22T19:14:35-0300,-,-,-,"A+ - Publicos Personalizados  - Sale",,,,,,0,,,00:00:00,,,,,,,0,0,,,,,,
2026-08-06,2026-08-06,"Ad6 - Secuencia - Nueva coleccion 202666 - Copia 9",active,,,,"Con el presupuesto de la campaña",0,0,0,0,0,0,,"En curso","7 días tras clic, 1 día tras visualización o 1 día tras visualización activa",0,ABSOLUTE_OCPM,2026-08-24T22:24:38-0300,-,-,-,"A+ - SA - Nueva coleccion 2026",,,,,,0,,,00:00:00,,,,,,,0,0,,,,,,
2026-08-06,2026-08-06,"Ad6 - Secuencia - Nueva coleccion 202666 - Copia 11",active,,,,"Con el presupuesto de la campaña",0,5332.42,867,757,1.14531,6150.426759,,"En curso","7 días tras clic, 1 día tras visualización o 1 día tras visualización activa",0,ABSOLUTE_OCPM,2026-08-24T22:24:38-0300,-,-,-,"A+ - SA - Nueva coleccion 2026",,,,,,2.642008,22,1,2,4,2,1,,,2.537486,3.698811,3.460208,242.382727,13,6,,,
2026-08-06,2026-08-06,"Ad5 - Video - Sale - Copia 3",inactive,,,,"Con el presupuesto de la campaña",0,0,0,0,0,0,,"En curso","7 días tras clic, 1 día tras visualización o 1 día tras visualización activa",0,ABSOLUTE_OCPM,2026-08-22T19:14:35-0300,-,-,-,"A+ - Publicos Personalizados  - Sale",,,,,,0,,,00:00:00,,,,,,,0,0,,,,,,
2026-08-06,2026-08-06,"Ad6 - Secuencia - Nueva coleccion 202666 - Copia 6",active,,,,"Con el presupuesto de la campaña",0,0,0,0,0,0,,"En curso","7 días tras clic, 1 día tras visualización o 1 día tras visualización activa",0,ABSOLUTE_OCPM,2026-08-24T22:24:38-0300,-,-,-,"A+ - SA - Nueva coleccion 2026",,,,,,0,,,00:00:00,,,,,,,0,0,,,,,,
2026-08-06,2026-08-06,"Ad6 - Secuencia - Nueva coleccion 202666 - Copia 4",inactive,,,,"Con el presupuesto de la campaña",0,0,0,0,0,0,,"En curso","7 días tras clic, 1 día tras visualización o 1 día tras visualización activa",0,ABSOLUTE_OCPM,2026-08-22T19:14:35-0300,-,-,-,"A+ - Publicos Personalizados  - Sale",,,,,,0,,,00:00:00,,,,,,,0,0,,,,,,
2026-08-06,2026-08-06,"Ad6 - Video - Sale - Copia",inactive,,,,"Con el presupuesto de la campaña",0,0,0,0,0,0,,"En curso","7 días tras clic, 1 día tras visualización o 1 día tras visualización activa",0,ABSOLUTE_OCPM,2026-08-22T19:14:35-0300,-,-,-,"A+ - Publicos Personalizados  - Sale",,,,,,0,,,00:00:00,,,,,,,0,0,,,,,,
2026-08-06,2026-08-06,"Ad6 - Secuencia - Nueva coleccion 202666 - Copia 3",inactive,,,,"Con el presupuesto de la campaña",0,185.88,33,31,1.064516,5632.727273,,"En curso","7 días tras clic, 1 día tras visualización o 1 día tras visualización activa",0,ABSOLUTE_OCPM,2026-08-22T19:14:35-0300,-,-,-,"A+ - Publicos Personalizados  - Sale",,,,,,6.451613,2,,00:00:00,,,,,,6.060606,9.677419,9.090909,92.94,2,,,,
2026-08-06,2026-08-06,"Ad6 - Secuencia - Nueva coleccion 202666 - Copia 4",inactive,,,,"Con el presupuesto de la campaña",0,0,0,0,0,0,,"En curso","7 días tras clic, 1 día tras visualización o 1 día tras visualización activa",0,ABSOLUTE_OCPM,2026-08-22T19:14:35-0300,-,-,-,"A+ - Publicos Personalizados  - Sale",,,,,,0,,,00:00:00,,,,,,,0,0,,,,,,
2026-08-06,2026-08-06,"Ad7 - Video - Sale",inactive,,,,"Con el presupuesto de la campaña",0,0,0,0,0,0,,"En curso","7 días tras clic, 1 día tras visualización o 1 día tras visualización activa",0,ABSOLUTE_OCPM,2026-08-22T19:14:35-0300,-,-,-,"A+ - Publicos Personalizados  - Sale",,,,,,0,,,00:00:00,,,,,,,0,0,,,,,,
2026-08-06,2026-08-06,"Ad6 - Secuencia - Nueva coleccion 202666 - Copia 8",active,1,actions:offsite_conversion.fb_pixel_purchase,1177.16,"Con el presupuesto de la campaña",0,1177.16,114,101,1.128713,10325.964912,1,"En curso","7 días tras clic, 1 día tras visualización o 1 día tras visualización activa",0,ABSOLUTE_OCPM,2026-08-24T22:24:38-0300,-,-,-,"A+ - SA - Nueva coleccion 2026",82.949157,97644.43,97644.43,82.94915729,action_values:offsite_conversion.fb_pixel_purchase,0.990099,1,,00:00:00,,,,,,0.877193,1.980198,1.754386,1177.16,1,3,,,
2026-08-06,2026-08-06,"Ad6 - Secuencia - Nueva coleccion 202666 - Copia 7",inactive,,,,"Con el presupuesto de la campaña",0,0,0,0,0,0,,"En curso","7 días tras clic, 1 día tras visualización o 1 día tras visualización activa",0,ABSOLUTE_OCPM,2026-08-22T19:14:35-0300,-,-,-,"A+ - Publicos Personalizados  - Sale",,,,,,0,,,00:00:00,,,,,,,0,0,,,,,,
2026-08-06,2026-08-06,"Ad6 - Video - Sale",inactive,,,,"Con el presupuesto de la campaña",0,0,0,0,0,0,,"En curso","7 días tras clic, 1 día tras visualización o 1 día tras visualización activa",0,ABSOLUTE_OCPM,2026-08-22T19:14:35-0300,-,-,-,"A+ - Publicos Personalizados  - Sale",,,,,,0,,,00:00:00,,,,,,,0,0,,,,,,
2026-08-06,2026-08-06,"Ad6 - Secuencia - Nueva coleccion 202666 - Copia 6",inactive,,,,"Con el presupuesto de la campaña",0,0,0,0,0,0,,"En curso","7 días tras clic, 1 día tras visualización o 1 día tras visualización activa",0,ABSOLUTE_OCPM,2026-08-24T22:24:38-0300,-,-,-,"A+ - SA - Nueva coleccion 2026",,,,,,0,,,00:00:00,,,,,,,0,0,,,,,,
2026-08-06,2026-08-06,"Ad6 - Secuencia - Nueva coleccion 202666 - Copia 7",inactive,,,,"Con el presupuesto de la campaña",0,0,0,0,0,0,,"En curso","7 días tras clic, 1 día tras visualización o 1 día tras visualización activa",0,ABSOLUTE_OCPM,2026-08-24T22:24:38-0300,-,-,-,"A+ - SA - Nueva coleccion 2026",,,,,,0,,,00:00:00,,,,,,,0,0,,,,,,
2026-08-06,2026-08-06,"Ad5 - Video - Sale",inactive,,,,"Con el presupuesto de la campaña",0,0,0,0,0,0,,"En curso","7 días tras clic, 1 día tras visualización o 1 día tras visualización activa",0,ABSOLUTE_OCPM,2026-08-22T19:14:35-0300,-,-,-,"A+ - Publicos Personalizados  - Sale",,,,,,0,,,00:00:00,,,,,,,0,0,,,,,,
2026-08-06,2026-08-06,"Ad6 - Secuencia - Nueva coleccion 202666 - Copia 5",not_delivering,,,,"Con el presupuesto de la campaña",0,291.84,22,20,1.1,13265.454545,,"En curso","7 días tras clic, 1 día tras visualización o 1 día tras visualización activa",0,ABSOLUTE_OCPM,2026-08-24T22:24:38-0300,-,-,-,"A+ - SA - Nueva coleccion 2026",,,,,,5,2,,00:00:00,,,,,,9.090909,5,9.090909,145.92,2,1,,,
2026-08-06,2026-08-06,"Ad6 - Secuencia - Nueva coleccion 202666 - Copia 2",inactive,,,,"Con el presupuesto de la campaña",0,0,0,0,0,0,,"En curso","7 días tras clic, 1 día tras visualización o 1 día tras visualización activa",0,ABSOLUTE_OCPM,2026-08-22T19:14:35-0300,-,-,-,"A+ - Publicos Personalizados  - Sale",,,,,,0,,,00:00:00,,,,,,,0,0,,,,,,
2026-08-06,2026-08-06,"Ad2 - Video - Sale",inactive,,,,"Con el presupuesto de la campaña",0,0,0,0,0,0,,"En curso","7 días tras clic, 1 día tras visualización o 1 día tras visualización activa",0,ABSOLUTE_OCPM,2026-08-22T19:14:35-0300,-,-,-,"A+ - Publicos Personalizados  - Sale",,,,,,0,,,00:00:00,,,,,,,0,0,,,,,,
2026-08-06,2026-08-06,"Ad6 - Secuencia - Nueva coleccion 202666 - Copia 2",inactive,,,,"Con el presupuesto de la campaña",0,0,0,0,0,0,,"En curso","7 días tras clic, 1 día tras visualización o 1 día tras visualización activa",0,ABSOLUTE_OCPM,2026-08-22T19:14:35-0300,-,-,-,"A+ - Publicos Personalizados  - Sale",,,,,,0,,,00:00:00,,,,,,,0,0,,,,,,
2026-08-06,2026-08-06,"Ad6 - Secuencia - Nueva coleccion 202666 - Copia 2",inactive,,,,"Con el presupuesto de la campaña",0,4398.77,401,335,1.197015,10969.501247,,"En curso","7 días tras clic, 1 día tras visualización o 1 día tras visualización activa",0,ABSOLUTE_OCPM,2026-08-24T22:24:38-0300,-,-,-,"A+ - SA - Nueva coleccion 2026",,,,,,2.985075,10,73,3,157,85,57,36,36,2.493766,3.58209,3.491272,439.877,16,,,,
2026-08-06,2026-08-06,"Ad6 - Secuencia - Nueva coleccion 202666 - Copia 4",inactive,,,,"Con el presupuesto de la campaña",0,0,0,0,0,0,,"En curso","7 días tras clic, 1 día tras visualización o 1 día tras visualización activa",0,ABSOLUTE_OCPM,2026-08-24T22:24:38-0300,-,-,-,"A+ - SA - Nueva coleccion 2026",,,,,,0,,,00:00:00,,,,,,,0,0,,,,,,
2026-08-06,2026-08-06,"Ad6 - Secuencia - Nueva coleccion 2026 - Copia 3",active,,,,"Con el presupuesto de la campaña",0,3018.22,428,375,1.141333,7051.915888,,"En curso","7 días tras clic, 1 día tras visualización o 1 día tras visualización activa",0,ABSOLUTE_OCPM,2026-08-24T22:24:38-0300,-,-,-,"A+ - SA - Nueva coleccion 2026",,,,,,3.733333,16,3,2,4,3,,,,3.738318,4.8,4.906542,188.63875,12,3,,,
2026-08-06,2026-08-06,"Ad6 - Secuencia - Nueva coleccion 202666 - Copia 4",not_delivering,,,,"Con el presupuesto de la campaña",0,529.15,60,55,1.090909,8819.166667,,"En curso","7 días tras clic, 1 día tras visualización o 1 día tras visualización activa",0,ABSOLUTE_OCPM,2026-08-24T22:24:38-0300,-,-,-,"A+ - SA - Nueva coleccion 2026",,,,,,1.818182,1,,00:00:00,,,,,,1.666667,1.818182,3.333333,529.15,,,,,
2026-08-06,2026-08-06,"Ad6 - Secuencia - Nueva coleccion 202666 - Copia 4",inactive,,,,"Con el presupuesto de la campaña",0,0,0,0,0,0,,"En curso","7 días tras clic, 1 día tras visualización o 1 día tras visualización activa",0,ABSOLUTE_OCPM,2026-08-22T19:14:35-0300,-,-,-,"A+ - Publicos Personalizados  - Sale",,,,,,0,,,00:00:00,,,,,,,0,0,,,,,,
2026-08-06,2026-08-06,"Ad6 - Secuencia - Nueva coleccion 202666 - Copia 3",inactive,,,,"Con el presupuesto de la campaña",0,0,0,0,0,0,,"En curso","7 días tras clic, 1 día tras visualización o 1 día tras visualización activa",0,ABSOLUTE_OCPM,2026-08-22T19:14:35-0300,-,-,-,"A+ - Publicos Personalizados  - Sale",,,,,,0,,,00:00:00,,,,,,,0,0,,,,,,
2026-08-06,2026-08-06,"Ad6 - Secuencia - Nueva coleccion 202666 - Copia 6",inactive,,,,"Con el presupuesto de la campaña",0,0,0,0,0,0,,"En curso","7 días tras clic, 1 día tras visualización o 1 día tras visualización activa",0,ABSOLUTE_OCPM,2026-08-22T19:14:35-0300,-,-,-,"A+ - Publicos Personalizados  - Sale",,,,,,0,,,00:00:00,,,,,,,0,0,,,,,,
2026-08-06,2026-08-06,"Ad6 - Secuencia - Nueva coleccion 202666 - Copia 3",inactive,,,,"Con el presupuesto de la campaña",0,0,0,0,0,0,,"En curso","7 días tras clic, 1 día tras visualización o 1 día tras visualización activa",0,ABSOLUTE_OCPM,2026-08-24T22:24:38-0300,-,-,-,"A+ - SA - Nueva coleccion 2026",,,,,,0,,,00:00:00,,,,,,,0,0,,,,,,
2026-08-06,2026-08-06,"Ad6 - Secuencia - Nueva coleccion 202666 - Copia 4",inactive,,,,"Con el presupuesto de la campaña",0,0,0,0,0,0,,"En curso","7 días tras clic, 1 día tras visualización o 1 día tras visualización activa",0,ABSOLUTE_OCPM,2026-08-22T19:14:35-0300,-,-,-,"A+ - Publicos Personalizados  - Sale",,,,,,0,,,00:00:00,,,,,,,0,0,,,,,,
2026-08-06,2026-08-06,"Ad6 - Secuencia - Nueva coleccion 202666 - Copia 2",inactive,,,,"Con el presupuesto de la campaña",0,0,0,0,0,0,,"En curso","7 días tras clic, 1 día tras visualización o 1 día tras visualización activa",0,ABSOLUTE_OCPM,2026-08-24T22:24:38-0300,-,-,-,"A+ - SA - Nueva coleccion 2026",,,,,,0,,,00:00:00,,,,,,,0,0,,,,,,
2026-08-06,2026-08-06,"Ad6 - Secuencia - Nueva coleccion 202666 - Copia 3",not_delivering,,,,"Con el presupuesto de la campaña",0,179.81,12,11,1.090909,14984.166667,,"En curso","7 días tras clic, 1 día tras visualización o 1 día tras visualización activa",0,ABSOLUTE_OCPM,2026-08-22T19:14:35-0300,-,-,-,"A+ - Publicos Personalizados  - Sale",,,,,,0,,,00:00:00,,,,,,,0,0,,,,,,
2026-08-06,2026-08-06,"Ad6 - Secuencia - Nueva coleccion 2026 - Copia 4",active,,,,"Con el presupuesto de la campaña",0,199.32,23,19,1.210526,8666.086957,,"En curso","7 días tras clic, 1 día tras visualización o 1 día tras visualización activa",0,ABSOLUTE_OCPM,2026-08-24T22:24:38-0300,-,-,-,"A+ - SA - Nueva coleccion 2026",,,,,,0,,,00:00:00,,,,,,,5.263158,4.347826,,,,,,
2026-08-06,2026-08-06,"Ad6 - Secuencia - Nueva coleccion 202666 - Copia 2",inactive,,,,"Con el presupuesto de la campaña",0,0,0,0,0,0,,"En curso","7 días tras clic, 1 día tras visualización o 1 día tras visualización activa",0,ABSOLUTE_OCPM,2026-08-22T19:14:35-0300,-,-,-,"A+ - Publicos Personalizados  - Sale",,,,,,0,,,00:00:00,,,,,,,0,0,,,,,,
2026-08-06,2026-08-06,"Ad6 - Secuencia - Nueva coleccion 202666 - Copia",inactive,,,,"Con el presupuesto de la campaña",0,0,0,0,0,0,,"En curso","7 días tras clic, 1 día tras visualización o 1 día tras visualización activa",0,ABSOLUTE_OCPM,2026-08-24T22:24:38-0300,-,-,-,"A+ - SA - Nueva coleccion 2026",,,,,,0,,,00:00:00,,,,,,,0,0,,,,,,
2026-08-06,2026-08-06,"Ad5 - Video - Sale - Copia 3",inactive,,,,"Con el presupuesto de la campaña",0,0,0,0,0,0,,"En curso","7 días tras clic, 1 día tras visualización o 1 día tras visualización activa",0,ABSOLUTE_OCPM,2026-08-22T19:14:35-0300,-,-,-,"A+ - Publicos Personalizados  - Sale",,,,,,0,,,00:00:00,,,,,,,0,0,,,,,,
2026-08-06,2026-08-06,"Ad6 - Secuencia - Nueva coleccion 202666 - Copia 5",not_delivering,,,,"Con el presupuesto de la campaña",0,0,0,0,0,0,,"En curso","7 días tras clic, 1 día tras visualización o 1 día tras visualización activa",0,ABSOLUTE_OCPM,2026-08-22T19:14:35-0300,-,-,-,"A+ - Publicos Personalizados  - Sale",,,,,,0,,,00:00:00,,,,,,,0,0,,,,,,
2026-08-06,2026-08-06,"Ad5 - Video - Sale - Copia 2",inactive,,,,"Con el presupuesto de la campaña",0,0,0,0,0,0,,"En curso","7 días tras clic, 1 día tras visualización o 1 día tras visualización activa",0,ABSOLUTE_OCPM,2026-08-22T19:14:35-0300,-,-,-,"A+ - Publicos Personalizados  - Sale",,,,,,0,,,00:00:00,,,,,,,0,0,,,,,,
2026-08-06,2026-08-06,"Ad6 - Secuencia - Nueva coleccion 202666 - Copia 2",inactive,,,,"Con el presupuesto de la campaña",0,0,0,0,0,0,,"En curso","7 días tras clic, 1 día tras visualización o 1 día tras visualización activa",0,ABSOLUTE_OCPM,2026-08-22T19:14:35-0300,-,-,-,"A+ - Publicos Personalizados  - Sale",,,,,,0,,,00:00:00,,,,,,,0,0,,,,,,
2026-08-06,2026-08-06,"Ad6 - Secuencia - Nueva coleccion 2026 - Copia",inactive,,,,"Con el presupuesto de la campaña",0,10258.05,1874,1442,1.299584,5473.879402,,"En curso","7 días tras clic, 1 día tras visualización o 1 día tras visualización activa",0,ABSOLUTE_OCPM,2026-08-24T22:24:38-0300,-,-,-,"A+ - SA - Nueva coleccion 2026",,,,,,2.011096,30,102,3,49,22,14,7,20,1.600854,2.773925,2.508004,341.935,29,2,,,
2026-08-06,2026-08-06,"Ad6 - Secuencia - Nueva coleccion 202666 - Copia",inactive,,,,"Con el presupuesto de la campaña",0,41.35,4,3,1.333333,10337.5,,"En curso","7 días tras clic, 1 día tras visualización o 1 día tras visualización activa",0,ABSOLUTE_OCPM,2026-08-22T19:14:35-0300,-,-,-,"A+ - Publicos Personalizados  - Sale",,,,,,0,,,1,,,,,,,0,0,,,,,,
2026-08-06,2026-08-06,"Ad4 - Imagen - Sale",inactive,,,,"Con el presupuesto de la campaña",0,0,0,0,0,0,,"En curso","7 días tras clic, 1 día tras visualización o 1 día tras visualización activa",0,ABSOLUTE_OCPM,2026-08-22T19:14:35-0300,-,-,-,"A+ - Publicos Personalizados  - Sale",,,,,,0,,,00:00:00,,,,,,,0,0,,,,,,
2026-08-06,2026-08-06,"Ad6 - Secuencia - Nueva coleccion 2026 - Copia",inactive,,,,"Con el presupuesto de la campaña",0,0,0,0,0,0,,"En curso","7 días tras clic, 1 día tras visualización o 1 día tras visualización activa",0,ABSOLUTE_OCPM,2026-08-24T22:24:38-0300,-,-,-,"A+ - SA - Nueva coleccion 2026",,,,,,0,,,00:00:00,,,,,,,0,0,,,2,,,
2026-08-06,2026-08-06,"Ad3 - Video - Sale",inactive,,,,"Con el presupuesto de la campaña",0,0,0,0,0,0,,"En curso","7 días tras clic, 1 día tras visualización o 1 día tras visualización activa",0,ABSOLUTE_OCPM,2026-08-22T19:14:35-0300,-,-,-,"A+ - Publicos Personalizados  - Sale",,,,,,0,,,00:00:00,,,,,,,0,0,,,,,,
2026-08-06,2026-08-06,"Ad5 - Video - Sale - Copia",not_delivering,1,actions:offsite_conversion.fb_pixel_purchase,7416.22,"Con el presupuesto de la campaña",0,7416.22,613,525,1.167619,12098.238173,1,"En curso","7 días tras clic, 1 día tras visualización o 1 día tras visualización activa",0,ABSOLUTE_OCPM,2026-08-22T19:14:35-0300,Promedio,"Por encima del promedio","Por debajo del promedio - 35% de los anuncios menos relevantes","A+ - Publicos Personalizados  - Sale",28.30957,209950,209950,28.3095701,action_values:offsite_conversion.fb_pixel_purchase,4.952381,28,257,8,86,54,46,21,87,4.5677,5.714286,6.199021,264.865,28,4,1,,
2026-08-06,2026-08-06,"Ad1 - Video - Sale",inactive,,,,"Con el presupuesto de la campaña",0,0,0,0,0,0,,"En curso","7 días tras clic, 1 día tras visualización o 1 día tras visualización activa",0,ABSOLUTE_OCPM,2026-08-22T19:14:35-0300,-,-,-,"A+ - Publicos Personalizados  - Sale",,,,,,0,,,00:00:00,,,,,,,0,0,,,,,,
2026-08-05,2026-08-05,"Ad6 - Secuencia - Nueva coleccion 202666 - Copia 2",inactive,,,,"Con el presupuesto de la campaña",0,0,0,0,0,0,,"En curso","7 días tras clic, 1 día tras visualización o 1 día tras visualización activa",0,ABSOLUTE_OCPM,2026-08-22T19:14:35-0300,-,-,-,"A+ - Publicos Personalizados  - Sale",,,,,,0,,,00:00:00,,,,,,,0,0,,,,,,
2026-08-05,2026-08-05,"Ad6 - Secuencia - Nueva coleccion 202666 - Copia 7",active,,,,"Con el presupuesto de la campaña",0,2195.05,362,321,1.127726,6063.674033,,"En curso","7 días tras clic, 1 día tras visualización o 1 día tras visualización activa",0,ABSOLUTE_OCPM,2026-08-24T22:24:38-0300,-,-,-,"A+ - SA - Nueva coleccion 2026",,,,,,2.492212,9,,00:00:00,,,,,,2.486188,3.115265,3.038674,243.894444,10,,,,
2026-08-05,2026-08-05,"Ad6 - Secuencia - Nueva coleccion 2026 - Copia 2",inactive,,,,"Con el presupuesto de la campaña",0,0,0,0,0,0,,"En curso","7 días tras clic, 1 día tras visualización o 1 día tras visualización activa",0,ABSOLUTE_OCPM,2026-08-24T22:24:38-0300,-,-,-,"A+ - SA - Nueva coleccion 2026",,,,,,0,,,00:00:00,,,,,,,0,0,,,,,,
2026-08-05,2026-08-05,"Ad6 - Secuencia - Nueva coleccion 202666 - Copia 6",inactive,,,,"Con el presupuesto de la campaña",0,0,0,0,0,0,,"En curso","7 días tras clic, 1 día tras visualización o 1 día tras visualización activa",0,ABSOLUTE_OCPM,2026-08-22T19:14:35-0300,-,-,-,"A+ - Publicos Personalizados  - Sale",,,,,,0,,,00:00:00,,,,,,,0,0,,,,,,
2026-08-05,2026-08-05,1,inactive,,,,"Con el presupuesto de la campaña",0,0,0,0,0,0,,"En curso","7 días tras clic, 1 día tras visualización o 1 día tras visualización activa",0,ABSOLUTE_OCPM,2026-08-22T19:14:35-0300,-,-,-,"A+ - Publicos Personalizados  - Sale",,,,,,0,,,00:00:00,,,,,,,0,0,,,,,,
2026-08-05,2026-08-05,"Ad3 - Angulo Producto Fit",active,,,,"Con el presupuesto de la campaña",0,0,0,0,0,0,,"En curso","7 días tras clic o 1 día tras visualización",0,ABSOLUTE_OCPM,2026-08-22T06:31:57-0300,-,-,-,"A+ - Prospecting - Angulos Nuevos (Anticipo-Viaje-Producto)",,,,,,0,,,00:00:00,,,,,,,0,0,,,,,,
2026-08-05,2026-08-05,"Ad6 - Secuencia - Nueva coleccion 202666 - Copia 3",inactive,,,,"Con el presupuesto de la campaña",0,0,0,0,0,0,,"En curso","7 días tras clic, 1 día tras visualización o 1 día tras visualización activa",0,ABSOLUTE_OCPM,2026-08-22T19:14:35-0300,-,-,-,"A+ - Publicos Personalizados  - Sale",,,,,,0,,,00:00:00,,,,,,,0,0,,,,,,
2026-08-05,2026-08-05,"Ad6 - Secuencia - Nueva coleccion 202666 - Copia 6",active,,,,"Con el presupuesto de la campaña",0,0,0,0,0,0,,"En curso","7 días tras clic, 1 día tras visualización o 1 día tras visualización activa",0,ABSOLUTE_OCPM,2026-08-24T22:24:38-0300,-,-,-,"A+ - SA - Nueva coleccion 2026",,,,,,0,,,00:00:00,,,,,,,0,0,,,,,,
2026-08-05,2026-08-05,"Ad2 - Angulo Viaje",active,,,,"Con el presupuesto de la campaña",0,0,0,0,0,0,,"En curso","7 días tras clic o 1 día tras visualización",0,ABSOLUTE_OCPM,2026-08-22T06:31:57-0300,-,-,-,"A+ - Prospecting - Angulos Nuevos (Anticipo-Viaje-Producto)",,,,,,0,,,00:00:00,,,,,,,0,0,,,,,,
2026-08-05,2026-08-05,"Secuencia imagenes 1 - Minimal SS25 - Copia 2",inactive,,,,"Con el presupuesto de la campaña",0,0,0,0,0,0,,"En curso","7 días tras clic, 1 día tras visualización o 1 día tras visualización activa",0,ABSOLUTE_OCPM,2026-08-22T19:14:35-0300,-,-,-,"A+ - Publicos Personalizados  - Sale",,,,,,0,,,00:00:00,,,,,,,0,0,,,,,,
2026-08-05,2026-08-05,"Ad6 - Secuencia - Nueva coleccion 202666 - Copia 9",active,,,,"Con el presupuesto de la campaña",0,0,0,0,0,0,,"En curso","7 días tras clic, 1 día tras visualización o 1 día tras visualización activa",0,ABSOLUTE_OCPM,2026-08-24T22:24:38-0300,-,-,-,"A+ - SA - Nueva coleccion 2026",,,,,,0,,,00:00:00,,,,,,,0,0,,,,,,
2026-08-05,2026-08-05,"Ad1 - Angulo Anticipo Temporada",active,,,,"Con el presupuesto de la campaña",0,0,0,0,0,0,,"En curso","7 días tras clic o 1 día tras visualización",0,ABSOLUTE_OCPM,2026-08-22T06:31:57-0300,-,-,-,"A+ - Prospecting - Angulos Nuevos (Anticipo-Viaje-Producto)",,,,,,0,,,00:00:00,,,,,,,0,0,,,,,,
2026-08-05,2026-08-05,"Ad6 - Secuencia - Nueva coleccion 2026 - Copia 3",inactive,,,,"Con el presupuesto de la campaña",0,0,0,0,0,0,,"En curso","7 días tras clic, 1 día tras visualización o 1 día tras visualización activa",0,ABSOLUTE_OCPM,2026-08-22T19:14:35-0300,-,-,-,"A+ - Publicos Personalizados  - Sale",,,,,,0,,,00:00:00,,,,,,,0,0,,,,,,
2026-08-05,2026-08-05,"Ad6 - Secuencia - Nueva coleccion 202666 - Copia 10",active,,,,"Con el presupuesto de la campaña",0,6297.32,844,668,1.263473,7461.279621,,"En curso","7 días tras clic, 1 día tras visualización o 1 día tras visualización activa",0,ABSOLUTE_OCPM,2026-08-24T22:24:38-0300,-,-,-,"A+ - SA - Nueva coleccion 2026",,,,,,2.694611,20,33,2,96,52,40,33,32,2.369668,3.443114,3.791469,314.866,20,2,,,
2026-08-05,2026-08-05,"Ad6 - Secuencia - Nueva coleccion 202666 - Copia 12",active,,,,"Con el presupuesto de la campaña",0,764.64,116,104,1.115385,6591.724138,,"En curso","7 días tras clic, 1 día tras visualización o 1 día tras visualización activa",0,ABSOLUTE_OCPM,2026-08-24T22:24:38-0300,-,-,-,"A+ - SA - Nueva coleccion 2026",,,,,,4.807692,7,1,7,1,1,,,,6.034483,4.807692,6.896552,109.234286,7,,,,
2026-08-05,2026-08-05,"Ad5 - Video - Sale - Copia 2",inactive,,,,"Con el presupuesto de la campaña",0,0,0,0,0,0,,"En curso","7 días tras clic, 1 día tras visualización o 1 día tras visualización activa",0,ABSOLUTE_OCPM,2026-08-22T19:14:35-0300,-,-,-,"A+ - Publicos Personalizados  - Sale",,,,,,0,,,00:00:00,,,,,,,0,0,,,,,,
2026-08-05,2026-08-05,"Ad6 - Secuencia - Nueva coleccion 202666 - Copia 7",inactive,,,,"Con el presupuesto de la campaña",0,0,0,0,0,0,,"En curso","7 días tras clic, 1 día tras visualización o 1 día tras visualización activa",0,ABSOLUTE_OCPM,2026-08-24T22:24:38-0300,-,-,-,"A+ - SA - Nueva coleccion 2026",,,,,,0,,,00:00:00,,,,,,,0,0,,,,,,
2026-08-05,2026-08-05,"Ad6 - Secuencia - Nueva coleccion 202666 - Copia 5",not_delivering,,,,"Con el presupuesto de la campaña",0,0,0,0,0,0,,"En curso","7 días tras clic, 1 día tras visualización o 1 día tras visualización activa",0,ABSOLUTE_OCPM,2026-08-22T19:14:35-0300,-,-,-,"A+ - Publicos Personalizados  - Sale",,,,,,0,,,00:00:00,,,,,,,0,0,,,,,,
2026-08-05,2026-08-05,"Ad6 - Secuencia - Nueva coleccion 2026 - Copia 3",inactive,,,,"Con el presupuesto de la campaña",0,0,0,0,0,0,,"En curso","7 días tras clic, 1 día tras visualización o 1 día tras visualización activa",0,ABSOLUTE_OCPM,2026-08-22T19:14:35-0300,-,-,-,"A+ - Publicos Personalizados  - Sale",,,,,,0,,,00:00:00,,,,,,,0,0,,,,,,
2026-08-05,2026-08-05,"Ad6 - Secuencia - Nueva coleccion 202666 - Copia 9",active,,,,"Con el presupuesto de la campaña",0,970.11,184,168,1.095238,5272.336957,,"En curso","7 días tras clic, 1 día tras visualización o 1 día tras visualización activa",0,ABSOLUTE_OCPM,2026-08-24T22:24:38-0300,-,-,-,"A+ - SA - Nueva coleccion 2026",,,,,,0.595238,1,,00:00:00,,,,,,0.543478,0.595238,0.543478,970.11,1,,,,
2026-08-05,2026-08-05,"Ad6 - Secuencia - Nueva coleccion 202666 - Copia 11",active,3,actions:offsite_conversion.fb_pixel_purchase,8670.36333333,"Con el presupuesto de la campaña",0,26011.09,4157,3158,1.316339,6257.178254,3,"En curso","7 días tras clic, 1 día tras visualización o 1 día tras visualización activa",0,ABSOLUTE_OCPM,2026-08-24T22:24:38-0300,-,-,-,"A+ - SA - Nueva coleccion 2026",7.613898,66015.26,198045.78,7.61389776,action_values:offsite_conversion.fb_pixel_purchase,3.483217,127,4,2,11,6,4,4,4,3.055088,4.496517,4.811162,204.811732,128,36,7,,
2026-08-05,2026-08-05,"Ad5 - Video - Sale - Copia 3",inactive,,,,"Con el presupuesto de la campaña",0,0,0,0,0,0,,"En curso","7 días tras clic, 1 día tras visualización o 1 día tras visualización activa",0,ABSOLUTE_OCPM,2026-08-22T19:14:35-0300,-,-,-,"A+ - Publicos Personalizados  - Sale",,,,,,0,,,00:00:00,,,,,,,0,0,,,,,,
2026-08-05,2026-08-05,"Ad6 - Secuencia - Nueva coleccion 202666 - Copia 6",active,,,,"Con el presupuesto de la campaña",0,0,0,0,0,0,,"En curso","7 días tras clic, 1 día tras visualización o 1 día tras visualización activa",0,ABSOLUTE_OCPM,2026-08-24T22:24:38-0300,-,-,-,"A+ - SA - Nueva coleccion 2026",,,,,,0,,,00:00:00,,,,,,,0,0,,,,,,
2026-08-05,2026-08-05,"Ad6 - Secuencia - Nueva coleccion 202666 - Copia 4",inactive,,,,"Con el presupuesto de la campaña",0,827.72,42,39,1.076923,19707.619048,,"En curso","7 días tras clic, 1 día tras visualización o 1 día tras visualización activa",0,ABSOLUTE_OCPM,2026-08-22T19:14:35-0300,-,-,-,"A+ - Publicos Personalizados  - Sale",,,,,,0,,3,1,2,1,,,,,0,0,,,,,,
2026-08-05,2026-08-05,"Ad6 - Video - Sale - Copia",inactive,,,,"Con el presupuesto de la campaña",0,0,0,0,0,0,,"En curso","7 días tras clic, 1 día tras visualización o 1 día tras visualización activa",0,ABSOLUTE_OCPM,2026-08-22T19:14:35-0300,-,-,-,"A+ - Publicos Personalizados  - Sale",,,,,,0,,,00:00:00,,,,,,,0,0,,,,,,
2026-08-05,2026-08-05,"Ad6 - Secuencia - Nueva coleccion 202666 - Copia 3",inactive,,,,"Con el presupuesto de la campaña",0,114.78,14,14,1,8198.571429,,"En curso","7 días tras clic, 1 día tras visualización o 1 día tras visualización activa",0,ABSOLUTE_OCPM,2026-08-22T19:14:35-0300,-,-,-,"A+ - Publicos Personalizados  - Sale",,,,,,7.142857,1,,00:00:00,,,,,,7.142857,7.142857,14.285714,114.78,1,,,,
2026-08-05,2026-08-05,"Ad6 - Secuencia - Nueva coleccion 202666 - Copia 4",inactive,,,,"Con el presupuesto de la campaña",0,0,0,0,0,0,,"En curso","7 días tras clic, 1 día tras visualización o 1 día tras visualización activa",0,ABSOLUTE_OCPM,2026-08-22T19:14:35-0300,-,-,-,"A+ - Publicos Personalizados  - Sale",,,,,,0,,,00:00:00,,,,,,,0,0,,,,,,
2026-08-05,2026-08-05,"Ad7 - Video - Sale",inactive,,,,"Con el presupuesto de la campaña",0,0,0,0,0,0,,"En curso","7 días tras clic, 1 día tras visualización o 1 día tras visualización activa",0,ABSOLUTE_OCPM,2026-08-22T19:14:35-0300,-,-,-,"A+ - Publicos Personalizados  - Sale",,,,,,0,,,00:00:00,,,,,,,0,0,,,,,,
2026-08-05,2026-08-05,"Ad6 - Secuencia - Nueva coleccion 202666 - Copia 8",active,,,,"Con el presupuesto de la campaña",0,9338.35,948,734,1.291553,9850.580169,,"En curso","7 días tras clic, 1 día tras visualización o 1 día tras visualización activa",0,ABSOLUTE_OCPM,2026-08-24T22:24:38-0300,-,-,-,"A+ - SA - Nueva coleccion 2026",,,,,,4.359673,34,,00:00:00,,,,,,3.586498,5.585831,5.063291,274.657353,77,3,,,
2026-08-05,2026-08-05,"Ad6 - Secuencia - Nueva coleccion 202666 - Copia 7",inactive,,,,"Con el presupuesto de la campaña",0,0,0,0,0,0,,"En curso","7 días tras clic, 1 día tras visualización o 1 día tras visualización activa",0,ABSOLUTE_OCPM,2026-08-22T19:14:35-0300,-,-,-,"A+ - Publicos Personalizados  - Sale",,,,,,0,,,00:00:00,,,,,,,0,0,,,,,,
2026-08-05,2026-08-05,"Ad6 - Video - Sale",inactive,,,,"Con el presupuesto de la campaña",0,0,0,0,0,0,,"En curso","7 días tras clic, 1 día tras visualización o 1 día tras visualización activa",0,ABSOLUTE_OCPM,2026-08-22T19:14:35-0300,-,-,-,"A+ - Publicos Personalizados  - Sale",,,,,,0,,,00:00:00,,,,,,,0,0,,,,,,
2026-08-05,2026-08-05,"Ad6 - Secuencia - Nueva coleccion 202666 - Copia 6",inactive,,,,"Con el presupuesto de la campaña",0,0,0,0,0,0,,"En curso","7 días tras clic, 1 día tras visualización o 1 día tras visualización activa",0,ABSOLUTE_OCPM,2026-08-24T22:24:38-0300,-,-,-,"A+ - SA - Nueva coleccion 2026",,,,,,0,,,00:00:00,,,,,,,0,0,,,,,,
2026-08-05,2026-08-05,"Ad6 - Secuencia - Nueva coleccion 202666 - Copia 7",inactive,,,,"Con el presupuesto de la campaña",0,0,0,0,0,0,,"En curso","7 días tras clic, 1 día tras visualización o 1 día tras visualización activa",0,ABSOLUTE_OCPM,2026-08-24T22:24:38-0300,-,-,-,"A+ - SA - Nueva coleccion 2026",,,,,,0,,,00:00:00,,,,,,,0,0,,,,,,
2026-08-05,2026-08-05,"Ad5 - Video - Sale",inactive,,,,"Con el presupuesto de la campaña",0,0,0,0,0,0,,"En curso","7 días tras clic, 1 día tras visualización o 1 día tras visualización activa",0,ABSOLUTE_OCPM,2026-08-22T19:14:35-0300,-,-,-,"A+ - Publicos Personalizados  - Sale",,,,,,0,,,00:00:00,,,,,,,0,0,,,,,,
2026-08-05,2026-08-05,"Ad6 - Secuencia - Nueva coleccion 202666 - Copia 5",not_delivering,,,,"Con el presupuesto de la campaña",0,7591.59,1218,1041,1.170029,6232.832512,,"En curso","7 días tras clic, 1 día tras visualización o 1 día tras visualización activa",0,ABSOLUTE_OCPM,2026-08-24T22:24:38-0300,-,-,-,"A+ - SA - Nueva coleccion 2026",,,,,,2.497598,32,,00:00:00,,,,,,2.627258,3.554275,4.022989,237.237188,38,8,2,,
2026-08-05,2026-08-05,"Ad6 - Secuencia - Nueva coleccion 202666 - Copia 2",inactive,,,,"Con el presupuesto de la campaña",0,0,0,0,0,0,,"En curso","7 días tras clic, 1 día tras visualización o 1 día tras visualización activa",0,ABSOLUTE_OCPM,2026-08-22T19:14:35-0300,-,-,-,"A+ - Publicos Personalizados  - Sale",,,,,,0,,,00:00:00,,,,,,,0,0,,,,,,
2026-08-05,2026-08-05,"Ad2 - Video - Sale",inactive,,,,"Con el presupuesto de la campaña",0,0,0,0,0,0,,"En curso","7 días tras clic, 1 día tras visualización o 1 día tras visualización activa",0,ABSOLUTE_OCPM,2026-08-22T19:14:35-0300,-,-,-,"A+ - Publicos Personalizados  - Sale",,,,,,0,,,00:00:00,,,,,,,0,0,,,,,,
2026-08-05,2026-08-05,"Ad6 - Secuencia - Nueva coleccion 202666 - Copia 2",inactive,,,,"Con el presupuesto de la campaña",0,0,0,0,0,0,,"En curso","7 días tras clic, 1 día tras visualización o 1 día tras visualización activa",0,ABSOLUTE_OCPM,2026-08-22T19:14:35-0300,-,-,-,"A+ - Publicos Personalizados  - Sale",,,,,,0,,,00:00:00,,,,,,,0,0,,,,,,
2026-08-05,2026-08-05,"Ad6 - Secuencia - Nueva coleccion 202666 - Copia 2",inactive,,,,"Con el presupuesto de la campaña",0,0,0,0,0,0,,"En curso","7 días tras clic, 1 día tras visualización o 1 día tras visualización activa",0,ABSOLUTE_OCPM,2026-08-24T22:24:38-0300,-,-,-,"A+ - SA - Nueva coleccion 2026",,,,,,0,,,00:00:00,,,,,,,0,0,,,,,,
2026-08-05,2026-08-05,"Ad6 - Secuencia - Nueva coleccion 202666 - Copia 4",inactive,,,,"Con el presupuesto de la campaña",0,0,0,0,0,0,,"En curso","7 días tras clic, 1 día tras visualización o 1 día tras visualización activa",0,ABSOLUTE_OCPM,2026-08-24T22:24:38-0300,-,-,-,"A+ - SA - Nueva coleccion 2026",,,,,,0,,,00:00:00,,,,,,,0,0,,,,,,
2026-08-05,2026-08-05,"Ad6 - Secuencia - Nueva coleccion 2026 - Copia 3",active,,,,"Con el presupuesto de la campaña",0,0,0,0,0,0,,"En curso","7 días tras clic, 1 día tras visualización o 1 día tras visualización activa",0,ABSOLUTE_OCPM,2026-08-24T22:24:38-0300,-,-,-,"A+ - SA - Nueva coleccion 2026",,,,,,0,,,00:00:00,,,,,,,0,0,,,,,,
2026-08-05,2026-08-05,"Ad6 - Secuencia - Nueva coleccion 202666 - Copia 4",not_delivering,,,,"Con el presupuesto de la campaña",0,982.34,100,87,1.149425,9823.4,,"En curso","7 días tras clic, 1 día tras visualización o 1 día tras visualización activa",0,ABSOLUTE_OCPM,2026-08-24T22:24:38-0300,-,-,-,"A+ - SA - Nueva coleccion 2026",,,,,,2.298851,3,,00:00:00,,,,,,3,4.597701,5,327.446667,5,,,,
2026-08-05,2026-08-05,"Ad6 - Secuencia - Nueva coleccion 202666 - Copia 4",inactive,,,,"Con el presupuesto de la campaña",0,0,0,0,0,0,,"En curso","7 días tras clic, 1 día tras visualización o 1 día tras visualización activa",0,ABSOLUTE_OCPM,2026-08-22T19:14:35-0300,-,-,-,"A+ - Publicos Personalizados  - Sale",,,,,,0,,,00:00:00,,,,,,,0,0,,,,,,
2026-08-05,2026-08-05,"Ad6 - Secuencia - Nueva coleccion 202666 - Copia 3",inactive,,,,"Con el presupuesto de la campaña",0,0,0,0,0,0,,"En curso","7 días tras clic, 1 día tras visualización o 1 día tras visualización activa",0,ABSOLUTE_OCPM,2026-08-22T19:14:35-0300,-,-,-,"A+ - Publicos Personalizados  - Sale",,,,,,0,,,00:00:00,,,,,,,0,0,,,,,,
2026-08-05,2026-08-05,"Ad6 - Secuencia - Nueva coleccion 202666 - Copia 6",inactive,,,,"Con el presupuesto de la campaña",0,3.73,1,1,1,3730,,"En curso","7 días tras clic, 1 día tras visualización o 1 día tras visualización activa",0,ABSOLUTE_OCPM,2026-08-22T19:14:35-0300,-,-,-,"A+ - Publicos Personalizados  - Sale",,,,,,0,,,00:00:00,,,,,,,0,0,,,,,,
2026-08-05,2026-08-05,"Ad6 - Secuencia - Nueva coleccion 202666 - Copia 3",inactive,,,,"Con el presupuesto de la campaña",0,0,0,0,0,0,,"En curso","7 días tras clic, 1 día tras visualización o 1 día tras visualización activa",0,ABSOLUTE_OCPM,2026-08-24T22:24:38-0300,-,-,-,"A+ - SA - Nueva coleccion 2026",,,,,,0,,,00:00:00,,,,,,,0,0,,,,,,
2026-08-05,2026-08-05,"Ad6 - Secuencia - Nueva coleccion 202666 - Copia 4",inactive,,,,"Con el presupuesto de la campaña",0,0,0,0,0,0,,"En curso","7 días tras clic, 1 día tras visualización o 1 día tras visualización activa",0,ABSOLUTE_OCPM,2026-08-22T19:14:35-0300,-,-,-,"A+ - Publicos Personalizados  - Sale",,,,,,0,,,00:00:00,,,,,,,0,0,,,,,,
2026-08-05,2026-08-05,"Ad6 - Secuencia - Nueva coleccion 202666 - Copia 2",inactive,,,,"Con el presupuesto de la campaña",0,0,0,0,0,0,,"En curso","7 días tras clic, 1 día tras visualización o 1 día tras visualización activa",0,ABSOLUTE_OCPM,2026-08-24T22:24:38-0300,-,-,-,"A+ - SA - Nueva coleccion 2026",,,,,,0,,,00:00:00,,,,,,,0,0,,,,,,
2026-08-05,2026-08-05,"Ad6 - Secuencia - Nueva coleccion 202666 - Copia 3",not_delivering,,,,"Con el presupuesto de la campaña",0,0,0,0,0,0,,"En curso","7 días tras clic, 1 día tras visualización o 1 día tras visualización activa",0,ABSOLUTE_OCPM,2026-08-22T19:14:35-0300,-,-,-,"A+ - Publicos Personalizados  - Sale",,,,,,0,,,00:00:00,,,,,,,0,0,,,,,,
2026-08-05,2026-08-05,"Ad6 - Secuencia - Nueva coleccion 2026 - Copia 4",active,,,,"Con el presupuesto de la campaña",0,0,0,0,0,0,,"En curso","7 días tras clic, 1 día tras visualización o 1 día tras visualización activa",0,ABSOLUTE_OCPM,2026-08-24T22:24:38-0300,-,-,-,"A+ - SA - Nueva coleccion 2026",,,,,,0,,,00:00:00,,,,,,,0,0,,,,,,
2026-08-05,2026-08-05,"Ad6 - Secuencia - Nueva coleccion 202666 - Copia 2",inactive,,,,"Con el presupuesto de la campaña",0,0,0,0,0,0,,"En curso","7 días tras clic, 1 día tras visualización o 1 día tras visualización activa",0,ABSOLUTE_OCPM,2026-08-22T19:14:35-0300,-,-,-,"A+ - Publicos Personalizados  - Sale",,,,,,0,,,00:00:00,,,,,,,0,0,,,,,,
2026-08-05,2026-08-05,"Ad6 - Secuencia - Nueva coleccion 202666 - Copia",inactive,,,,"Con el presupuesto de la campaña",0,3143.74,442,372,1.188172,7112.533937,,"En curso","7 días tras clic, 1 día tras visualización o 1 día tras visualización activa",0,ABSOLUTE_OCPM,2026-08-24T22:24:38-0300,-,-,-,"A+ - SA - Nueva coleccion 2026",,,,,,3.763441,17,,00:00:00,,,,,,3.846154,4.569892,4.751131,184.925882,11,1,,,
2026-08-05,2026-08-05,"Ad5 - Video - Sale - Copia 3",inactive,,,,"Con el presupuesto de la campaña",0,0,0,0,0,0,,"En curso","7 días tras clic, 1 día tras visualización o 1 día tras visualización activa",0,ABSOLUTE_OCPM,2026-08-22T19:14:35-0300,-,-,-,"A+ - Publicos Personalizados  - Sale",,,,,,0,,,00:00:00,,,,,,,0,0,,,,,,
2026-08-05,2026-08-05,"Ad6 - Secuencia - Nueva coleccion 202666 - Copia 5",not_delivering,,,,"Con el presupuesto de la campaña",0,0,0,0,0,0,,"En curso","7 días tras clic, 1 día tras visualización o 1 día tras visualización activa",0,ABSOLUTE_OCPM,2026-08-22T19:14:35-0300,-,-,-,"A+ - Publicos Personalizados  - Sale",,,,,,0,,,00:00:00,,,,,,,0,0,,,,,,
2026-08-05,2026-08-05,"Ad5 - Video - Sale - Copia 2",inactive,,,,"Con el presupuesto de la campaña",0,0,0,0,0,0,,"En curso","7 días tras clic, 1 día tras visualización o 1 día tras visualización activa",0,ABSOLUTE_OCPM,2026-08-22T19:14:35-0300,-,-,-,"A+ - Publicos Personalizados  - Sale",,,,,,0,,,00:00:00,,,,,,,0,0,,,,,,
2026-08-05,2026-08-05,"Ad6 - Secuencia - Nueva coleccion 202666 - Copia 2",inactive,,,,"Con el presupuesto de la campaña",0,0,0,0,0,0,,"En curso","7 días tras clic, 1 día tras visualización o 1 día tras visualización activa",0,ABSOLUTE_OCPM,2026-08-22T19:14:35-0300,-,-,-,"A+ - Publicos Personalizados  - Sale",,,,,,0,,,00:00:00,,,,,,,0,0,,,,,,
2026-08-05,2026-08-05,"Ad6 - Secuencia - Nueva coleccion 2026 - Copia",inactive,,,,"Con el presupuesto de la campaña",0,0,0,0,0,0,,"En curso","7 días tras clic, 1 día tras visualización o 1 día tras visualización activa",0,ABSOLUTE_OCPM,2026-08-24T22:24:38-0300,-,-,-,"A+ - SA - Nueva coleccion 2026",,,,,,0,,,00:00:00,,,,,,,0,0,,,,,,
2026-08-05,2026-08-05,"Ad6 - Secuencia - Nueva coleccion 202666 - Copia",inactive,,,,"Con el presupuesto de la campaña",0,48.07,4,3,1.333333,12017.5,,"En curso","7 días tras clic, 1 día tras visualización o 1 día tras visualización activa",0,ABSOLUTE_OCPM,2026-08-22T19:14:35-0300,-,-,-,"A+ - Publicos Personalizados  - Sale",,,,,,0,,,1,1,,,,,,0,0,,,,,,
2026-08-05,2026-08-05,"Ad4 - Imagen - Sale",inactive,,,,"Con el presupuesto de la campaña",0,0,0,0,0,0,,"En curso","7 días tras clic, 1 día tras visualización o 1 día tras visualización activa",0,ABSOLUTE_OCPM,2026-08-22T19:14:35-0300,-,-,-,"A+ - Publicos Personalizados  - Sale",,,,,,0,,,00:00:00,,,,,,,0,0,,,,,,
2026-08-05,2026-08-05,"Ad6 - Secuencia - Nueva coleccion 2026 - Copia",inactive,,,,"Con el presupuesto de la campaña",0,2136.25,306,271,1.129151,6981.20915,,"En curso","7 días tras clic, 1 día tras visualización o 1 día tras visualización activa",0,ABSOLUTE_OCPM,2026-08-24T22:24:38-0300,-,-,-,"A+ - SA - Nueva coleccion 2026",,,,,,3.690037,10,2,1,4,,,,,3.267974,4.797048,5.228758,213.625,10,,,,
2026-08-05,2026-08-05,"Ad3 - Video - Sale",inactive,,,,"Con el presupuesto de la campaña",0,0,0,0,0,0,,"En curso","7 días tras clic, 1 día tras visualización o 1 día tras visualización activa",0,ABSOLUTE_OCPM,2026-08-22T19:14:35-0300,-,-,-,"A+ - Publicos Personalizados  - Sale",,,,,,0,,,00:00:00,,,,,,,0,0,,,,,,
2026-08-05,2026-08-05,"Ad5 - Video - Sale - Copia",not_delivering,,,,"Con el presupuesto de la campaña",0,7239.07,743,664,1.118976,9743.028264,,"En curso","7 días tras clic, 1 día tras visualización o 1 día tras visualización activa",0,ABSOLUTE_OCPM,2026-08-22T19:14:35-0300,Promedio,"Por encima del promedio",Promedio,"A+ - Publicos Personalizados  - Sale",,,,,,4.668675,31,338,8,107,72,63,28,109,4.172275,6.777108,7.133244,233.518387,41,3,,,
2026-08-05,2026-08-05,"Ad1 - Video - Sale",inactive,,,,"Con el presupuesto de la campaña",0,0,0,0,0,0,,"En curso","7 días tras clic, 1 día tras visualización o 1 día tras visualización activa",0,ABSOLUTE_OCPM,2026-08-22T19:14:35-0300,-,-,-,"A+ - Publicos Personalizados  - Sale",,,,,,0,,,00:00:00,,,,,,,0,0,,,,,,
2026-08-04,2026-08-04,"Ad6 - Secuencia - Nueva coleccion 202666 - Copia 2",inactive,,,,"Con el presupuesto de la campaña",0,0,0,0,0,0,,"En curso","7 días tras clic, 1 día tras visualización o 1 día tras visualización activa",0,ABSOLUTE_OCPM,2026-08-22T19:14:35-0300,-,-,-,"A+ - Publicos Personalizados  - Sale",,,,,,0,,,00:00:00,,,,,,,0,0,,,,,,
2026-08-04,2026-08-04,"Ad6 - Secuencia - Nueva coleccion 202666 - Copia 7",active,,,,"Con el presupuesto de la campaña",0,0,0,0,0,0,,"En curso","7 días tras clic, 1 día tras visualización o 1 día tras visualización activa",0,ABSOLUTE_OCPM,2026-08-24T22:24:38-0300,-,-,-,"A+ - SA - Nueva coleccion 2026",,,,,,0,,,00:00:00,,,,,,,0,0,,,,,,
2026-08-04,2026-08-04,"Ad6 - Secuencia - Nueva coleccion 2026 - Copia 2",inactive,,,,"Con el presupuesto de la campaña",0,0,0,0,0,0,,"En curso","7 días tras clic, 1 día tras visualización o 1 día tras visualización activa",0,ABSOLUTE_OCPM,2026-08-24T22:24:38-0300,-,-,-,"A+ - SA - Nueva coleccion 2026",,,,,,0,,,00:00:00,,,,,,,0,0,,,,,,
2026-08-04,2026-08-04,"Ad6 - Secuencia - Nueva coleccion 202666 - Copia 6",inactive,,,,"Con el presupuesto de la campaña",0,0,0,0,0,0,,"En curso","7 días tras clic, 1 día tras visualización o 1 día tras visualización activa",0,ABSOLUTE_OCPM,2026-08-22T19:14:35-0300,-,-,-,"A+ - Publicos Personalizados  - Sale",,,,,,0,,,00:00:00,,,,,,,0,0,,,,,,
2026-08-04,2026-08-04,1,inactive,,,,"Con el presupuesto de la campaña",0,0,0,0,0,0,,"En curso","7 días tras clic, 1 día tras visualización o 1 día tras visualización activa",0,ABSOLUTE_OCPM,2026-08-22T19:14:35-0300,-,-,-,"A+ - Publicos Personalizados  - Sale",,,,,,0,,,00:00:00,,,,,,,0,0,,,,,,
2026-08-04,2026-08-04,"Ad3 - Angulo Producto Fit",active,,,,"Con el presupuesto de la campaña",0,0,0,0,0,0,,"En curso","7 días tras clic o 1 día tras visualización",0,ABSOLUTE_OCPM,2026-08-22T06:31:57-0300,-,-,-,"A+ - Prospecting - Angulos Nuevos (Anticipo-Viaje-Producto)",,,,,,0,,,00:00:00,,,,,,,0,0,,,,,,
2026-08-04,2026-08-04,"Ad6 - Secuencia - Nueva coleccion 202666 - Copia 3",inactive,,,,"Con el presupuesto de la campaña",0,0,0,0,0,0,,"En curso","7 días tras clic, 1 día tras visualización o 1 día tras visualización activa",0,ABSOLUTE_OCPM,2026-08-22T19:14:35-0300,-,-,-,"A+ - Publicos Personalizados  - Sale",,,,,,0,,,00:00:00,,,,,,,0,0,,,,,,
2026-08-04,2026-08-04,"Ad6 - Secuencia - Nueva coleccion 202666 - Copia 6",active,,,,"Con el presupuesto de la campaña",0,0,0,0,0,0,,"En curso","7 días tras clic, 1 día tras visualización o 1 día tras visualización activa",0,ABSOLUTE_OCPM,2026-08-24T22:24:38-0300,-,-,-,"A+ - SA - Nueva coleccion 2026",,,,,,0,,,00:00:00,,,,,,,0,0,,,,,,
2026-08-04,2026-08-04,"Ad2 - Angulo Viaje",active,,,,"Con el presupuesto de la campaña",0,0,0,0,0,0,,"En curso","7 días tras clic o 1 día tras visualización",0,ABSOLUTE_OCPM,2026-08-22T06:31:57-0300,-,-,-,"A+ - Prospecting - Angulos Nuevos (Anticipo-Viaje-Producto)",,,,,,0,,,00:00:00,,,,,,,0,0,,,,,,
2026-08-04,2026-08-04,"Secuencia imagenes 1 - Minimal SS25 - Copia 2",inactive,,,,"Con el presupuesto de la campaña",0,0,0,0,0,0,,"En curso","7 días tras clic, 1 día tras visualización o 1 día tras visualización activa",0,ABSOLUTE_OCPM,2026-08-22T19:14:35-0300,-,-,-,"A+ - Publicos Personalizados  - Sale",,,,,,0,,,00:00:00,,,,,,,0,0,,,,,,
2026-08-04,2026-08-04,"Ad6 - Secuencia - Nueva coleccion 202666 - Copia 9",active,,,,"Con el presupuesto de la campaña",0,0,0,0,0,0,,"En curso","7 días tras clic, 1 día tras visualización o 1 día tras visualización activa",0,ABSOLUTE_OCPM,2026-08-24T22:24:38-0300,-,-,-,"A+ - SA - Nueva coleccion 2026",,,,,,0,,,00:00:00,,,,,,,0,0,,,,,,
2026-08-04,2026-08-04,"Ad1 - Angulo Anticipo Temporada",active,,,,"Con el presupuesto de la campaña",0,0,0,0,0,0,,"En curso","7 días tras clic o 1 día tras visualización",0,ABSOLUTE_OCPM,2026-08-22T06:31:57-0300,-,-,-,"A+ - Prospecting - Angulos Nuevos (Anticipo-Viaje-Producto)",,,,,,0,,,00:00:00,,,,,,,0,0,,,,,,
2026-08-04,2026-08-04,"Ad6 - Secuencia - Nueva coleccion 2026 - Copia 3",inactive,,,,"Con el presupuesto de la campaña",0,0,0,0,0,0,,"En curso","7 días tras clic, 1 día tras visualización o 1 día tras visualización activa",0,ABSOLUTE_OCPM,2026-08-22T19:14:35-0300,-,-,-,"A+ - Publicos Personalizados  - Sale",,,,,,0,,,00:00:00,,,,,,,0,0,,,,,,
2026-08-04,2026-08-04,"Ad6 - Secuencia - Nueva coleccion 202666 - Copia 10",active,,,,"Con el presupuesto de la campaña",0,7.4,3,3,1,2466.666667,,"En curso","7 días tras clic, 1 día tras visualización o 1 día tras visualización activa",0,ABSOLUTE_OCPM,2026-08-24T22:24:38-0300,-,-,-,"A+ - SA - Nueva coleccion 2026",,,,,,0,,,00:00:00,,,,,,,0,0,,,,,,
2026-08-04,2026-08-04,"Ad6 - Secuencia - Nueva coleccion 202666 - Copia 12",active,,,,"Con el presupuesto de la campaña",0,1853.91,339,281,1.206406,5468.761062,,"En curso","7 días tras clic, 1 día tras visualización o 1 día tras visualización activa",0,ABSOLUTE_OCPM,2026-08-24T22:24:38-0300,-,-,-,"A+ - SA - Nueva coleccion 2026",,,,,,1.423488,4,,00:00:00,,,,,,1.179941,2.846975,2.359882,463.4775,2,,,,
2026-08-04,2026-08-04,"Ad5 - Video - Sale - Copia 2",inactive,,,,"Con el presupuesto de la campaña",0,0,0,0,0,0,,"En curso","7 días tras clic, 1 día tras visualización o 1 día tras visualización activa",0,ABSOLUTE_OCPM,2026-08-22T19:14:35-0300,-,-,-,"A+ - Publicos Personalizados  - Sale",,,,,,0,,,00:00:00,,,,,,,0,0,,,,,,
2026-08-04,2026-08-04,"Ad6 - Secuencia - Nueva coleccion 202666 - Copia 7",inactive,,,,"Con el presupuesto de la campaña",0,0,0,0,0,0,,"En curso","7 días tras clic, 1 día tras visualización o 1 día tras visualización activa",0,ABSOLUTE_OCPM,2026-08-24T22:24:38-0300,-,-,-,"A+ - SA - Nueva coleccion 2026",,,,,,0,,,00:00:00,,,,,,,0,0,,,,,,
2026-08-04,2026-08-04,"Ad6 - Secuencia - Nueva coleccion 202666 - Copia 5",not_delivering,,,,"Con el presupuesto de la campaña",0,0,0,0,0,0,,"En curso","7 días tras clic, 1 día tras visualización o 1 día tras visualización activa",0,ABSOLUTE_OCPM,2026-08-22T19:14:35-0300,-,-,-,"A+ - Publicos Personalizados  - Sale",,,,,,0,,,00:00:00,,,,,,,0,0,,,,,,
2026-08-04,2026-08-04,"Ad6 - Secuencia - Nueva coleccion 2026 - Copia 3",inactive,,,,"Con el presupuesto de la campaña",0,0,0,0,0,0,,"En curso","7 días tras clic, 1 día tras visualización o 1 día tras visualización activa",0,ABSOLUTE_OCPM,2026-08-22T19:14:35-0300,-,-,-,"A+ - Publicos Personalizados  - Sale",,,,,,0,,,00:00:00,,,,,,,0,0,,,,,,
2026-08-04,2026-08-04,"Ad6 - Secuencia - Nueva coleccion 202666 - Copia 9",active,,,,"Con el presupuesto de la campaña",0,0,0,0,0,0,,"En curso","7 días tras clic, 1 día tras visualización o 1 día tras visualización activa",0,ABSOLUTE_OCPM,2026-08-24T22:24:38-0300,-,-,-,"A+ - SA - Nueva coleccion 2026",,,,,,0,,,00:00:00,,,,,,,0,0,,,,,,
2026-08-04,2026-08-04,"Ad6 - Secuencia - Nueva coleccion 202666 - Copia 11",active,1,actions:offsite_conversion.fb_pixel_purchase,22397.33,"Con el presupuesto de la campaña",0,22397.33,3991,2903,1.374785,5611.959409,1,"En curso","7 días tras clic, 1 día tras visualización o 1 día tras visualización activa",0,ABSOLUTE_OCPM,2026-08-24T22:24:38-0300,-,-,-,"A+ - SA - Nueva coleccion 2026",10.712884,239940,239940,10.71288408,action_values:offsite_conversion.fb_pixel_purchase,3.582501,124,1,1,5,2,1,1,1,3.106991,4.409232,4.084189,180.623629,106,16,1,,
2026-08-04,2026-08-04,"Ad5 - Video - Sale - Copia 3",inactive,,,,"Con el presupuesto de la campaña",0,0,0,0,0,0,,"En curso","7 días tras clic, 1 día tras visualización o 1 día tras visualización activa",0,ABSOLUTE_OCPM,2026-08-22T19:14:35-0300,-,-,-,"A+ - Publicos Personalizados  - Sale",,,,,,0,,,00:00:00,,,,,,,0,0,,,,,,
2026-08-04,2026-08-04,"Ad6 - Secuencia - Nueva coleccion 202666 - Copia 6",active,,,,"Con el presupuesto de la campaña",0,2707.23,342,288,1.1875,7915.877193,,"En curso","7 días tras clic, 1 día tras visualización o 1 día tras visualización activa",0,ABSOLUTE_OCPM,2026-08-24T22:24:38-0300,-,-,-,"A+ - SA - Nueva coleccion 2026",,,,,,2.430556,11,,1,,,,,,3.216374,3.125,6.140351,246.111818,12,,,,
2026-08-04,2026-08-04,"Ad6 - Secuencia - Nueva coleccion 202666 - Copia 4",inactive,,,,"Con el presupuesto de la campaña",0,0,0,0,0,0,,"En curso","7 días tras clic, 1 día tras visualización o 1 día tras visualización activa",0,ABSOLUTE_OCPM,2026-08-22T19:14:35-0300,-,-,-,"A+ - Publicos Personalizados  - Sale",,,,,,0,,,00:00:00,,,,,,,0,0,,,,,,
2026-08-04,2026-08-04,"Ad6 - Video - Sale - Copia",inactive,,,,"Con el presupuesto de la campaña",0,0,0,0,0,0,,"En curso","7 días tras clic, 1 día tras visualización o 1 día tras visualización activa",0,ABSOLUTE_OCPM,2026-08-22T19:14:35-0300,-,-,-,"A+ - Publicos Personalizados  - Sale",,,,,,0,,,00:00:00,,,,,,,0,0,,,,,,
2026-08-04,2026-08-04,"Ad6 - Secuencia - Nueva coleccion 202666 - Copia 3",inactive,,,,"Con el presupuesto de la campaña",0,0,0,0,0,0,,"En curso","7 días tras clic, 1 día tras visualización o 1 día tras visualización activa",0,ABSOLUTE_OCPM,2026-08-22T19:14:35-0300,-,-,-,"A+ - Publicos Personalizados  - Sale",,,,,,0,,,00:00:00,,,,,,,0,0,,,,,,
2026-08-04,2026-08-04,"Ad6 - Secuencia - Nueva coleccion 202666 - Copia 4",inactive,,,,"Con el presupuesto de la campaña",0,0,0,0,0,0,,"En curso","7 días tras clic, 1 día tras visualización o 1 día tras visualización activa",0,ABSOLUTE_OCPM,2026-08-22T19:14:35-0300,-,-,-,"A+ - Publicos Personalizados  - Sale",,,,,,0,,,00:00:00,,,,,,,0,0,,,,,,
2026-08-04,2026-08-04,"Ad7 - Video - Sale",inactive,,,,"Con el presupuesto de la campaña",0,0,0,0,0,0,,"En curso","7 días tras clic, 1 día tras visualización o 1 día tras visualización activa",0,ABSOLUTE_OCPM,2026-08-22T19:14:35-0300,-,-,-,"A+ - Publicos Personalizados  - Sale",,,,,,0,,,00:00:00,,,,,,,0,0,,,,,,
2026-08-04,2026-08-04,"Ad6 - Secuencia - Nueva coleccion 202666 - Copia 8",active,,,,"Con el presupuesto de la campaña",0,649.71,35,35,1,18563.142857,,"En curso","7 días tras clic, 1 día tras visualización o 1 día tras visualización activa",0,ABSOLUTE_OCPM,2026-08-24T22:24:38-0300,-,-,-,"A+ - SA - Nueva coleccion 2026",,,,,,8.571429,3,,00:00:00,,,,,,8.571429,8.571429,8.571429,216.57,2,,,,
2026-08-04,2026-08-04,"Ad6 - Secuencia - Nueva coleccion 202666 - Copia 7",inactive,,,,"Con el presupuesto de la campaña",0,0,0,0,0,0,,"En curso","7 días tras clic, 1 día tras visualización o 1 día tras visualización activa",0,ABSOLUTE_OCPM,2026-08-22T19:14:35-0300,-,-,-,"A+ - Publicos Personalizados  - Sale",,,,,,0,,,00:00:00,,,,,,,0,0,,,,,,
2026-08-04,2026-08-04,"Ad6 - Video - Sale",inactive,,,,"Con el presupuesto de la campaña",0,0,0,0,0,0,,"En curso","7 días tras clic, 1 día tras visualización o 1 día tras visualización activa",0,ABSOLUTE_OCPM,2026-08-22T19:14:35-0300,-,-,-,"A+ - Publicos Personalizados  - Sale",,,,,,0,,,00:00:00,,,,,,,0,0,,,,,,
2026-08-04,2026-08-04,"Ad6 - Secuencia - Nueva coleccion 202666 - Copia 6",inactive,,,,"Con el presupuesto de la campaña",0,0,0,0,0,0,,"En curso","7 días tras clic, 1 día tras visualización o 1 día tras visualización activa",0,ABSOLUTE_OCPM,2026-08-24T22:24:38-0300,-,-,-,"A+ - SA - Nueva coleccion 2026",,,,,,0,,,00:00:00,,,,,,,0,0,,,,,,
2026-08-04,2026-08-04,"Ad6 - Secuencia - Nueva coleccion 202666 - Copia 7",inactive,,,,"Con el presupuesto de la campaña",0,0,0,0,0,0,,"En curso","7 días tras clic, 1 día tras visualización o 1 día tras visualización activa",0,ABSOLUTE_OCPM,2026-08-24T22:24:38-0300,-,-,-,"A+ - SA - Nueva coleccion 2026",,,,,,0,,,00:00:00,,,,,,,0,0,,,,,,
2026-08-04,2026-08-04,"Ad5 - Video - Sale",inactive,,,,"Con el presupuesto de la campaña",0,0,0,0,0,0,,"En curso","7 días tras clic, 1 día tras visualización o 1 día tras visualización activa",0,ABSOLUTE_OCPM,2026-08-22T19:14:35-0300,-,-,-,"A+ - Publicos Personalizados  - Sale",,,,,,0,,,00:00:00,,,,,,,0,0,,,,,,
2026-08-04,2026-08-04,"Ad6 - Secuencia - Nueva coleccion 202666 - Copia 5",not_delivering,,,,"Con el presupuesto de la campaña",0,5216.28,729,607,1.200988,7155.390947,,"En curso","7 días tras clic, 1 día tras visualización o 1 día tras visualización activa",0,ABSOLUTE_OCPM,2026-08-24T22:24:38-0300,-,-,-,"A+ - SA - Nueva coleccion 2026",,,,,,4.118616,31,,00:00:00,,,,,,4.252401,5.766063,6.310014,168.267097,24,2,,,
2026-08-04,2026-08-04,"Ad6 - Secuencia - Nueva coleccion 202666 - Copia 2",inactive,,,,"Con el presupuesto de la campaña",0,0,0,0,0,0,,"En curso","7 días tras clic, 1 día tras visualización o 1 día tras visualización activa",0,ABSOLUTE_OCPM,2026-08-22T19:14:35-0300,-,-,-,"A+ - Publicos Personalizados  - Sale",,,,,,0,,,00:00:00,,,,,,,0,0,,,,,,
2026-08-04,2026-08-04,"Ad2 - Video - Sale",inactive,,,,"Con el presupuesto de la campaña",0,0,0,0,0,0,,"En curso","7 días tras clic, 1 día tras visualización o 1 día tras visualización activa",0,ABSOLUTE_OCPM,2026-08-22T19:14:35-0300,-,-,-,"A+ - Publicos Personalizados  - Sale",,,,,,0,,,00:00:00,,,,,,,0,0,,,,,,
2026-08-04,2026-08-04,"Ad6 - Secuencia - Nueva coleccion 202666 - Copia 2",inactive,,,,"Con el presupuesto de la campaña",0,0,0,0,0,0,,"En curso","7 días tras clic, 1 día tras visualización o 1 día tras visualización activa",0,ABSOLUTE_OCPM,2026-08-22T19:14:35-0300,-,-,-,"A+ - Publicos Personalizados  - Sale",,,,,,0,,,00:00:00,,,,,,,0,0,,,,,,
2026-08-04,2026-08-04,"Ad6 - Secuencia - Nueva coleccion 202666 - Copia 2",inactive,,,,"Con el presupuesto de la campaña",0,0,0,0,0,0,,"En curso","7 días tras clic, 1 día tras visualización o 1 día tras visualización activa",0,ABSOLUTE_OCPM,2026-08-24T22:24:38-0300,-,-,-,"A+ - SA - Nueva coleccion 2026",,,,,,0,,,00:00:00,,,,,,,0,0,,,,,,
2026-08-04,2026-08-04,"Ad6 - Secuencia - Nueva coleccion 202666 - Copia 4",inactive,,,,"Con el presupuesto de la campaña",0,0,0,0,0,0,,"En curso","7 días tras clic, 1 día tras visualización o 1 día tras visualización activa",0,ABSOLUTE_OCPM,2026-08-24T22:24:38-0300,-,-,-,"A+ - SA - Nueva coleccion 2026",,,,,,0,,,00:00:00,,,,,,,0,0,,,,,,
2026-08-04,2026-08-04,"Ad6 - Secuencia - Nueva coleccion 2026 - Copia 3",active,,,,"Con el presupuesto de la campaña",0,0,0,0,0,0,,"En curso","7 días tras clic, 1 día tras visualización o 1 día tras visualización activa",0,ABSOLUTE_OCPM,2026-08-24T22:24:38-0300,-,-,-,"A+ - SA - Nueva coleccion 2026",,,,,,0,,,00:00:00,,,,,,,0,0,,,,,,
2026-08-04,2026-08-04,"Ad6 - Secuencia - Nueva coleccion 202666 - Copia 4",not_delivering,,,,"Con el presupuesto de la campaña",0,5078.84,695,581,1.196213,7307.683453,,"En curso","7 días tras clic, 1 día tras visualización o 1 día tras visualización activa",0,ABSOLUTE_OCPM,2026-08-24T22:24:38-0300,-,-,-,"A+ - SA - Nueva coleccion 2026",,,,,,2.92599,21,,00:00:00,,,,,,3.021583,2.753873,3.309353,241.849524,24,6,,,
2026-08-04,2026-08-04,"Ad6 - Secuencia - Nueva coleccion 202666 - Copia 4",inactive,,,,"Con el presupuesto de la campaña",0,0,0,0,0,0,,"En curso","7 días tras clic, 1 día tras visualización o 1 día tras visualización activa",0,ABSOLUTE_OCPM,2026-08-22T19:14:35-0300,-,-,-,"A+ - Publicos Personalizados  - Sale",,,,,,0,,,00:00:00,,,,,,,0,0,,,,,,
2026-08-04,2026-08-04,"Ad6 - Secuencia - Nueva coleccion 202666 - Copia 3",inactive,,,,"Con el presupuesto de la campaña",0,0,0,0,0,0,,"En curso","7 días tras clic, 1 día tras visualización o 1 día tras visualización activa",0,ABSOLUTE_OCPM,2026-08-22T19:14:35-0300,-,-,-,"A+ - Publicos Personalizados  - Sale",,,,,,0,,,00:00:00,,,,,,,0,0,,,,,,
2026-08-04,2026-08-04,"Ad6 - Secuencia - Nueva coleccion 202666 - Copia 6",inactive,,,,"Con el presupuesto de la campaña",0,1.67,1,1,1,1670,,"En curso","7 días tras clic, 1 día tras visualización o 1 día tras visualización activa",0,ABSOLUTE_OCPM,2026-08-22T19:14:35-0300,-,-,-,"A+ - Publicos Personalizados  - Sale",,,,,,0,,,00:00:00,,,,,,,0,0,,,,,,
2026-08-04,2026-08-04,"Ad6 - Secuencia - Nueva coleccion 202666 - Copia 3",inactive,,,,"Con el presupuesto de la campaña",0,0,0,0,0,0,,"En curso","7 días tras clic, 1 día tras visualización o 1 día tras visualización activa",0,ABSOLUTE_OCPM,2026-08-24T22:24:38-0300,-,-,-,"A+ - SA - Nueva coleccion 2026",,,,,,0,,,00:00:00,,,,,,,0,0,,,,,,
2026-08-04,2026-08-04,"Ad6 - Secuencia - Nueva coleccion 202666 - Copia 4",inactive,,,,"Con el presupuesto de la campaña",0,0,0,0,0,0,,"En curso","7 días tras clic, 1 día tras visualización o 1 día tras visualización activa",0,ABSOLUTE_OCPM,2026-08-22T19:14:35-0300,-,-,-,"A+ - Publicos Personalizados  - Sale",,,,,,0,,,00:00:00,,,,,,,0,0,,,,,,
2026-08-04,2026-08-04,"Ad6 - Secuencia - Nueva coleccion 202666 - Copia 2",inactive,,,,"Con el presupuesto de la campaña",0,0,0,0,0,0,,"En curso","7 días tras clic, 1 día tras visualización o 1 día tras visualización activa",0,ABSOLUTE_OCPM,2026-08-24T22:24:38-0300,-,-,-,"A+ - SA - Nueva coleccion 2026",,,,,,0,,,00:00:00,,,,,,,0,0,,,,,,
2026-08-04,2026-08-04,"Ad6 - Secuencia - Nueva coleccion 202666 - Copia 3",not_delivering,,,,"Con el presupuesto de la campaña",0,1097.72,78,77,1.012987,14073.333333,,"En curso","7 días tras clic, 1 día tras visualización o 1 día tras visualización activa",0,ABSOLUTE_OCPM,2026-08-22T19:14:35-0300,-,-,-,"A+ - Publicos Personalizados  - Sale",,,,,,0,,,00:00:00,,,,,,,0,0,,,,,,
2026-08-04,2026-08-04,"Ad6 - Secuencia - Nueva coleccion 2026 - Copia 4",active,,,,"Con el presupuesto de la campaña",0,2316.56,265,206,1.286408,8741.735849,,"En curso","7 días tras clic, 1 día tras visualización o 1 día tras visualización activa",0,ABSOLUTE_OCPM,2026-08-24T22:24:38-0300,-,-,-,"A+ - SA - Nueva coleccion 2026",,,,,,5.339806,16,,0,,,,,,6.037736,5.825243,7.169811,144.785,16,5,,,
2026-08-04,2026-08-04,"Ad6 - Secuencia - Nueva coleccion 202666 - Copia 2",inactive,,,,"Con el presupuesto de la campaña",0,0,0,0,0,0,,"En curso","7 días tras clic, 1 día tras visualización o 1 día tras visualización activa",0,ABSOLUTE_OCPM,2026-08-22T19:14:35-0300,-,-,-,"A+ - Publicos Personalizados  - Sale",,,,,,0,,,00:00:00,,,,,,,0,0,,,,,,
2026-08-04,2026-08-04,"Ad6 - Secuencia - Nueva coleccion 202666 - Copia",inactive,,,,"Con el presupuesto de la campaña",0,1003.97,102,93,1.096774,9842.843137,,"En curso","7 días tras clic, 1 día tras visualización o 1 día tras visualización activa",0,ABSOLUTE_OCPM,2026-08-24T22:24:38-0300,-,-,-,"A+ - SA - Nueva coleccion 2026",,,,,,0,,,00:00:00,,,,,,,0,0,,,,,,
2026-08-04,2026-08-04,"Ad5 - Video - Sale - Copia 3",inactive,,,,"Con el presupuesto de la campaña",0,0,0,0,0,0,,"En curso","7 días tras clic, 1 día tras visualización o 1 día tras visualización activa",0,ABSOLUTE_OCPM,2026-08-22T19:14:35-0300,-,-,-,"A+ - Publicos Personalizados  - Sale",,,,,,0,,,00:00:00,,,,,,,0,0,,,,,,
2026-08-04,2026-08-04,"Ad6 - Secuencia - Nueva coleccion 202666 - Copia 5",not_delivering,,,,"Con el presupuesto de la campaña",0,0,0,0,0,0,,"En curso","7 días tras clic, 1 día tras visualización o 1 día tras visualización activa",0,ABSOLUTE_OCPM,2026-08-22T19:14:35-0300,-,-,-,"A+ - Publicos Personalizados  - Sale",,,,,,0,,,00:00:00,,,,,,,0,0,,,,,,
2026-08-04,2026-08-04,"Ad5 - Video - Sale - Copia 2",inactive,,,,"Con el presupuesto de la campaña",0,0,0,0,0,0,,"En curso","7 días tras clic, 1 día tras visualización o 1 día tras visualización activa",0,ABSOLUTE_OCPM,2026-08-22T19:14:35-0300,-,-,-,"A+ - Publicos Personalizados  - Sale",,,,,,0,,,00:00:00,,,,,,,0,0,,,,,,
2026-08-04,2026-08-04,"Ad6 - Secuencia - Nueva coleccion 202666 - Copia 2",inactive,,,,"Con el presupuesto de la campaña",0,0,0,0,0,0,,"En curso","7 días tras clic, 1 día tras visualización o 1 día tras visualización activa",0,ABSOLUTE_OCPM,2026-08-22T19:14:35-0300,-,-,-,"A+ - Publicos Personalizados  - Sale",,,,,,0,,,00:00:00,,,,,,,0,0,,,,,,
2026-08-04,2026-08-04,"Ad6 - Secuencia - Nueva coleccion 2026 - Copia",inactive,,,,"Con el presupuesto de la campaña",0,0,0,0,0,0,,"En curso","7 días tras clic, 1 día tras visualización o 1 día tras visualización activa",0,ABSOLUTE_OCPM,2026-08-24T22:24:38-0300,-,-,-,"A+ - SA - Nueva coleccion 2026",,,,,,0,,,00:00:00,,,,,,,0,0,,,,,,
2026-08-04,2026-08-04,"Ad6 - Secuencia - Nueva coleccion 202666 - Copia",inactive,,,,"Con el presupuesto de la campaña",0,143.87,8,7,1.142857,17983.75,,"En curso","7 días tras clic, 1 día tras visualización o 1 día tras visualización activa",0,ABSOLUTE_OCPM,2026-08-22T19:14:35-0300,-,-,-,"A+ - Publicos Personalizados  - Sale",,,,,,0,,1,2,1,1,1,1,1,,0,0,,,,,,
2026-08-04,2026-08-04,"Ad4 - Imagen - Sale",inactive,,,,"Con el presupuesto de la campaña",0,0,0,0,0,0,,"En curso","7 días tras clic, 1 día tras visualización o 1 día tras visualización activa",0,ABSOLUTE_OCPM,2026-08-22T19:14:35-0300,-,-,-,"A+ - Publicos Personalizados  - Sale",,,,,,0,,,00:00:00,,,,,,,0,0,,,,,,
2026-08-04,2026-08-04,"Ad6 - Secuencia - Nueva coleccion 2026 - Copia",inactive,,,,"Con el presupuesto de la campaña",0,2647.78,291,263,1.106464,9098.900344,,"En curso","7 días tras clic, 1 día tras visualización o 1 día tras visualización activa",0,ABSOLUTE_OCPM,2026-08-24T22:24:38-0300,-,-,-,"A+ - SA - Nueva coleccion 2026",,,,,,6.08365,16,3,1,5,1,,,,5.498282,6.844106,6.52921,165.48625,12,,,,
2026-08-04,2026-08-04,"Ad3 - Video - Sale",inactive,,,,"Con el presupuesto de la campaña",0,0,0,0,0,0,,"En curso","7 días tras clic, 1 día tras visualización o 1 día tras visualización activa",0,ABSOLUTE_OCPM,2026-08-22T19:14:35-0300,-,-,-,"A+ - Publicos Personalizados  - Sale",,,,,,0,,,00:00:00,,,,,,,0,0,,,,,,
2026-08-04,2026-08-04,"Ad5 - Video - Sale - Copia",not_delivering,,,,"Con el presupuesto de la campaña",0,4820.33,541,495,1.092929,8910.036969,,"En curso","7 días tras clic, 1 día tras visualización o 1 día tras visualización activa",0,ABSOLUTE_OCPM,2026-08-22T19:14:35-0300,"Por debajo del promedio - 35% de los anuncios menos relevantes","Por encima del promedio",Promedio,"A+ - Publicos Personalizados  - Sale",,,,,,4.040404,20,248,7,62,37,35,16,62,3.696858,6.666667,7.208872,241.0165,20,8,1,,
2026-08-04,2026-08-04,"Ad1 - Video - Sale",inactive,,,,"Con el presupuesto de la campaña",0,0,0,0,0,0,,"En curso","7 días tras clic, 1 día tras visualización o 1 día tras visualización activa",0,ABSOLUTE_OCPM,2026-08-22T19:14:35-0300,-,-,-,"A+ - Publicos Personalizados  - Sale",,,,,,0,,,00:00:00,,,,,,,0,0,,,,,,
2026-08-03,2026-08-03,"Ad6 - Secuencia - Nueva coleccion 202666 - Copia 2",inactive,,,,"Con el presupuesto de la campaña",0,0,0,0,0,0,,"En curso","7 días tras clic, 1 día tras visualización o 1 día tras visualización activa",0,ABSOLUTE_OCPM,2026-08-22T19:14:35-0300,-,-,-,"A+ - Publicos Personalizados  - Sale",,,,,,0,,,00:00:00,,,,,,,0,0,,,,,,
2026-08-03,2026-08-03,"Ad6 - Secuencia - Nueva coleccion 202666 - Copia 7",active,,,,"Con el presupuesto de la campaña",0,2.52,1,1,1,2520,,"En curso","7 días tras clic, 1 día tras visualización o 1 día tras visualización activa",0,ABSOLUTE_OCPM,2026-08-24T22:24:38-0300,-,-,-,"A+ - SA - Nueva coleccion 2026",,,,,,0,,,00:00:00,,,,,,,0,0,,,,,,
2026-08-03,2026-08-03,"Ad6 - Secuencia - Nueva coleccion 2026 - Copia 2",inactive,,,,"Con el presupuesto de la campaña",0,0,0,0,0,0,,"En curso","7 días tras clic, 1 día tras visualización o 1 día tras visualización activa",0,ABSOLUTE_OCPM,2026-08-24T22:24:38-0300,-,-,-,"A+ - SA - Nueva coleccion 2026",,,,,,0,,,00:00:00,,,,,,,0,0,,,,,,
2026-08-03,2026-08-03,"Ad6 - Secuencia - Nueva coleccion 202666 - Copia 6",inactive,,,,"Con el presupuesto de la campaña",0,0,0,0,0,0,,"En curso","7 días tras clic, 1 día tras visualización o 1 día tras visualización activa",0,ABSOLUTE_OCPM,2026-08-22T19:14:35-0300,-,-,-,"A+ - Publicos Personalizados  - Sale",,,,,,0,,,00:00:00,,,,,,,0,0,,,,,,
2026-08-03,2026-08-03,1,inactive,,,,"Con el presupuesto de la campaña",0,0,0,0,0,0,,"En curso","7 días tras clic, 1 día tras visualización o 1 día tras visualización activa",0,ABSOLUTE_OCPM,2026-08-22T19:14:35-0300,-,-,-,"A+ - Publicos Personalizados  - Sale",,,,,,0,,,00:00:00,,,,,,,0,0,,,,,,
2026-08-03,2026-08-03,"Ad3 - Angulo Producto Fit",active,,,,"Con el presupuesto de la campaña",0,0,0,0,0,0,,"En curso","7 días tras clic o 1 día tras visualización",0,ABSOLUTE_OCPM,2026-08-22T06:31:57-0300,-,-,-,"A+ - Prospecting - Angulos Nuevos (Anticipo-Viaje-Producto)",,,,,,0,,,00:00:00,,,,,,,0,0,,,,,,
2026-08-03,2026-08-03,"Ad6 - Secuencia - Nueva coleccion 202666 - Copia 3",inactive,,,,"Con el presupuesto de la campaña",0,0,0,0,0,0,,"En curso","7 días tras clic, 1 día tras visualización o 1 día tras visualización activa",0,ABSOLUTE_OCPM,2026-08-22T19:14:35-0300,-,-,-,"A+ - Publicos Personalizados  - Sale",,,,,,0,,,00:00:00,,,,,,,0,0,,,,,,
2026-08-03,2026-08-03,"Ad6 - Secuencia - Nueva coleccion 202666 - Copia 6",active,,,,"Con el presupuesto de la campaña",0,262.71,27,25,1.08,9730,,"En curso","7 días tras clic, 1 día tras visualización o 1 día tras visualización activa",0,ABSOLUTE_OCPM,2026-08-24T22:24:38-0300,-,-,-,"A+ - SA - Nueva coleccion 2026",,,,,,0,,,00:00:00,,,,,,,0,0,,,,,,
2026-08-03,2026-08-03,"Ad2 - Angulo Viaje",active,,,,"Con el presupuesto de la campaña",0,0,0,0,0,0,,"En curso","7 días tras clic o 1 día tras visualización",0,ABSOLUTE_OCPM,2026-08-22T06:31:57-0300,-,-,-,"A+ - Prospecting - Angulos Nuevos (Anticipo-Viaje-Producto)",,,,,,0,,,00:00:00,,,,,,,0,0,,,,,,
2026-08-03,2026-08-03,"Secuencia imagenes 1 - Minimal SS25 - Copia 2",inactive,,,,"Con el presupuesto de la campaña",0,0,0,0,0,0,,"En curso","7 días tras clic, 1 día tras visualización o 1 día tras visualización activa",0,ABSOLUTE_OCPM,2026-08-22T19:14:35-0300,-,-,-,"A+ - Publicos Personalizados  - Sale",,,,,,0,,,00:00:00,,,,,,,0,0,,,,,,
2026-08-03,2026-08-03,"Ad6 - Secuencia - Nueva coleccion 202666 - Copia 9",active,,,,"Con el presupuesto de la campaña",0,7.24,1,1,1,7240,,"En curso","7 días tras clic, 1 día tras visualización o 1 día tras visualización activa",0,ABSOLUTE_OCPM,2026-08-24T22:24:38-0300,-,-,-,"A+ - SA - Nueva coleccion 2026",,,,,,0,,,00:00:00,,,,,,,0,0,,,,,,
2026-08-03,2026-08-03,"Ad1 - Angulo Anticipo Temporada",active,,,,"Con el presupuesto de la campaña",0,0,0,0,0,0,,"En curso","7 días tras clic o 1 día tras visualización",0,ABSOLUTE_OCPM,2026-08-22T06:31:57-0300,-,-,-,"A+ - Prospecting - Angulos Nuevos (Anticipo-Viaje-Producto)",,,,,,0,,,00:00:00,,,,,,,0,0,,,,,,
2026-08-03,2026-08-03,"Ad6 - Secuencia - Nueva coleccion 2026 - Copia 3",inactive,,,,"Con el presupuesto de la campaña",0,0,0,0,0,0,,"En curso","7 días tras clic, 1 día tras visualización o 1 día tras visualización activa",0,ABSOLUTE_OCPM,2026-08-22T19:14:35-0300,-,-,-,"A+ - Publicos Personalizados  - Sale",,,,,,0,,,00:00:00,,,,,,,0,0,,,,,,
2026-08-03,2026-08-03,"Ad6 - Secuencia - Nueva coleccion 202666 - Copia 10",active,,,,"Con el presupuesto de la campaña",0,32.48,2,2,1,16240,,"En curso","7 días tras clic, 1 día tras visualización o 1 día tras visualización activa",0,ABSOLUTE_OCPM,2026-08-24T22:24:38-0300,-,-,-,"A+ - SA - Nueva coleccion 2026",,,,,,0,,1,4,1,1,1,1,1,,0,0,,,,,,
2026-08-03,2026-08-03,"Ad6 - Secuencia - Nueva coleccion 202666 - Copia 12",active,,,,"Con el presupuesto de la campaña",0,4827.93,889,668,1.330838,5430.742407,,"En curso","7 días tras clic, 1 día tras visualización o 1 día tras visualización activa",0,ABSOLUTE_OCPM,2026-08-24T22:24:38-0300,-,-,-,"A+ - SA - Nueva coleccion 2026",,,,,,2.844311,21,2,3,3,2,2,2,2,2.362205,3.293413,3.374578,229.901429,18,,,,
2026-08-03,2026-08-03,"Ad5 - Video - Sale - Copia 2",inactive,,,,"Con el presupuesto de la campaña",0,0,0,0,0,0,,"En curso","7 días tras clic, 1 día tras visualización o 1 día tras visualización activa",0,ABSOLUTE_OCPM,2026-08-22T19:14:35-0300,-,-,-,"A+ - Publicos Personalizados  - Sale",,,,,,0,,,00:00:00,,,,,,,0,0,,,,,,
2026-08-03,2026-08-03,"Ad6 - Secuencia - Nueva coleccion 202666 - Copia 7",inactive,,,,"Con el presupuesto de la campaña",0,0,0,0,0,0,,"En curso","7 días tras clic, 1 día tras visualización o 1 día tras visualización activa",0,ABSOLUTE_OCPM,2026-08-24T22:24:38-0300,-,-,-,"A+ - SA - Nueva coleccion 2026",,,,,,0,,,00:00:00,,,,,,,0,0,,,,,,
2026-08-03,2026-08-03,"Ad6 - Secuencia - Nueva coleccion 202666 - Copia 5",not_delivering,,,,"Con el presupuesto de la campaña",0,499.15,6,6,1,83191.666667,,"En curso","7 días tras clic, 1 día tras visualización o 1 día tras visualización activa",0,ABSOLUTE_OCPM,2026-08-22T19:14:35-0300,-,-,-,"A+ - Publicos Personalizados  - Sale",,,,,,0,,,00:00:00,,,,,,,0,0,,,,,,
2026-08-03,2026-08-03,"Ad6 - Secuencia - Nueva coleccion 2026 - Copia 3",inactive,,,,"Con el presupuesto de la campaña",0,0,0,0,0,0,,"En curso","7 días tras clic, 1 día tras visualización o 1 día tras visualización activa",0,ABSOLUTE_OCPM,2026-08-22T19:14:35-0300,-,-,-,"A+ - Publicos Personalizados  - Sale",,,,,,0,,,00:00:00,,,,,,,0,0,,,,,,
2026-08-03,2026-08-03,"Ad6 - Secuencia - Nueva coleccion 202666 - Copia 9",active,,,,"Con el presupuesto de la campaña",0,386.37,50,49,1.020408,7727.4,,"En curso","7 días tras clic, 1 día tras visualización o 1 día tras visualización activa",0,ABSOLUTE_OCPM,2026-08-24T22:24:38-0300,-,-,-,"A+ - SA - Nueva coleccion 2026",,,,,,6.122449,5,,00:00:00,,,,,,10,6.122449,10,77.274,4,,,,
2026-08-03,2026-08-03,"Ad6 - Secuencia - Nueva coleccion 202666 - Copia 11",active,1,actions:offsite_conversion.fb_pixel_purchase,21883.13,"Con el presupuesto de la campaña",0,21883.13,4387,3473,1.263173,4988.17643,1,"En curso","7 días tras clic, 1 día tras visualización o 1 día tras visualización activa",0,ABSOLUTE_OCPM,2026-08-24T22:24:38-0300,-,-,-,"A+ - SA - Nueva coleccion 2026",3.194241,69900,69900,3.19424141,action_values:offsite_conversion.fb_pixel_purchase,3.282465,127,1,1,9,2,,,,2.894917,4.146271,4.057442,172.30811,99,6,1,,
2026-08-03,2026-08-03,"Ad5 - Video - Sale - Copia 3",inactive,,,,"Con el presupuesto de la campaña",0,0,0,0,0,0,,"En curso","7 días tras clic, 1 día tras visualización o 1 día tras visualización activa",0,ABSOLUTE_OCPM,2026-08-22T19:14:35-0300,-,-,-,"A+ - Publicos Personalizados  - Sale",,,,,,0,,,00:00:00,,,,,,,0,0,,,,,,
2026-08-03,2026-08-03,"Ad6 - Secuencia - Nueva coleccion 202666 - Copia 6",active,,,,"Con el presupuesto de la campaña",0,39.17,4,4,1,9792.5,,"En curso","7 días tras clic, 1 día tras visualización o 1 día tras visualización activa",0,ABSOLUTE_OCPM,2026-08-24T22:24:38-0300,-,-,-,"A+ - SA - Nueva coleccion 2026",,,,,,0,,,00:00:00,,,,,,,0,0,,,,,,
2026-08-03,2026-08-03,"Ad6 - Secuencia - Nueva coleccion 202666 - Copia 4",inactive,,,,"Con el presupuesto de la campaña",0,0,0,0,0,0,,"En curso","7 días tras clic, 1 día tras visualización o 1 día tras visualización activa",0,ABSOLUTE_OCPM,2026-08-22T19:14:35-0300,-,-,-,"A+ - Publicos Personalizados  - Sale",,,,,,0,,,00:00:00,,,,,,,0,0,,,,,,
2026-08-03,2026-08-03,"Ad6 - Video - Sale - Copia",inactive,,,,"Con el presupuesto de la campaña",0,0,0,0,0,0,,"En curso","7 días tras clic, 1 día tras visualización o 1 día tras visualización activa",0,ABSOLUTE_OCPM,2026-08-22T19:14:35-0300,-,-,-,"A+ - Publicos Personalizados  - Sale",,,,,,0,,,00:00:00,,,,,,,0,0,,,,,,
2026-08-03,2026-08-03,"Ad6 - Secuencia - Nueva coleccion 202666 - Copia 3",inactive,,,,"Con el presupuesto de la campaña",0,108.8,9,8,1.125,12088.888889,,"En curso","7 días tras clic, 1 día tras visualización o 1 día tras visualización activa",0,ABSOLUTE_OCPM,2026-08-22T19:14:35-0300,-,-,-,"A+ - Publicos Personalizados  - Sale",,,,,,12.5,1,,00:00:00,,,,,,11.111111,12.5,22.222222,108.8,1,,,,
2026-08-03,2026-08-03,"Ad6 - Secuencia - Nueva coleccion 202666 - Copia 4",inactive,,,,"Con el presupuesto de la campaña",0,0,0,0,0,0,,"En curso","7 días tras clic, 1 día tras visualización o 1 día tras visualización activa",0,ABSOLUTE_OCPM,2026-08-22T19:14:35-0300,-,-,-,"A+ - Publicos Personalizados  - Sale",,,,,,0,,,00:00:00,,,,,,,0,0,,,,,,
2026-08-03,2026-08-03,"Ad7 - Video - Sale",inactive,,,,"Con el presupuesto de la campaña",0,0,0,0,0,0,,"En curso","7 días tras clic, 1 día tras visualización o 1 día tras visualización activa",0,ABSOLUTE_OCPM,2026-08-22T19:14:35-0300,-,-,-,"A+ - Publicos Personalizados  - Sale",,,,,,0,,,00:00:00,,,,,,,0,0,,,,,,
2026-08-03,2026-08-03,"Ad6 - Secuencia - Nueva coleccion 202666 - Copia 8",active,,,,"Con el presupuesto de la campaña",0,0,0,0,0,0,,"En curso","7 días tras clic, 1 día tras visualización o 1 día tras visualización activa",0,ABSOLUTE_OCPM,2026-08-24T22:24:38-0300,-,-,-,"A+ - SA - Nueva coleccion 2026",,,,,,0,,,00:00:00,,,,,,,0,0,,,,,,
2026-08-03,2026-08-03,"Ad6 - Secuencia - Nueva coleccion 202666 - Copia 7",inactive,,,,"Con el presupuesto de la campaña",0,0,0,0,0,0,,"En curso","7 días tras clic, 1 día tras visualización o 1 día tras visualización activa",0,ABSOLUTE_OCPM,2026-08-22T19:14:35-0300,-,-,-,"A+ - Publicos Personalizados  - Sale",,,,,,0,,,00:00:00,,,,,,,0,0,,,,,,
2026-08-03,2026-08-03,"Ad6 - Video - Sale",inactive,,,,"Con el presupuesto de la campaña",0,0,0,0,0,0,,"En curso","7 días tras clic, 1 día tras visualización o 1 día tras visualización activa",0,ABSOLUTE_OCPM,2026-08-22T19:14:35-0300,-,-,-,"A+ - Publicos Personalizados  - Sale",,,,,,0,,,00:00:00,,,,,,,0,0,,,,,,
2026-08-03,2026-08-03,"Ad6 - Secuencia - Nueva coleccion 202666 - Copia 6",inactive,,,,"Con el presupuesto de la campaña",0,0,0,0,0,0,,"En curso","7 días tras clic, 1 día tras visualización o 1 día tras visualización activa",0,ABSOLUTE_OCPM,2026-08-24T22:24:38-0300,-,-,-,"A+ - SA - Nueva coleccion 2026",,,,,,0,,,00:00:00,,,,,,,0,0,,,,,,
2026-08-03,2026-08-03,"Ad6 - Secuencia - Nueva coleccion 202666 - Copia 7",inactive,,,,"Con el presupuesto de la campaña",0,0,0,0,0,0,,"En curso","7 días tras clic, 1 día tras visualización o 1 día tras visualización activa",0,ABSOLUTE_OCPM,2026-08-24T22:24:38-0300,-,-,-,"A+ - SA - Nueva coleccion 2026",,,,,,0,,,00:00:00,,,,,,,0,0,,,,,,
2026-08-03,2026-08-03,"Ad5 - Video - Sale",inactive,,,,"Con el presupuesto de la campaña",0,0,0,0,0,0,,"En curso","7 días tras clic, 1 día tras visualización o 1 día tras visualización activa",0,ABSOLUTE_OCPM,2026-08-22T19:14:35-0300,-,-,-,"A+ - Publicos Personalizados  - Sale",,,,,,0,,,00:00:00,,,,,,,0,0,,,,,,
2026-08-03,2026-08-03,"Ad6 - Secuencia - Nueva coleccion 202666 - Copia 5",not_delivering,,,,"Con el presupuesto de la campaña",0,17439.96,3045,2356,1.292445,5727.408867,,"En curso","7 días tras clic, 1 día tras visualización o 1 día tras visualización activa",0,ABSOLUTE_OCPM,2026-08-24T22:24:38-0300,-,-,-,"A+ - SA - Nueva coleccion 2026",,,,,,2.758913,73,,00:00:00,,,,,,2.397373,3.565365,3.349754,238.903562,71,9,1,,
2026-08-03,2026-08-03,"Ad6 - Secuencia - Nueva coleccion 202666 - Copia 2",inactive,,,,"Con el presupuesto de la campaña",0,0,0,0,0,0,,"En curso","7 días tras clic, 1 día tras visualización o 1 día tras visualización activa",0,ABSOLUTE_OCPM,2026-08-22T19:14:35-0300,-,-,-,"A+ - Publicos Personalizados  - Sale",,,,,,0,,,00:00:00,,,,,,,0,0,,,,,,
2026-08-03,2026-08-03,"Ad2 - Video - Sale",inactive,,,,"Con el presupuesto de la campaña",0,0,0,0,0,0,,"En curso","7 días tras clic, 1 día tras visualización o 1 día tras visualización activa",0,ABSOLUTE_OCPM,2026-08-22T19:14:35-0300,-,-,-,"A+ - Publicos Personalizados  - Sale",,,,,,0,,,00:00:00,,,,,,,0,0,,,,,,
2026-08-03,2026-08-03,"Ad6 - Secuencia - Nueva coleccion 202666 - Copia 2",inactive,,,,"Con el presupuesto de la campaña",0,0,0,0,0,0,,"En curso","7 días tras clic, 1 día tras visualización o 1 día tras visualización activa",0,ABSOLUTE_OCPM,2026-08-22T19:14:35-0300,-,-,-,"A+ - Publicos Personalizados  - Sale",,,,,,0,,,00:00:00,,,,,,,0,0,,,,,,
2026-08-03,2026-08-03,"Ad6 - Secuencia - Nueva coleccion 202666 - Copia 2",inactive,,,,"Con el presupuesto de la campaña",0,0,0,0,0,0,,"En curso","7 días tras clic, 1 día tras visualización o 1 día tras visualización activa",0,ABSOLUTE_OCPM,2026-08-24T22:24:38-0300,-,-,-,"A+ - SA - Nueva coleccion 2026",,,,,,0,,,00:00:00,,,,,,,0,0,,,,,,
2026-08-03,2026-08-03,"Ad6 - Secuencia - Nueva coleccion 202666 - Copia 4",inactive,,,,"Con el presupuesto de la campaña",0,0,0,0,0,0,,"En curso","7 días tras clic, 1 día tras visualización o 1 día tras visualización activa",0,ABSOLUTE_OCPM,2026-08-24T22:24:38-0300,-,-,-,"A+ - SA - Nueva coleccion 2026",,,,,,0,,,00:00:00,,,,,,,0,0,,,,,,
2026-08-03,2026-08-03,"Ad6 - Secuencia - Nueva coleccion 2026 - Copia 3",active,,,,"Con el presupuesto de la campaña",0,0,0,0,0,0,,"En curso","7 días tras clic, 1 día tras visualización o 1 día tras visualización activa",0,ABSOLUTE_OCPM,2026-08-24T22:24:38-0300,-,-,-,"A+ - SA - Nueva coleccion 2026",,,,,,0,,,00:00:00,,,,,,,0,0,,,,,,
2026-08-03,2026-08-03,"Ad6 - Secuencia - Nueva coleccion 202666 - Copia 4",not_delivering,,,,"Con el presupuesto de la campaña",0,0,0,0,0,0,,"En curso","7 días tras clic, 1 día tras visualización o 1 día tras visualización activa",0,ABSOLUTE_OCPM,2026-08-24T22:24:38-0300,-,-,-,"A+ - SA - Nueva coleccion 2026",,,,,,0,,,00:00:00,,,,,,,0,0,,,,,,
2026-08-03,2026-08-03,"Ad6 - Secuencia - Nueva coleccion 202666 - Copia 4",inactive,,,,"Con el presupuesto de la campaña",0,0,0,0,0,0,,"En curso","7 días tras clic, 1 día tras visualización o 1 día tras visualización activa",0,ABSOLUTE_OCPM,2026-08-22T19:14:35-0300,-,-,-,"A+ - Publicos Personalizados  - Sale",,,,,,0,,,00:00:00,,,,,,,0,0,,,,,,
2026-08-03,2026-08-03,"Ad6 - Secuencia - Nueva coleccion 202666 - Copia 3",inactive,,,,"Con el presupuesto de la campaña",0,0,0,0,0,0,,"En curso","7 días tras clic, 1 día tras visualización o 1 día tras visualización activa",0,ABSOLUTE_OCPM,2026-08-22T19:14:35-0300,-,-,-,"A+ - Publicos Personalizados  - Sale",,,,,,0,,,00:00:00,,,,,,,0,0,,,,,,
2026-08-03,2026-08-03,"Ad6 - Secuencia - Nueva coleccion 202666 - Copia 6",inactive,,,,"Con el presupuesto de la campaña",0,0,0,0,0,0,,"En curso","7 días tras clic, 1 día tras visualización o 1 día tras visualización activa",0,ABSOLUTE_OCPM,2026-08-22T19:14:35-0300,-,-,-,"A+ - Publicos Personalizados  - Sale",,,,,,0,,,00:00:00,,,,,,,0,0,,,,,,
2026-08-03,2026-08-03,"Ad6 - Secuencia - Nueva coleccion 202666 - Copia 3",inactive,,,,"Con el presupuesto de la campaña",0,0,0,0,0,0,,"En curso","7 días tras clic, 1 día tras visualización o 1 día tras visualización activa",0,ABSOLUTE_OCPM,2026-08-24T22:24:38-0300,-,-,-,"A+ - SA - Nueva coleccion 2026",,,,,,0,,,00:00:00,,,,,,,0,0,,,,,,
2026-08-03,2026-08-03,"Ad6 - Secuencia - Nueva coleccion 202666 - Copia 4",inactive,,,,"Con el presupuesto de la campaña",0,0,0,0,0,0,,"En curso","7 días tras clic, 1 día tras visualización o 1 día tras visualización activa",0,ABSOLUTE_OCPM,2026-08-22T19:14:35-0300,-,-,-,"A+ - Publicos Personalizados  - Sale",,,,,,0,,,00:00:00,,,,,,,0,0,,,,,,
2026-08-03,2026-08-03,"Ad6 - Secuencia - Nueva coleccion 202666 - Copia 2",inactive,,,,"Con el presupuesto de la campaña",0,0,0,0,0,0,,"En curso","7 días tras clic, 1 día tras visualización o 1 día tras visualización activa",0,ABSOLUTE_OCPM,2026-08-24T22:24:38-0300,-,-,-,"A+ - SA - Nueva coleccion 2026",,,,,,0,,,00:00:00,,,,,,,0,0,,,,,,
2026-08-03,2026-08-03,"Ad6 - Secuencia - Nueva coleccion 202666 - Copia 3",not_delivering,,,,"Con el presupuesto de la campaña",0,0,0,0,0,0,,"En curso","7 días tras clic, 1 día tras visualización o 1 día tras visualización activa",0,ABSOLUTE_OCPM,2026-08-22T19:14:35-0300,-,-,-,"A+ - Publicos Personalizados  - Sale",,,,,,0,,,00:00:00,,,,,,,0,0,,,,,,
2026-08-03,2026-08-03,"Ad6 - Secuencia - Nueva coleccion 2026 - Copia 4",active,,,,"Con el presupuesto de la campaña",0,0,0,0,0,0,,"En curso","7 días tras clic, 1 día tras visualización o 1 día tras visualización activa",0,ABSOLUTE_OCPM,2026-08-24T22:24:38-0300,-,-,-,"A+ - SA - Nueva coleccion 2026",,,,,,0,,,00:00:00,,,,,,,0,0,,,,,,
2026-08-03,2026-08-03,"Ad6 - Secuencia - Nueva coleccion 202666 - Copia 2",inactive,,,,"Con el presupuesto de la campaña",0,0,0,0,0,0,,"En curso","7 días tras clic, 1 día tras visualización o 1 día tras visualización activa",0,ABSOLUTE_OCPM,2026-08-22T19:14:35-0300,-,-,-,"A+ - Publicos Personalizados  - Sale",,,,,,0,,,00:00:00,,,,,,,0,0,,,,,,
2026-08-03,2026-08-03,"Ad6 - Secuencia - Nueva coleccion 202666 - Copia",inactive,,,,"Con el presupuesto de la campaña",0,4114.21,668,546,1.223443,6158.997006,,"En curso","7 días tras clic, 1 día tras visualización o 1 día tras visualización activa",0,ABSOLUTE_OCPM,2026-08-24T22:24:38-0300,-,-,-,"A+ - SA - Nueva coleccion 2026",,,,,,3.479853,31,,00:00:00,,,,,,4.640719,4.578755,6.437126,132.716452,31,7,,,
2026-08-03,2026-08-03,"Ad5 - Video - Sale - Copia 3",inactive,,,,"Con el presupuesto de la campaña",0,0,0,0,0,0,,"En curso","7 días tras clic, 1 día tras visualización o 1 día tras visualización activa",0,ABSOLUTE_OCPM,2026-08-22T19:14:35-0300,-,-,-,"A+ - Publicos Personalizados  - Sale",,,,,,0,,,00:00:00,,,,,,,0,0,,,,,,
2026-08-03,2026-08-03,"Ad6 - Secuencia - Nueva coleccion 202666 - Copia 5",not_delivering,,,,"Con el presupuesto de la campaña",0,93.61,14,13,1.076923,6686.428571,,"En curso","7 días tras clic, 1 día tras visualización o 1 día tras visualización activa",0,ABSOLUTE_OCPM,2026-08-22T19:14:35-0300,-,-,-,"A+ - Publicos Personalizados  - Sale",,,,,,0,,,00:00:00,,,,,,,0,0,,,,,,
2026-08-03,2026-08-03,"Ad5 - Video - Sale - Copia 2",inactive,,,,"Con el presupuesto de la campaña",0,0,0,0,0,0,,"En curso","7 días tras clic, 1 día tras visualización o 1 día tras visualización activa",0,ABSOLUTE_OCPM,2026-08-22T19:14:35-0300,-,-,-,"A+ - Publicos Personalizados  - Sale",,,,,,0,,,00:00:00,,,,,,,0,0,,,,,,
2026-08-03,2026-08-03,"Ad6 - Secuencia - Nueva coleccion 202666 - Copia 2",inactive,,,,"Con el presupuesto de la campaña",0,0,0,0,0,0,,"En curso","7 días tras clic, 1 día tras visualización o 1 día tras visualización activa",0,ABSOLUTE_OCPM,2026-08-22T19:14:35-0300,-,-,-,"A+ - Publicos Personalizados  - Sale",,,,,,0,,,00:00:00,,,,,,,0,0,,,,,,
2026-08-03,2026-08-03,"Ad6 - Secuencia - Nueva coleccion 2026 - Copia",inactive,,,,"Con el presupuesto de la campaña",0,0,0,0,0,0,,"En curso","7 días tras clic, 1 día tras visualización o 1 día tras visualización activa",0,ABSOLUTE_OCPM,2026-08-24T22:24:38-0300,-,-,-,"A+ - SA - Nueva coleccion 2026",,,,,,0,,,00:00:00,,,,,,,0,0,,,,,,
2026-08-03,2026-08-03,"Ad6 - Secuencia - Nueva coleccion 202666 - Copia",inactive,,,,"Con el presupuesto de la campaña",0,0,0,0,0,0,,"En curso","7 días tras clic, 1 día tras visualización o 1 día tras visualización activa",0,ABSOLUTE_OCPM,2026-08-22T19:14:35-0300,-,-,-,"A+ - Publicos Personalizados  - Sale",,,,,,0,,,00:00:00,,,,,,,0,0,,,,,,
2026-08-03,2026-08-03,"Ad4 - Imagen - Sale",inactive,,,,"Con el presupuesto de la campaña",0,0,0,0,0,0,,"En curso","7 días tras clic, 1 día tras visualización o 1 día tras visualización activa",0,ABSOLUTE_OCPM,2026-08-22T19:14:35-0300,-,-,-,"A+ - Publicos Personalizados  - Sale",,,,,,0,,,00:00:00,,,,,,,0,0,,,,,,
2026-08-03,2026-08-03,"Ad6 - Secuencia - Nueva coleccion 2026 - Copia",inactive,,,,"Con el presupuesto de la campaña",0,0,0,0,0,0,,"En curso","7 días tras clic, 1 día tras visualización o 1 día tras visualización activa",0,ABSOLUTE_OCPM,2026-08-24T22:24:38-0300,-,-,-,"A+ - SA - Nueva coleccion 2026",,,,,,0,,,00:00:00,,,,,,,0,0,,,,,,
2026-08-03,2026-08-03,"Ad3 - Video - Sale",inactive,,,,"Con el presupuesto de la campaña",0,0,0,0,0,0,,"En curso","7 días tras clic, 1 día tras visualización o 1 día tras visualización activa",0,ABSOLUTE_OCPM,2026-08-22T19:14:35-0300,-,-,-,"A+ - Publicos Personalizados  - Sale",,,,,,0,,,00:00:00,,,,,,,0,0,,,,,,
2026-08-03,2026-08-03,"Ad5 - Video - Sale - Copia",not_delivering,1,actions:offsite_conversion.fb_pixel_purchase,4336.99,"Con el presupuesto de la campaña",0,4336.99,514,468,1.098291,8437.723735,1,"En curso","7 días tras clic, 1 día tras visualización o 1 día tras visualización activa",0,ABSOLUTE_OCPM,2026-08-22T19:14:35-0300,Promedio,"Por encima del promedio",Promedio,"A+ - Publicos Personalizados  - Sale",20.862545,90480.65,90480.65,20.86254522,action_values:offsite_conversion.fb_pixel_purchase,6.196581,30,250,8,76,41,33,15,79,5.836576,8.119658,8.949416,144.566333,24,5,2,,
2026-08-03,2026-08-03,"Ad1 - Video - Sale",inactive,,,,"Con el presupuesto de la campaña",0,0,0,0,0,0,,"En curso","7 días tras clic, 1 día tras visualización o 1 día tras visualización activa",0,ABSOLUTE_OCPM,2026-08-22T19:14:35-0300,-,-,-,"A+ - Publicos Personalizados  - Sale",,,,,,0,,,00:00:00,,,,,,,0,0,,,,,,
2026-08-02,2026-08-02,"Ad6 - Secuencia - Nueva coleccion 202666 - Copia 2",inactive,,,,"Con el presupuesto de la campaña",0,0,0,0,0,0,,"En curso","7 días tras clic, 1 día tras visualización o 1 día tras visualización activa",0,ABSOLUTE_OCPM,2026-08-22T19:14:35-0300,-,-,-,"A+ - Publicos Personalizados  - Sale",,,,,,0,,,00:00:00,,,,,,,0,0,,,,,,
2026-08-02,2026-08-02,"Ad6 - Secuencia - Nueva coleccion 202666 - Copia 7",active,,,,"Con el presupuesto de la campaña",0,36.06,12,11,1.090909,3005,,"En curso","7 días tras clic, 1 día tras visualización o 1 día tras visualización activa",0,ABSOLUTE_OCPM,2026-08-24T22:24:38-0300,-,-,-,"A+ - SA - Nueva coleccion 2026",,,,,,0,,,00:00:00,,,,,,,0,0,,,,,,
2026-08-02,2026-08-02,"Ad6 - Secuencia - Nueva coleccion 2026 - Copia 2",inactive,,,,"Con el presupuesto de la campaña",0,0,0,0,0,0,,"En curso","7 días tras clic, 1 día tras visualización o 1 día tras visualización activa",0,ABSOLUTE_OCPM,2026-08-24T22:24:38-0300,-,-,-,"A+ - SA - Nueva coleccion 2026",,,,,,0,,,00:00:00,,,,,,,0,0,,,,,,
2026-08-02,2026-08-02,"Ad6 - Secuencia - Nueva coleccion 202666 - Copia 6",inactive,,,,"Con el presupuesto de la campaña",0,0,0,0,0,0,,"En curso","7 días tras clic, 1 día tras visualización o 1 día tras visualización activa",0,ABSOLUTE_OCPM,2026-08-22T19:14:35-0300,-,-,-,"A+ - Publicos Personalizados  - Sale",,,,,,0,,,00:00:00,,,,,,,0,0,,,,,,
2026-08-02,2026-08-02,1,inactive,,,,"Con el presupuesto de la campaña",0,0,0,0,0,0,,"En curso","7 días tras clic, 1 día tras visualización o 1 día tras visualización activa",0,ABSOLUTE_OCPM,2026-08-22T19:14:35-0300,-,-,-,"A+ - Publicos Personalizados  - Sale",,,,,,0,,,00:00:00,,,,,,,0,0,,,,,,
2026-08-02,2026-08-02,"Ad3 - Angulo Producto Fit",active,,,,"Con el presupuesto de la campaña",0,0,0,0,0,0,,"En curso","7 días tras clic o 1 día tras visualización",0,ABSOLUTE_OCPM,2026-08-22T06:31:57-0300,-,-,-,"A+ - Prospecting - Angulos Nuevos (Anticipo-Viaje-Producto)",,,,,,0,,,00:00:00,,,,,,,0,0,,,,,,
2026-08-02,2026-08-02,"Ad6 - Secuencia - Nueva coleccion 202666 - Copia 3",inactive,,,,"Con el presupuesto de la campaña",0,0,0,0,0,0,,"En curso","7 días tras clic, 1 día tras visualización o 1 día tras visualización activa",0,ABSOLUTE_OCPM,2026-08-22T19:14:35-0300,-,-,-,"A+ - Publicos Personalizados  - Sale",,,,,,0,,,00:00:00,,,,,,,0,0,,,,,,
2026-08-02,2026-08-02,"Ad6 - Secuencia - Nueva coleccion 202666 - Copia 6",active,,,,"Con el presupuesto de la campaña",0,206.74,41,39,1.051282,5042.439024,,"En curso","7 días tras clic, 1 día tras visualización o 1 día tras visualización activa",0,ABSOLUTE_OCPM,2026-08-24T22:24:38-0300,-,-,-,"A+ - SA - Nueva coleccion 2026",,,,,,0,,,00:00:00,,,,,,,0,0,,,,,,
2026-08-02,2026-08-02,"Ad2 - Angulo Viaje",active,,,,"Con el presupuesto de la campaña",0,0,0,0,0,0,,"En curso","7 días tras clic o 1 día tras visualización",0,ABSOLUTE_OCPM,2026-08-22T06:31:57-0300,-,-,-,"A+ - Prospecting - Angulos Nuevos (Anticipo-Viaje-Producto)",,,,,,0,,,00:00:00,,,,,,,0,0,,,,,,
2026-08-02,2026-08-02,"Secuencia imagenes 1 - Minimal SS25 - Copia 2",inactive,,,,"Con el presupuesto de la campaña",0,0,0,0,0,0,,"En curso","7 días tras clic, 1 día tras visualización o 1 día tras visualización activa",0,ABSOLUTE_OCPM,2026-08-22T19:14:35-0300,-,-,-,"A+ - Publicos Personalizados  - Sale",,,,,,0,,,00:00:00,,,,,,,0,0,,,,,,
2026-08-02,2026-08-02,"Ad6 - Secuencia - Nueva coleccion 202666 - Copia 9",active,,,,"Con el presupuesto de la campaña",0,386.84,51,40,1.275,7585.098039,,"En curso","7 días tras clic, 1 día tras visualización o 1 día tras visualización activa",0,ABSOLUTE_OCPM,2026-08-24T22:24:38-0300,-,-,-,"A+ - SA - Nueva coleccion 2026",,,,,,5,2,,00:00:00,,,,,,3.921569,5,3.921569,193.42,,,,,
2026-08-02,2026-08-02,"Ad1 - Angulo Anticipo Temporada",active,,,,"Con el presupuesto de la campaña",0,0,0,0,0,0,,"En curso","7 días tras clic o 1 día tras visualización",0,ABSOLUTE_OCPM,2026-08-22T06:31:57-0300,-,-,-,"A+ - Prospecting - Angulos Nuevos (Anticipo-Viaje-Producto)",,,,,,0,,,00:00:00,,,,,,,0,0,,,,,,
2026-08-02,2026-08-02,"Ad6 - Secuencia - Nueva coleccion 2026 - Copia 3",inactive,,,,"Con el presupuesto de la campaña",0,0,0,0,0,0,,"En curso","7 días tras clic, 1 día tras visualización o 1 día tras visualización activa",0,ABSOLUTE_OCPM,2026-08-22T19:14:35-0300,-,-,-,"A+ - Publicos Personalizados  - Sale",,,,,,0,,,00:00:00,,,,,,,0,0,,,,,,
2026-08-02,2026-08-02,"Ad6 - Secuencia - Nueva coleccion 202666 - Copia 10",active,,,,"Con el presupuesto de la campaña",0,322.18,42,38,1.105263,7670.952381,,"En curso","7 días tras clic, 1 día tras visualización o 1 día tras visualización activa",0,ABSOLUTE_OCPM,2026-08-24T22:24:38-0300,-,-,-,"A+ - SA - Nueva coleccion 2026",,,,,,0,,,1,6,3,1,,,,0,0,,,,,,
2026-08-02,2026-08-02,"Ad6 - Secuencia - Nueva coleccion 202666 - Copia 12",active,1,actions:offsite_conversion.fb_pixel_purchase,5683.41,"Con el presupuesto de la campaña",0,5683.41,751,544,1.380515,7567.789614,1,"En curso","7 días tras clic, 1 día tras visualización o 1 día tras visualización activa",0,ABSOLUTE_OCPM,2026-08-24T22:24:38-0300,-,-,-,"A+ - SA - Nueva coleccion 2026",23.533528,133750.69,133750.69,23.53352829,action_values:offsite_conversion.fb_pixel_purchase,2.941176,19,9,7,10,9,8,5,5,2.52996,4.044118,3.595206,299.126842,15,13,1,,
2026-08-02,2026-08-02,"Ad5 - Video - Sale - Copia 2",inactive,,,,"Con el presupuesto de la campaña",0,0,0,0,0,0,,"En curso","7 días tras clic, 1 día tras visualización o 1 día tras visualización activa",0,ABSOLUTE_OCPM,2026-08-22T19:14:35-0300,-,-,-,"A+ - Publicos Personalizados  - Sale",,,,,,0,,,00:00:00,,,,,,,0,0,,,,,,
2026-08-02,2026-08-02,"Ad6 - Secuencia - Nueva coleccion 202666 - Copia 7",inactive,,,,"Con el presupuesto de la campaña",0,0,0,0,0,0,,"En curso","7 días tras clic, 1 día tras visualización o 1 día tras visualización activa",0,ABSOLUTE_OCPM,2026-08-24T22:24:38-0300,-,-,-,"A+ - SA - Nueva coleccion 2026",,,,,,0,,,00:00:00,,,,,,,0,0,,,,,,
2026-08-02,2026-08-02,"Ad6 - Secuencia - Nueva coleccion 202666 - Copia 5",not_delivering,,,,"Con el presupuesto de la campaña",0,0,0,0,0,0,,"En curso","7 días tras clic, 1 día tras visualización o 1 día tras visualización activa",0,ABSOLUTE_OCPM,2026-08-22T19:14:35-0300,-,-,-,"A+ - Publicos Personalizados  - Sale",,,,,,0,,,00:00:00,,,,,,,0,0,,,,,,
2026-08-02,2026-08-02,"Ad6 - Secuencia - Nueva coleccion 2026 - Copia 3",inactive,,,,"Con el presupuesto de la campaña",0,0,0,0,0,0,,"En curso","7 días tras clic, 1 día tras visualización o 1 día tras visualización activa",0,ABSOLUTE_OCPM,2026-08-22T19:14:35-0300,-,-,-,"A+ - Publicos Personalizados  - Sale",,,,,,0,,,00:00:00,,,,,,,0,0,,,,,,
2026-08-02,2026-08-02,"Ad6 - Secuencia - Nueva coleccion 202666 - Copia 9",active,,,,"Con el presupuesto de la campaña",0,417.46,51,50,1.02,8185.490196,,"En curso","7 días tras clic, 1 día tras visualización o 1 día tras visualización activa",0,ABSOLUTE_OCPM,2026-08-24T22:24:38-0300,-,-,-,"A+ - SA - Nueva coleccion 2026",,,,,,2,1,,00:00:00,,,,,,1.960784,2,1.960784,417.46,1,,,,
2026-08-02,2026-08-02,"Ad6 - Secuencia - Nueva coleccion 202666 - Copia 11",active,,,,"Con el presupuesto de la campaña",0,47131.33,7530,5084,1.481117,6259.14077,,"En curso","7 días tras clic, 1 día tras visualización o 1 día tras visualización activa",0,ABSOLUTE_OCPM,2026-08-24T22:24:38-0300,-,-,-,"A+ - SA - Nueva coleccion 2026",,,,,,4.248623,257,7,3,13,9,6,4,4,3.413015,5.409127,4.913679,183.390389,236,21,1,,
2026-08-02,2026-08-02,"Ad5 - Video - Sale - Copia 3",inactive,,,,"Con el presupuesto de la campaña",0,0,0,0,0,0,,"En curso","7 días tras clic, 1 día tras visualización o 1 día tras visualización activa",0,ABSOLUTE_OCPM,2026-08-22T19:14:35-0300,-,-,-,"A+ - Publicos Personalizados  - Sale",,,,,,0,,,00:00:00,,,,,,,0,0,,,,,,
2026-08-02,2026-08-02,"Ad6 - Secuencia - Nueva coleccion 202666 - Copia 6",active,,,,"Con el presupuesto de la campaña",0,677.26,113,101,1.118812,5993.451327,,"En curso","7 días tras clic, 1 día tras visualización o 1 día tras visualización activa",0,ABSOLUTE_OCPM,2026-08-24T22:24:38-0300,-,-,-,"A+ - SA - Nueva coleccion 2026",,,,,,3.960396,4,,00:00:00,,,,,,3.539823,4.950495,4.424779,169.315,3,,,,
2026-08-02,2026-08-02,"Ad6 - Secuencia - Nueva coleccion 202666 - Copia 4",inactive,,,,"Con el presupuesto de la campaña",0,0,0,0,0,0,,"En curso","7 días tras clic, 1 día tras visualización o 1 día tras visualización activa",0,ABSOLUTE_OCPM,2026-08-22T19:14:35-0300,-,-,-,"A+ - Publicos Personalizados  - Sale",,,,,,0,,,00:00:00,,,,,,,0,0,,,,,,
2026-08-02,2026-08-02,"Ad6 - Video - Sale - Copia",inactive,,,,"Con el presupuesto de la campaña",0,0,0,0,0,0,,"En curso","7 días tras clic, 1 día tras visualización o 1 día tras visualización activa",0,ABSOLUTE_OCPM,2026-08-22T19:14:35-0300,-,-,-,"A+ - Publicos Personalizados  - Sale",,,,,,0,,,00:00:00,,,,,,,0,0,,,,,,
2026-08-02,2026-08-02,"Ad6 - Secuencia - Nueva coleccion 202666 - Copia 3",inactive,,,,"Con el presupuesto de la campaña",0,284.39,31,29,1.068966,9173.870968,,"En curso","7 días tras clic, 1 día tras visualización o 1 día tras visualización activa",0,ABSOLUTE_OCPM,2026-08-22T19:14:35-0300,-,-,-,"A+ - Publicos Personalizados  - Sale",,,,,,3.448276,1,,00:00:00,,,,,,3.225806,6.896552,6.451613,284.39,,,,,
2026-08-02,2026-08-02,"Ad6 - Secuencia - Nueva coleccion 202666 - Copia 4",inactive,,,,"Con el presupuesto de la campaña",0,0,0,0,0,0,,"En curso","7 días tras clic, 1 día tras visualización o 1 día tras visualización activa",0,ABSOLUTE_OCPM,2026-08-22T19:14:35-0300,-,-,-,"A+ - Publicos Personalizados  - Sale",,,,,,0,,,00:00:00,,,,,,,0,0,,,,,,
2026-08-02,2026-08-02,"Ad7 - Video - Sale",inactive,,,,"Con el presupuesto de la campaña",0,0,0,0,0,0,,"En curso","7 días tras clic, 1 día tras visualización o 1 día tras visualización activa",0,ABSOLUTE_OCPM,2026-08-22T19:14:35-0300,-,-,-,"A+ - Publicos Personalizados  - Sale",,,,,,0,,,00:00:00,,,,,,,0,0,,,,,,
2026-08-02,2026-08-02,"Ad6 - Secuencia - Nueva coleccion 202666 - Copia 8",active,,,,"Con el presupuesto de la campaña",0,0,0,0,0,0,,"En curso","7 días tras clic, 1 día tras visualización o 1 día tras visualización activa",0,ABSOLUTE_OCPM,2026-08-24T22:24:38-0300,-,-,-,"A+ - SA - Nueva coleccion 2026",,,,,,0,,,00:00:00,,,,,,,0,0,,,,,,
2026-08-02,2026-08-02,"Ad6 - Secuencia - Nueva coleccion 202666 - Copia 7",inactive,,,,"Con el presupuesto de la campaña",0,0,0,0,0,0,,"En curso","7 días tras clic, 1 día tras visualización o 1 día tras visualización activa",0,ABSOLUTE_OCPM,2026-08-22T19:14:35-0300,-,-,-,"A+ - Publicos Personalizados  - Sale",,,,,,0,,,00:00:00,,,,,,,0,0,,,,,,
2026-08-02,2026-08-02,"Ad6 - Video - Sale",inactive,,,,"Con el presupuesto de la campaña",0,0,0,0,0,0,,"En curso","7 días tras clic, 1 día tras visualización o 1 día tras visualización activa",0,ABSOLUTE_OCPM,2026-08-22T19:14:35-0300,-,-,-,"A+ - Publicos Personalizados  - Sale",,,,,,0,,,00:00:00,,,,,,,0,0,,,,,,
2026-08-02,2026-08-02,"Ad6 - Secuencia - Nueva coleccion 202666 - Copia 6",inactive,,,,"Con el presupuesto de la campaña",0,0,0,0,0,0,,"En curso","7 días tras clic, 1 día tras visualización o 1 día tras visualización activa",0,ABSOLUTE_OCPM,2026-08-24T22:24:38-0300,-,-,-,"A+ - SA - Nueva coleccion 2026",,,,,,0,,,00:00:00,,,,,,,0,0,,,,,,
2026-08-02,2026-08-02,"Ad6 - Secuencia - Nueva coleccion 202666 - Copia 7",inactive,,,,"Con el presupuesto de la campaña",0,0,0,0,0,0,,"En curso","7 días tras clic, 1 día tras visualización o 1 día tras visualización activa",0,ABSOLUTE_OCPM,2026-08-24T22:24:38-0300,-,-,-,"A+ - SA - Nueva coleccion 2026",,,,,,0,,,00:00:00,,,,,,,0,0,,,,,,
2026-08-02,2026-08-02,"Ad5 - Video - Sale",inactive,,,,"Con el presupuesto de la campaña",0,0,0,0,0,0,,"En curso","7 días tras clic, 1 día tras visualización o 1 día tras visualización activa",0,ABSOLUTE_OCPM,2026-08-22T19:14:35-0300,-,-,-,"A+ - Publicos Personalizados  - Sale",,,,,,0,,,00:00:00,,,,,,,0,0,,,,,,
2026-08-02,2026-08-02,"Ad6 - Secuencia - Nueva coleccion 202666 - Copia 5",not_delivering,,,,"Con el presupuesto de la campaña",0,10534.05,1144,909,1.258526,9208.085664,,"En curso","7 días tras clic, 1 día tras visualización o 1 día tras visualización activa",0,ABSOLUTE_OCPM,2026-08-24T22:24:38-0300,-,-,-,"A+ - SA - Nueva coleccion 2026",,,,,,3.520352,43,,00:00:00,,,,,,3.758741,4.180418,5.332168,244.977907,43,3,1,,
2026-08-02,2026-08-02,"Ad6 - Secuencia - Nueva coleccion 202666 - Copia 2",inactive,,,,"Con el presupuesto de la campaña",0,0,0,0,0,0,,"En curso","7 días tras clic, 1 día tras visualización o 1 día tras visualización activa",0,ABSOLUTE_OCPM,2026-08-22T19:14:35-0300,-,-,-,"A+ - Publicos Personalizados  - Sale",,,,,,0,,,00:00:00,,,,,,,0,0,,,,,,
2026-08-02,2026-08-02,"Ad2 - Video - Sale",inactive,,,,"Con el presupuesto de la campaña",0,0,0,0,0,0,,"En curso","7 días tras clic, 1 día tras visualización o 1 día tras visualización activa",0,ABSOLUTE_OCPM,2026-08-22T19:14:35-0300,-,-,-,"A+ - Publicos Personalizados  - Sale",,,,,,0,,,00:00:00,,,,,,,0,0,,,,,,
2026-08-02,2026-08-02,"Ad6 - Secuencia - Nueva coleccion 202666 - Copia 2",inactive,,,,"Con el presupuesto de la campaña",0,0,0,0,0,0,,"En curso","7 días tras clic, 1 día tras visualización o 1 día tras visualización activa",0,ABSOLUTE_OCPM,2026-08-22T19:14:35-0300,-,-,-,"A+ - Publicos Personalizados  - Sale",,,,,,0,,,00:00:00,,,,,,,0,0,,,,,,
2026-08-02,2026-08-02,"Ad6 - Secuencia - Nueva coleccion 202666 - Copia 2",inactive,,,,"Con el presupuesto de la campaña",0,0,0,0,0,0,,"En curso","7 días tras clic, 1 día tras visualización o 1 día tras visualización activa",0,ABSOLUTE_OCPM,2026-08-24T22:24:38-0300,-,-,-,"A+ - SA - Nueva coleccion 2026",,,,,,0,,,00:00:00,,,,,,,0,0,,,,,,
2026-08-02,2026-08-02,"Ad6 - Secuencia - Nueva coleccion 202666 - Copia 4",inactive,,,,"Con el presupuesto de la campaña",0,0,0,0,0,0,,"En curso","7 días tras clic, 1 día tras visualización o 1 día tras visualización activa",0,ABSOLUTE_OCPM,2026-08-24T22:24:38-0300,-,-,-,"A+ - SA - Nueva coleccion 2026",,,,,,0,,,00:00:00,,,,,,,0,0,,,,,,
2026-08-02,2026-08-02,"Ad6 - Secuencia - Nueva coleccion 2026 - Copia 3",active,,,,"Con el presupuesto de la campaña",0,0,0,0,0,0,,"En curso","7 días tras clic, 1 día tras visualización o 1 día tras visualización activa",0,ABSOLUTE_OCPM,2026-08-24T22:24:38-0300,-,-,-,"A+ - SA - Nueva coleccion 2026",,,,,,0,,,00:00:00,,,,,,,0,0,,,,,,
2026-08-02,2026-08-02,"Ad6 - Secuencia - Nueva coleccion 202666 - Copia 4",not_delivering,,,,"Con el presupuesto de la campaña",0,0,0,0,0,0,,"En curso","7 días tras clic, 1 día tras visualización o 1 día tras visualización activa",0,ABSOLUTE_OCPM,2026-08-24T22:24:38-0300,-,-,-,"A+ - SA - Nueva coleccion 2026",,,,,,0,,,00:00:00,,,,,,,0,0,,,,,,
2026-08-02,2026-08-02,"Ad6 - Secuencia - Nueva coleccion 202666 - Copia 4",inactive,,,,"Con el presupuesto de la campaña",0,0,0,0,0,0,,"En curso","7 días tras clic, 1 día tras visualización o 1 día tras visualización activa",0,ABSOLUTE_OCPM,2026-08-22T19:14:35-0300,-,-,-,"A+ - Publicos Personalizados  - Sale",,,,,,0,,,00:00:00,,,,,,,0,0,,,,,,
2026-08-02,2026-08-02,"Ad6 - Secuencia - Nueva coleccion 202666 - Copia 3",inactive,,,,"Con el presupuesto de la campaña",0,0,0,0,0,0,,"En curso","7 días tras clic, 1 día tras visualización o 1 día tras visualización activa",0,ABSOLUTE_OCPM,2026-08-22T19:14:35-0300,-,-,-,"A+ - Publicos Personalizados  - Sale",,,,,,0,,,00:00:00,,,,,,,0,0,,,,,,
2026-08-02,2026-08-02,"Ad6 - Secuencia - Nueva coleccion 202666 - Copia 6",inactive,,,,"Con el presupuesto de la campaña",0,185.53,14,13,1.076923,13252.142857,,"En curso","7 días tras clic, 1 día tras visualización o 1 día tras visualización activa",0,ABSOLUTE_OCPM,2026-08-22T19:14:35-0300,-,-,-,"A+ - Publicos Personalizados  - Sale",,,,,,0,,,00:00:00,,,,,,,0,0,,,,,,
2026-08-02,2026-08-02,"Ad6 - Secuencia - Nueva coleccion 202666 - Copia 3",inactive,,,,"Con el presupuesto de la campaña",0,0,0,0,0,0,,"En curso","7 días tras clic, 1 día tras visualización o 1 día tras visualización activa",0,ABSOLUTE_OCPM,2026-08-24T22:24:38-0300,-,-,-,"A+ - SA - Nueva coleccion 2026",,,,,,0,,,00:00:00,,,,,,,0,0,,,,,,
2026-08-02,2026-08-02,"Ad6 - Secuencia - Nueva coleccion 202666 - Copia 4",inactive,,,,"Con el presupuesto de la campaña",0,0,0,0,0,0,,"En curso","7 días tras clic, 1 día tras visualización o 1 día tras visualización activa",0,ABSOLUTE_OCPM,2026-08-22T19:14:35-0300,-,-,-,"A+ - Publicos Personalizados  - Sale",,,,,,0,,,00:00:00,,,,,,,0,0,,,,,,
2026-08-02,2026-08-02,"Ad6 - Secuencia - Nueva coleccion 202666 - Copia 2",inactive,,,,"Con el presupuesto de la campaña",0,0,0,0,0,0,,"En curso","7 días tras clic, 1 día tras visualización o 1 día tras visualización activa",0,ABSOLUTE_OCPM,2026-08-24T22:24:38-0300,-,-,-,"A+ - SA - Nueva coleccion 2026",,,,,,0,,,00:00:00,,,,,,,0,0,,,,,,
2026-08-02,2026-08-02,"Ad6 - Secuencia - Nueva coleccion 202666 - Copia 3",not_delivering,,,,"Con el presupuesto de la campaña",0,0,0,0,0,0,,"En curso","7 días tras clic, 1 día tras visualización o 1 día tras visualización activa",0,ABSOLUTE_OCPM,2026-08-22T19:14:35-0300,-,-,-,"A+ - Publicos Personalizados  - Sale",,,,,,0,,,00:00:00,,,,,,,0,0,,,,,,
2026-08-02,2026-08-02,"Ad6 - Secuencia - Nueva coleccion 2026 - Copia 4",active,,,,"Con el presupuesto de la campaña",0,0,0,0,0,0,,"En curso","7 días tras clic, 1 día tras visualización o 1 día tras visualización activa",0,ABSOLUTE_OCPM,2026-08-24T22:24:38-0300,-,-,-,"A+ - SA - Nueva coleccion 2026",,,,,,0,,,00:00:00,,,,,,,0,0,,,,,,
2026-08-02,2026-08-02,"Ad6 - Secuencia - Nueva coleccion 202666 - Copia 2",inactive,,,,"Con el presupuesto de la campaña",0,0,0,0,0,0,,"En curso","7 días tras clic, 1 día tras visualización o 1 día tras visualización activa",0,ABSOLUTE_OCPM,2026-08-22T19:14:35-0300,-,-,-,"A+ - Publicos Personalizados  - Sale",,,,,,0,,,00:00:00,,,,,,,0,0,,,,,,
2026-08-02,2026-08-02,"Ad6 - Secuencia - Nueva coleccion 202666 - Copia",inactive,,,,"Con el presupuesto de la campaña",0,0,0,0,0,0,,"En curso","7 días tras clic, 1 día tras visualización o 1 día tras visualización activa",0,ABSOLUTE_OCPM,2026-08-24T22:24:38-0300,-,-,-,"A+ - SA - Nueva coleccion 2026",,,,,,0,,,00:00:00,,,,,,,0,0,,,,,,
2026-08-02,2026-08-02,"Ad5 - Video - Sale - Copia 3",inactive,,,,"Con el presupuesto de la campaña",0,0,0,0,0,0,,"En curso","7 días tras clic, 1 día tras visualización o 1 día tras visualización activa",0,ABSOLUTE_OCPM,2026-08-22T19:14:35-0300,-,-,-,"A+ - Publicos Personalizados  - Sale",,,,,,0,,,00:00:00,,,,,,,0,0,,,,,,
2026-08-02,2026-08-02,"Ad6 - Secuencia - Nueva coleccion 202666 - Copia 5",not_delivering,,,,"Con el presupuesto de la campaña",0,100.26,31,27,1.148148,3234.193548,,"En curso","7 días tras clic, 1 día tras visualización o 1 día tras visualización activa",0,ABSOLUTE_OCPM,2026-08-22T19:14:35-0300,-,-,-,"A+ - Publicos Personalizados  - Sale",,,,,,3.703704,1,,00:00:00,,,,,,3.225806,3.703704,3.225806,100.26,1,,,,
2026-08-02,2026-08-02,"Ad5 - Video - Sale - Copia 2",inactive,,,,"Con el presupuesto de la campaña",0,0,0,0,0,0,,"En curso","7 días tras clic, 1 día tras visualización o 1 día tras visualización activa",0,ABSOLUTE_OCPM,2026-08-22T19:14:35-0300,-,-,-,"A+ - Publicos Personalizados  - Sale",,,,,,0,,,00:00:00,,,,,,,0,0,,,,,,
2026-08-02,2026-08-02,"Ad6 - Secuencia - Nueva coleccion 202666 - Copia 2",inactive,,,,"Con el presupuesto de la campaña",0,0,0,0,0,0,,"En curso","7 días tras clic, 1 día tras visualización o 1 día tras visualización activa",0,ABSOLUTE_OCPM,2026-08-22T19:14:35-0300,-,-,-,"A+ - Publicos Personalizados  - Sale",,,,,,0,,,00:00:00,,,,,,,0,0,,,,,,
2026-08-02,2026-08-02,"Ad6 - Secuencia - Nueva coleccion 2026 - Copia",inactive,,,,"Con el presupuesto de la campaña",0,0,0,0,0,0,,"En curso","7 días tras clic, 1 día tras visualización o 1 día tras visualización activa",0,ABSOLUTE_OCPM,2026-08-24T22:24:38-0300,-,-,-,"A+ - SA - Nueva coleccion 2026",,,,,,0,,,00:00:00,,,,,,,0,0,,,,,,
2026-08-02,2026-08-02,"Ad6 - Secuencia - Nueva coleccion 202666 - Copia",inactive,,,,"Con el presupuesto de la campaña",0,0,0,0,0,0,,"En curso","7 días tras clic, 1 día tras visualización o 1 día tras visualización activa",0,ABSOLUTE_OCPM,2026-08-22T19:14:35-0300,-,-,-,"A+ - Publicos Personalizados  - Sale",,,,,,0,,,00:00:00,,,,,,,0,0,,,,,,
2026-08-02,2026-08-02,"Ad4 - Imagen - Sale",inactive,,,,"Con el presupuesto de la campaña",0,0,0,0,0,0,,"En curso","7 días tras clic, 1 día tras visualización o 1 día tras visualización activa",0,ABSOLUTE_OCPM,2026-08-22T19:14:35-0300,-,-,-,"A+ - Publicos Personalizados  - Sale",,,,,,0,,,00:00:00,,,,,,,0,0,,,,,,
2026-08-02,2026-08-02,"Ad6 - Secuencia - Nueva coleccion 2026 - Copia",inactive,,,,"Con el presupuesto de la campaña",0,0,0,0,0,0,,"En curso","7 días tras clic, 1 día tras visualización o 1 día tras visualización activa",0,ABSOLUTE_OCPM,2026-08-24T22:24:38-0300,-,-,-,"A+ - SA - Nueva coleccion 2026",,,,,,0,,,00:00:00,,,,,,,0,0,,,,,,
2026-08-02,2026-08-02,"Ad3 - Video - Sale",inactive,,,,"Con el presupuesto de la campaña",0,0,0,0,0,0,,"En curso","7 días tras clic, 1 día tras visualización o 1 día tras visualización activa",0,ABSOLUTE_OCPM,2026-08-22T19:14:35-0300,-,-,-,"A+ - Publicos Personalizados  - Sale",,,,,,0,,,00:00:00,,,,,,,0,0,,,,,,
2026-08-02,2026-08-02,"Ad5 - Video - Sale - Copia",not_delivering,,,,"Con el presupuesto de la campaña",0,10196.28,1143,969,1.179567,8920.629921,,"En curso","7 días tras clic, 1 día tras visualización o 1 día tras visualización activa",0,ABSOLUTE_OCPM,2026-08-22T19:14:35-0300,Promedio,"Por encima del promedio",Promedio,"A+ - Publicos Personalizados  - Sale",,,,,,6.29515,66,491,8,164,105,78,38,168,5.774278,8.152735,8.311461,154.489091,59,10,1,,
2026-08-02,2026-08-02,"Ad1 - Video - Sale",inactive,,,,"Con el presupuesto de la campaña",0,0,0,0,0,0,,"En curso","7 días tras clic, 1 día tras visualización o 1 día tras visualización activa",0,ABSOLUTE_OCPM,2026-08-22T19:14:35-0300,-,-,-,"A+ - Publicos Personalizados  - Sale",,,,,,0,,,00:00:00,,,,,,,0,0,,,,,,
2026-08-01,2026-08-01,"Ad6 - Secuencia - Nueva coleccion 202666 - Copia 2",inactive,,,,"Con el presupuesto de la campaña",0,0,0,0,0,0,,"En curso","7 días tras clic, 1 día tras visualización o 1 día tras visualización activa",0,ABSOLUTE_OCPM,2026-08-22T19:14:35-0300,-,-,-,"A+ - Publicos Personalizados  - Sale",,,,,,0,,,00:00:00,,,,,,,0,0,,,,,,
2026-08-01,2026-08-01,"Ad6 - Secuencia - Nueva coleccion 202666 - Copia 7",active,,,,"Con el presupuesto de la campaña",0,0,0,0,0,0,,"En curso","7 días tras clic, 1 día tras visualización o 1 día tras visualización activa",0,ABSOLUTE_OCPM,2026-08-24T22:24:38-0300,-,-,-,"A+ - SA - Nueva coleccion 2026",,,,,,0,,,00:00:00,,,,,,,0,0,,,,,,
2026-08-01,2026-08-01,"Ad6 - Secuencia - Nueva coleccion 2026 - Copia 2",inactive,,,,"Con el presupuesto de la campaña",0,0,0,0,0,0,,"En curso","7 días tras clic, 1 día tras visualización o 1 día tras visualización activa",0,ABSOLUTE_OCPM,2026-08-24T22:24:38-0300,-,-,-,"A+ - SA - Nueva coleccion 2026",,,,,,0,,,00:00:00,,,,,,,0,0,,,,,,
2026-08-01,2026-08-01,"Ad6 - Secuencia - Nueva coleccion 202666 - Copia 6",inactive,,,,"Con el presupuesto de la campaña",0,0,0,0,0,0,,"En curso","7 días tras clic, 1 día tras visualización o 1 día tras visualización activa",0,ABSOLUTE_OCPM,2026-08-22T19:14:35-0300,-,-,-,"A+ - Publicos Personalizados  - Sale",,,,,,0,,,00:00:00,,,,,,,0,0,,,,,,
2026-08-01,2026-08-01,1,inactive,,,,"Con el presupuesto de la campaña",0,0,0,0,0,0,,"En curso","7 días tras clic, 1 día tras visualización o 1 día tras visualización activa",0,ABSOLUTE_OCPM,2026-08-22T19:14:35-0300,-,-,-,"A+ - Publicos Personalizados  - Sale",,,,,,0,,,00:00:00,,,,,,,0,0,,,,,,
2026-08-01,2026-08-01,"Ad3 - Angulo Producto Fit",active,,,,"Con el presupuesto de la campaña",0,0,0,0,0,0,,"En curso","7 días tras clic o 1 día tras visualización",0,ABSOLUTE_OCPM,2026-08-22T06:31:57-0300,-,-,-,"A+ - Prospecting - Angulos Nuevos (Anticipo-Viaje-Producto)",,,,,,0,,,00:00:00,,,,,,,0,0,,,,,,
2026-08-01,2026-08-01,"Ad6 - Secuencia - Nueva coleccion 202666 - Copia 3",inactive,,,,"Con el presupuesto de la campaña",0,0,0,0,0,0,,"En curso","7 días tras clic, 1 día tras visualización o 1 día tras visualización activa",0,ABSOLUTE_OCPM,2026-08-22T19:14:35-0300,-,-,-,"A+ - Publicos Personalizados  - Sale",,,,,,0,,,00:00:00,,,,,,,0,0,,,,,,
2026-08-01,2026-08-01,"Ad6 - Secuencia - Nueva coleccion 202666 - Copia 6",active,,,,"Con el presupuesto de la campaña",0,2869.9,373,336,1.110119,7694.101877,,"En curso","7 días tras clic, 1 día tras visualización o 1 día tras visualización activa",0,ABSOLUTE_OCPM,2026-08-24T22:24:38-0300,-,-,-,"A+ - SA - Nueva coleccion 2026",,,,,,3.27381,12,,00:00:00,,,,,,3.217158,3.571429,4.021448,239.158333,12,1,,,
2026-08-01,2026-08-01,"Ad2 - Angulo Viaje",active,,,,"Con el presupuesto de la campaña",0,0,0,0,0,0,,"En curso","7 días tras clic o 1 día tras visualización",0,ABSOLUTE_OCPM,2026-08-22T06:31:57-0300,-,-,-,"A+ - Prospecting - Angulos Nuevos (Anticipo-Viaje-Producto)",,,,,,0,,,00:00:00,,,,,,,0,0,,,,,,
2026-08-01,2026-08-01,"Secuencia imagenes 1 - Minimal SS25 - Copia 2",inactive,,,,"Con el presupuesto de la campaña",0,0,0,0,0,0,,"En curso","7 días tras clic, 1 día tras visualización o 1 día tras visualización activa",0,ABSOLUTE_OCPM,2026-08-22T19:14:35-0300,-,-,-,"A+ - Publicos Personalizados  - Sale",,,,,,0,,,00:00:00,,,,,,,0,0,,,,,,
2026-08-01,2026-08-01,"Ad6 - Secuencia - Nueva coleccion 202666 - Copia 9",active,,,,"Con el presupuesto de la campaña",0,5241.15,690,551,1.252269,7595.869565,,"En curso","7 días tras clic, 1 día tras visualización o 1 día tras visualización activa",0,ABSOLUTE_OCPM,2026-08-24T22:24:38-0300,-,-,-,"A+ - SA - Nueva coleccion 2026",,,,,,3.448276,22,,00:00:00,,,,,,3.188406,3.629764,3.478261,238.234091,14,2,,,
2026-08-01,2026-08-01,"Ad1 - Angulo Anticipo Temporada",active,,,,"Con el presupuesto de la campaña",0,0,0,0,0,0,,"En curso","7 días tras clic o 1 día tras visualización",0,ABSOLUTE_OCPM,2026-08-22T06:31:57-0300,-,-,-,"A+ - Prospecting - Angulos Nuevos (Anticipo-Viaje-Producto)",,,,,,0,,,00:00:00,,,,,,,0,0,,,,,,
2026-08-01,2026-08-01,"Ad6 - Secuencia - Nueva coleccion 2026 - Copia 3",inactive,,,,"Con el presupuesto de la campaña",0,0,0,0,0,0,,"En curso","7 días tras clic, 1 día tras visualización o 1 día tras visualización activa",0,ABSOLUTE_OCPM,2026-08-22T19:14:35-0300,-,-,-,"A+ - Publicos Personalizados  - Sale",,,,,,0,,,00:00:00,,,,,,,0,0,,,,,,
2026-08-01,2026-08-01,"Ad6 - Secuencia - Nueva coleccion 202666 - Copia 10",active,,,,"Con el presupuesto de la campaña",0,0,0,0,0,0,,"En curso","7 días tras clic, 1 día tras visualización o 1 día tras visualización activa",0,ABSOLUTE_OCPM,2026-08-24T22:24:38-0300,-,-,-,"A+ - SA - Nueva coleccion 2026",,,,,,0,,,00:00:00,,,,,,,0,0,,,,,,
2026-08-01,2026-08-01,"Ad6 - Secuencia - Nueva coleccion 202666 - Copia 12",active,,,,"Con el presupuesto de la campaña",0,9097.81,1068,741,1.441296,8518.548689,,"En curso","7 días tras clic, 1 día tras visualización o 1 día tras visualización activa",0,ABSOLUTE_OCPM,2026-08-24T22:24:38-0300,-,-,-,"A+ - SA - Nueva coleccion 2026",,,,,,3.238866,32,7,4,9,7,6,5,5,2.996255,4.318489,4.400749,284.306563,21,2,,,
2026-08-01,2026-08-01,"Ad5 - Video - Sale - Copia 2",inactive,,,,"Con el presupuesto de la campaña",0,0,0,0,0,0,,"En curso","7 días tras clic, 1 día tras visualización o 1 día tras visualización activa",0,ABSOLUTE_OCPM,2026-08-22T19:14:35-0300,-,-,-,"A+ - Publicos Personalizados  - Sale",,,,,,0,,,00:00:00,,,,,,,0,0,,,,,,
2026-08-01,2026-08-01,"Ad6 - Secuencia - Nueva coleccion 202666 - Copia 7",inactive,,,,"Con el presupuesto de la campaña",0,0,0,0,0,0,,"En curso","7 días tras clic, 1 día tras visualización o 1 día tras visualización activa",0,ABSOLUTE_OCPM,2026-08-24T22:24:38-0300,-,-,-,"A+ - SA - Nueva coleccion 2026",,,,,,0,,,00:00:00,,,,,,,0,0,,,,,,
2026-08-01,2026-08-01,"Ad6 - Secuencia - Nueva coleccion 202666 - Copia 5",not_delivering,,,,"Con el presupuesto de la campaña",0,115.46,3,3,1,38486.666667,,"En curso","7 días tras clic, 1 día tras visualización o 1 día tras visualización activa",0,ABSOLUTE_OCPM,2026-08-22T19:14:35-0300,-,-,-,"A+ - Publicos Personalizados  - Sale",,,,,,0,,,00:00:00,,,,,,,0,0,,,,,,
2026-08-01,2026-08-01,"Ad6 - Secuencia - Nueva coleccion 2026 - Copia 3",inactive,,,,"Con el presupuesto de la campaña",0,0,0,0,0,0,,"En curso","7 días tras clic, 1 día tras visualización o 1 día tras visualización activa",0,ABSOLUTE_OCPM,2026-08-22T19:14:35-0300,-,-,-,"A+ - Publicos Personalizados  - Sale",,,,,,0,,,00:00:00,,,,,,,0,0,,,,,,
2026-08-01,2026-08-01,"Ad6 - Secuencia - Nueva coleccion 202666 - Copia 9",active,,,,"Con el presupuesto de la campaña",0,1803.81,186,164,1.134146,9697.903226,,"En curso","7 días tras clic, 1 día tras visualización o 1 día tras visualización activa",0,ABSOLUTE_OCPM,2026-08-24T22:24:38-0300,-,-,-,"A+ - SA - Nueva coleccion 2026",,,,,,7.317073,12,,00:00:00,,,,,,6.451613,7.317073,7.526882,150.3175,8,3,,,
2026-08-01,2026-08-01,"Ad6 - Secuencia - Nueva coleccion 202666 - Copia 11",active,2,actions:offsite_conversion.fb_pixel_purchase,11475.325,"Con el presupuesto de la campaña",0,22950.65,3231,2381,1.356993,7103.265243,2,"En curso","7 días tras clic, 1 día tras visualización o 1 día tras visualización activa",0,ABSOLUTE_OCPM,2026-08-24T22:24:38-0300,-,-,-,"A+ - SA - Nueva coleccion 2026",14.903374,171021.055,342042.11,14.90337354,action_values:offsite_conversion.fb_pixel_purchase,4.157917,112,2,1,4,2,2,1,1,3.466419,4.787904,4.487775,204.916518,85,25,1,,
2026-08-01,2026-08-01,"Ad5 - Video - Sale - Copia 3",inactive,,,,"Con el presupuesto de la campaña",0,0,0,0,0,0,,"En curso","7 días tras clic, 1 día tras visualización o 1 día tras visualización activa",0,ABSOLUTE_OCPM,2026-08-22T19:14:35-0300,-,-,-,"A+ - Publicos Personalizados  - Sale",,,,,,0,,,00:00:00,,,,,,,0,0,,,,,,
2026-08-01,2026-08-01,"Ad6 - Secuencia - Nueva coleccion 202666 - Copia 6",active,,,,"Con el presupuesto de la campaña",0,118.91,6,6,1,19818.333333,,"En curso","7 días tras clic, 1 día tras visualización o 1 día tras visualización activa",0,ABSOLUTE_OCPM,2026-08-24T22:24:38-0300,-,-,-,"A+ - SA - Nueva coleccion 2026",,,,,,33.333333,2,,00:00:00,,,,,,33.333333,33.333333,33.333333,59.455,1,,,,
2026-08-01,2026-08-01,"Ad6 - Secuencia - Nueva coleccion 202666 - Copia 4",inactive,,,,"Con el presupuesto de la campaña",0,0,0,0,0,0,,"En curso","7 días tras clic, 1 día tras visualización o 1 día tras visualización activa",0,ABSOLUTE_OCPM,2026-08-22T19:14:35-0300,-,-,-,"A+ - Publicos Personalizados  - Sale",,,,,,0,,,00:00:00,,,,,,,0,0,,,,,,
2026-08-01,2026-08-01,"Ad6 - Video - Sale - Copia",inactive,,,,"Con el presupuesto de la campaña",0,0,0,0,0,0,,"En curso","7 días tras clic, 1 día tras visualización o 1 día tras visualización activa",0,ABSOLUTE_OCPM,2026-08-22T19:14:35-0300,-,-,-,"A+ - Publicos Personalizados  - Sale",,,,,,0,,,00:00:00,,,,,,,0,0,,,,,,
2026-08-01,2026-08-01,"Ad6 - Secuencia - Nueva coleccion 202666 - Copia 3",inactive,,,,"Con el presupuesto de la campaña",0,0.23,1,1,1,230,,"En curso","7 días tras clic, 1 día tras visualización o 1 día tras visualización activa",0,ABSOLUTE_OCPM,2026-08-22T19:14:35-0300,-,-,-,"A+ - Publicos Personalizados  - Sale",,,,,,0,,,00:00:00,,,,,,,0,0,,,,,,
2026-08-01,2026-08-01,"Ad6 - Secuencia - Nueva coleccion 202666 - Copia 4",inactive,,,,"Con el presupuesto de la campaña",0,0,0,0,0,0,,"En curso","7 días tras clic, 1 día tras visualización o 1 día tras visualización activa",0,ABSOLUTE_OCPM,2026-08-22T19:14:35-0300,-,-,-,"A+ - Publicos Personalizados  - Sale",,,,,,0,,,00:00:00,,,,,,,0,0,,,,,,
2026-08-01,2026-08-01,"Ad7 - Video - Sale",inactive,,,,"Con el presupuesto de la campaña",0,0,0,0,0,0,,"En curso","7 días tras clic, 1 día tras visualización o 1 día tras visualización activa",0,ABSOLUTE_OCPM,2026-08-22T19:14:35-0300,-,-,-,"A+ - Publicos Personalizados  - Sale",,,,,,0,,,00:00:00,,,,,,,0,0,,,,,,
2026-08-01,2026-08-01,"Ad6 - Secuencia - Nueva coleccion 202666 - Copia 8",active,,,,"Con el presupuesto de la campaña",0,0,0,0,0,0,,"En curso","7 días tras clic, 1 día tras visualización o 1 día tras visualización activa",0,ABSOLUTE_OCPM,2026-08-24T22:24:38-0300,-,-,-,"A+ - SA - Nueva coleccion 2026",,,,,,0,,,00:00:00,,,,,,,0,0,,,,,,
2026-08-01,2026-08-01,"Ad6 - Secuencia - Nueva coleccion 202666 - Copia 7",inactive,,,,"Con el presupuesto de la campaña",0,0,0,0,0,0,,"En curso","7 días tras clic, 1 día tras visualización o 1 día tras visualización activa",0,ABSOLUTE_OCPM,2026-08-22T19:14:35-0300,-,-,-,"A+ - Publicos Personalizados  - Sale",,,,,,0,,,00:00:00,,,,,,,0,0,,,,,,
2026-08-01,2026-08-01,"Ad6 - Video - Sale",inactive,,,,"Con el presupuesto de la campaña",0,0,0,0,0,0,,"En curso","7 días tras clic, 1 día tras visualización o 1 día tras visualización activa",0,ABSOLUTE_OCPM,2026-08-22T19:14:35-0300,-,-,-,"A+ - Publicos Personalizados  - Sale",,,,,,0,,,00:00:00,,,,,,,0,0,,,,,,
2026-08-01,2026-08-01,"Ad6 - Secuencia - Nueva coleccion 202666 - Copia 6",inactive,,,,"Con el presupuesto de la campaña",0,0,0,0,0,0,,"En curso","7 días tras clic, 1 día tras visualización o 1 día tras visualización activa",0,ABSOLUTE_OCPM,2026-08-24T22:24:38-0300,-,-,-,"A+ - SA - Nueva coleccion 2026",,,,,,0,,,00:00:00,,,,,,,0,0,,,,,,
2026-08-01,2026-08-01,"Ad6 - Secuencia - Nueva coleccion 202666 - Copia 7",inactive,,,,"Con el presupuesto de la campaña",0,0,0,0,0,0,,"En curso","7 días tras clic, 1 día tras visualización o 1 día tras visualización activa",0,ABSOLUTE_OCPM,2026-08-24T22:24:38-0300,-,-,-,"A+ - SA - Nueva coleccion 2026",,,,,,0,,,00:00:00,,,,,,,0,0,,,,,,
2026-08-01,2026-08-01,"Ad5 - Video - Sale",inactive,,,,"Con el presupuesto de la campaña",0,0,0,0,0,0,,"En curso","7 días tras clic, 1 día tras visualización o 1 día tras visualización activa",0,ABSOLUTE_OCPM,2026-08-22T19:14:35-0300,-,-,-,"A+ - Publicos Personalizados  - Sale",,,,,,0,,,00:00:00,,,,,,,0,0,,,,,,
2026-08-01,2026-08-01,"Ad6 - Secuencia - Nueva coleccion 202666 - Copia 5",not_delivering,,,,"Con el presupuesto de la campaña",0,855.92,116,104,1.115385,7378.62069,,"En curso","7 días tras clic, 1 día tras visualización o 1 día tras visualización activa",0,ABSOLUTE_OCPM,2026-08-24T22:24:38-0300,-,-,-,"A+ - SA - Nueva coleccion 2026",,,,,,1.923077,4,,00:00:00,,,,,,3.448276,2.884615,4.310345,213.98,3,,,,
2026-08-01,2026-08-01,"Ad6 - Secuencia - Nueva coleccion 202666 - Copia 2",inactive,,,,"Con el presupuesto de la campaña",0,0,0,0,0,0,,"En curso","7 días tras clic, 1 día tras visualización o 1 día tras visualización activa",0,ABSOLUTE_OCPM,2026-08-22T19:14:35-0300,-,-,-,"A+ - Publicos Personalizados  - Sale",,,,,,0,,,00:00:00,,,,,,,0,0,,,,,,
2026-08-01,2026-08-01,"Ad2 - Video - Sale",inactive,,,,"Con el presupuesto de la campaña",0,0,0,0,0,0,,"En curso","7 días tras clic, 1 día tras visualización o 1 día tras visualización activa",0,ABSOLUTE_OCPM,2026-08-22T19:14:35-0300,-,-,-,"A+ - Publicos Personalizados  - Sale",,,,,,0,,,00:00:00,,,,,,,0,0,,,,,,
2026-08-01,2026-08-01,"Ad6 - Secuencia - Nueva coleccion 202666 - Copia 2",inactive,,,,"Con el presupuesto de la campaña",0,0,0,0,0,0,,"En curso","7 días tras clic, 1 día tras visualización o 1 día tras visualización activa",0,ABSOLUTE_OCPM,2026-08-22T19:14:35-0300,-,-,-,"A+ - Publicos Personalizados  - Sale",,,,,,0,,,00:00:00,,,,,,,0,0,,,,,,
2026-08-01,2026-08-01,"Ad6 - Secuencia - Nueva coleccion 202666 - Copia 2",inactive,,,,"Con el presupuesto de la campaña",0,0,0,0,0,0,,"En curso","7 días tras clic, 1 día tras visualización o 1 día tras visualización activa",0,ABSOLUTE_OCPM,2026-08-24T22:24:38-0300,-,-,-,"A+ - SA - Nueva coleccion 2026",,,,,,0,,,00:00:00,,,,,,,0,0,,,,,,
2026-08-01,2026-08-01,"Ad6 - Secuencia - Nueva coleccion 202666 - Copia 4",inactive,,,,"Con el presupuesto de la campaña",0,0,0,0,0,0,,"En curso","7 días tras clic, 1 día tras visualización o 1 día tras visualización activa",0,ABSOLUTE_OCPM,2026-08-24T22:24:38-0300,-,-,-,"A+ - SA - Nueva coleccion 2026",,,,,,0,,,00:00:00,,,,,,,0,0,,,,,,
2026-08-01,2026-08-01,"Ad6 - Secuencia - Nueva coleccion 2026 - Copia 3",active,,,,"Con el presupuesto de la campaña",0,0,0,0,0,0,,"En curso","7 días tras clic, 1 día tras visualización o 1 día tras visualización activa",0,ABSOLUTE_OCPM,2026-08-24T22:24:38-0300,-,-,-,"A+ - SA - Nueva coleccion 2026",,,,,,0,,,00:00:00,,,,,,,0,0,,,,,,
2026-08-01,2026-08-01,"Ad6 - Secuencia - Nueva coleccion 202666 - Copia 4",not_delivering,,,,"Con el presupuesto de la campaña",0,0,0,0,0,0,,"En curso","7 días tras clic, 1 día tras visualización o 1 día tras visualización activa",0,ABSOLUTE_OCPM,2026-08-24T22:24:38-0300,-,-,-,"A+ - SA - Nueva coleccion 2026",,,,,,0,,,00:00:00,,,,,,,0,0,,,,,,
2026-08-01,2026-08-01,"Ad6 - Secuencia - Nueva coleccion 202666 - Copia 4",inactive,,,,"Con el presupuesto de la campaña",0,0,0,0,0,0,,"En curso","7 días tras clic, 1 día tras visualización o 1 día tras visualización activa",0,ABSOLUTE_OCPM,2026-08-22T19:14:35-0300,-,-,-,"A+ - Publicos Personalizados  - Sale",,,,,,0,,,00:00:00,,,,,,,0,0,,,,,,
2026-08-01,2026-08-01,"Ad6 - Secuencia - Nueva coleccion 202666 - Copia 3",inactive,,,,"Con el presupuesto de la campaña",0,0,0,0,0,0,,"En curso","7 días tras clic, 1 día tras visualización o 1 día tras visualización activa",0,ABSOLUTE_OCPM,2026-08-22T19:14:35-0300,-,-,-,"A+ - Publicos Personalizados  - Sale",,,,,,0,,,00:00:00,,,,,,,0,0,,,,,,
2026-08-01,2026-08-01,"Ad6 - Secuencia - Nueva coleccion 202666 - Copia 6",inactive,,,,"Con el presupuesto de la campaña",0,0,0,0,0,0,,"En curso","7 días tras clic, 1 día tras visualización o 1 día tras visualización activa",0,ABSOLUTE_OCPM,2026-08-22T19:14:35-0300,-,-,-,"A+ - Publicos Personalizados  - Sale",,,,,,0,,,00:00:00,,,,,,,0,0,,,,,,
2026-08-01,2026-08-01,"Ad6 - Secuencia - Nueva coleccion 202666 - Copia 3",inactive,,,,"Con el presupuesto de la campaña",0,0,0,0,0,0,,"En curso","7 días tras clic, 1 día tras visualización o 1 día tras visualización activa",0,ABSOLUTE_OCPM,2026-08-24T22:24:38-0300,-,-,-,"A+ - SA - Nueva coleccion 2026",,,,,,0,,,00:00:00,,,,,,,0,0,,,,,,
2026-08-01,2026-08-01,"Ad6 - Secuencia - Nueva coleccion 202666 - Copia 4",inactive,,,,"Con el presupuesto de la campaña",0,0,0,0,0,0,,"En curso","7 días tras clic, 1 día tras visualización o 1 día tras visualización activa",0,ABSOLUTE_OCPM,2026-08-22T19:14:35-0300,-,-,-,"A+ - Publicos Personalizados  - Sale",,,,,,0,,,00:00:00,,,,,,,0,0,,,,,,
2026-08-01,2026-08-01,"Ad6 - Secuencia - Nueva coleccion 202666 - Copia 2",inactive,,,,"Con el presupuesto de la campaña",0,0,0,0,0,0,,"En curso","7 días tras clic, 1 día tras visualización o 1 día tras visualización activa",0,ABSOLUTE_OCPM,2026-08-24T22:24:38-0300,-,-,-,"A+ - SA - Nueva coleccion 2026",,,,,,0,,,00:00:00,,,,,,,0,0,,,,,,
2026-08-01,2026-08-01,"Ad6 - Secuencia - Nueva coleccion 202666 - Copia 3",not_delivering,,,,"Con el presupuesto de la campaña",0,0,0,0,0,0,,"En curso","7 días tras clic, 1 día tras visualización o 1 día tras visualización activa",0,ABSOLUTE_OCPM,2026-08-22T19:14:35-0300,-,-,-,"A+ - Publicos Personalizados  - Sale",,,,,,0,,,00:00:00,,,,,,,0,0,,,,,,
2026-08-01,2026-08-01,"Ad6 - Secuencia - Nueva coleccion 2026 - Copia 4",active,,,,"Con el presupuesto de la campaña",0,0,0,0,0,0,,"En curso","7 días tras clic, 1 día tras visualización o 1 día tras visualización activa",0,ABSOLUTE_OCPM,2026-08-24T22:24:38-0300,-,-,-,"A+ - SA - Nueva coleccion 2026",,,,,,0,,,00:00:00,,,,,,,0,0,,,,,,
2026-08-01,2026-08-01,"Ad6 - Secuencia - Nueva coleccion 202666 - Copia 2",inactive,,,,"Con el presupuesto de la campaña",0,0,0,0,0,0,,"En curso","7 días tras clic, 1 día tras visualización o 1 día tras visualización activa",0,ABSOLUTE_OCPM,2026-08-22T19:14:35-0300,-,-,-,"A+ - Publicos Personalizados  - Sale",,,,,,0,,,00:00:00,,,,,,,0,0,,,,,,
2026-08-01,2026-08-01,"Ad6 - Secuencia - Nueva coleccion 202666 - Copia",inactive,,,,"Con el presupuesto de la campaña",0,0,0,0,0,0,,"En curso","7 días tras clic, 1 día tras visualización o 1 día tras visualización activa",0,ABSOLUTE_OCPM,2026-08-24T22:24:38-0300,-,-,-,"A+ - SA - Nueva coleccion 2026",,,,,,0,,,00:00:00,,,,,,,0,0,,4,,,,
2026-08-01,2026-08-01,"Ad5 - Video - Sale - Copia 3",inactive,,,,"Con el presupuesto de la campaña",0,0,0,0,0,0,,"En curso","7 días tras clic, 1 día tras visualización o 1 día tras visualización activa",0,ABSOLUTE_OCPM,2026-08-22T19:14:35-0300,-,-,-,"A+ - Publicos Personalizados  - Sale",,,,,,0,,,00:00:00,,,,,,,0,0,,,,,,
2026-08-01,2026-08-01,"Ad6 - Secuencia - Nueva coleccion 202666 - Copia 5",not_delivering,,,,"Con el presupuesto de la campaña",0,0,0,0,0,0,,"En curso","7 días tras clic, 1 día tras visualización o 1 día tras visualización activa",0,ABSOLUTE_OCPM,2026-08-22T19:14:35-0300,-,-,-,"A+ - Publicos Personalizados  - Sale",,,,,,0,,,00:00:00,,,,,,,0,0,,,,,,
2026-08-01,2026-08-01,"Ad5 - Video - Sale - Copia 2",inactive,,,,"Con el presupuesto de la campaña",0,0,0,0,0,0,,"En curso","7 días tras clic, 1 día tras visualización o 1 día tras visualización activa",0,ABSOLUTE_OCPM,2026-08-22T19:14:35-0300,-,-,-,"A+ - Publicos Personalizados  - Sale",,,,,,0,,,00:00:00,,,,,,,0,0,,,,,,
2026-08-01,2026-08-01,"Ad6 - Secuencia - Nueva coleccion 202666 - Copia 2",inactive,,,,"Con el presupuesto de la campaña",0,0,0,0,0,0,,"En curso","7 días tras clic, 1 día tras visualización o 1 día tras visualización activa",0,ABSOLUTE_OCPM,2026-08-22T19:14:35-0300,-,-,-,"A+ - Publicos Personalizados  - Sale",,,,,,0,,,00:00:00,,,,,,,0,0,,,,,,
2026-08-01,2026-08-01,"Ad6 - Secuencia - Nueva coleccion 2026 - Copia",inactive,,,,"Con el presupuesto de la campaña",0,0,0,0,0,0,,"En curso","7 días tras clic, 1 día tras visualización o 1 día tras visualización activa",0,ABSOLUTE_OCPM,2026-08-24T22:24:38-0300,-,-,-,"A+ - SA - Nueva coleccion 2026",,,,,,0,,,00:00:00,,,,,,,0,0,,,,,,
2026-08-01,2026-08-01,"Ad6 - Secuencia - Nueva coleccion 202666 - Copia",inactive,,,,"Con el presupuesto de la campaña",0,0,0,0,0,0,,"En curso","7 días tras clic, 1 día tras visualización o 1 día tras visualización activa",0,ABSOLUTE_OCPM,2026-08-22T19:14:35-0300,-,-,-,"A+ - Publicos Personalizados  - Sale",,,,,,0,,,00:00:00,,,,,,,0,0,,,,,,
2026-08-01,2026-08-01,"Ad4 - Imagen - Sale",inactive,,,,"Con el presupuesto de la campaña",0,0,0,0,0,0,,"En curso","7 días tras clic, 1 día tras visualización o 1 día tras visualización activa",0,ABSOLUTE_OCPM,2026-08-22T19:14:35-0300,-,-,-,"A+ - Publicos Personalizados  - Sale",,,,,,0,,,00:00:00,,,,,,,0,0,,,,,,
2026-08-01,2026-08-01,"Ad6 - Secuencia - Nueva coleccion 2026 - Copia",inactive,,,,"Con el presupuesto de la campaña",0,0,0,0,0,0,,"En curso","7 días tras clic, 1 día tras visualización o 1 día tras visualización activa",0,ABSOLUTE_OCPM,2026-08-24T22:24:38-0300,-,-,-,"A+ - SA - Nueva coleccion 2026",,,,,,0,,,00:00:00,,,,,,,0,0,,,,,,
2026-08-01,2026-08-01,"Ad3 - Video - Sale",inactive,,,,"Con el presupuesto de la campaña",0,0,0,0,0,0,,"En curso","7 días tras clic, 1 día tras visualización o 1 día tras visualización activa",0,ABSOLUTE_OCPM,2026-08-22T19:14:35-0300,-,-,-,"A+ - Publicos Personalizados  - Sale",,,,,,0,,,00:00:00,,,,,,,0,0,,,,,,
2026-08-01,2026-08-01,"Ad5 - Video - Sale - Copia",not_delivering,,,,"Con el presupuesto de la campaña",0,4694.34,534,454,1.176211,8790.898876,,"En curso","7 días tras clic, 1 día tras visualización o 1 día tras visualización activa",0,ABSOLUTE_OCPM,2026-08-22T19:14:35-0300,Promedio,"Por encima del promedio",Promedio,"A+ - Publicos Personalizados  - Sale",,,,,,5.066079,25,254,10,87,56,49,27,89,4.681648,7.048458,8.2397,187.7736,25,10,1,,
2026-08-01,2026-08-01,"Ad1 - Video - Sale",inactive,,,,"Con el presupuesto de la campaña",0,0,0,0,0,0,,"En curso","7 días tras clic, 1 día tras visualización o 1 día tras visualización activa",0,ABSOLUTE_OCPM,2026-08-22T19:14:35-0300,-,-,-,"A+ - Publicos Personalizados  - Sale",,,,,,0,,,00:00:00,,,,,,,0,0,,,,,,
2026-07-31,2026-07-31,"Ad6 - Secuencia - Nueva coleccion 202666 - Copia 2",inactive,,,,"Con el presupuesto de la campaña",0,0,0,0,0,0,,"En curso","7 días tras clic, 1 día tras visualización o 1 día tras visualización activa",0,ABSOLUTE_OCPM,2026-08-22T19:14:35-0300,-,-,-,"A+ - Publicos Personalizados  - Sale",,,,,,0,,,00:00:00,,,,,,,0,0,,,,,,
2026-07-31,2026-07-31,"Ad6 - Secuencia - Nueva coleccion 202666 - Copia 7",active,,,,"Con el presupuesto de la campaña",0,970.16,115,96,1.197917,8436.173913,,"En curso","7 días tras clic, 1 día tras visualización o 1 día tras visualización activa",0,ABSOLUTE_OCPM,2026-08-24T22:24:38-0300,-,-,-,"A+ - SA - Nueva coleccion 2026",,,,,,4.166667,5,,00:00:00,,,,,,4.347826,5.208333,6.086957,194.032,4,,,,
2026-07-31,2026-07-31,"Ad6 - Secuencia - Nueva coleccion 2026 - Copia 2",inactive,,,,"Con el presupuesto de la campaña",0,0,0,0,0,0,,"En curso","7 días tras clic, 1 día tras visualización o 1 día tras visualización activa",0,ABSOLUTE_OCPM,2026-08-24T22:24:38-0300,-,-,-,"A+ - SA - Nueva coleccion 2026",,,,,,0,,,00:00:00,,,,,,,0,0,,,,,,
2026-07-31,2026-07-31,"Ad6 - Secuencia - Nueva coleccion 202666 - Copia 6",inactive,,,,"Con el presupuesto de la campaña",0,0,0,0,0,0,,"En curso","7 días tras clic, 1 día tras visualización o 1 día tras visualización activa",0,ABSOLUTE_OCPM,2026-08-22T19:14:35-0300,-,-,-,"A+ - Publicos Personalizados  - Sale",,,,,,0,,,00:00:00,,,,,,,0,0,,,,,,
2026-07-31,2026-07-31,1,inactive,,,,"Con el presupuesto de la campaña",0,0,0,0,0,0,,"En curso","7 días tras clic, 1 día tras visualización o 1 día tras visualización activa",0,ABSOLUTE_OCPM,2026-08-22T19:14:35-0300,-,-,-,"A+ - Publicos Personalizados  - Sale",,,,,,0,,,00:00:00,,,,,,,0,0,,,,,,
2026-07-31,2026-07-31,"Ad3 - Angulo Producto Fit",active,,,,"Con el presupuesto de la campaña",0,0,0,0,0,0,,"En curso","7 días tras clic o 1 día tras visualización",0,ABSOLUTE_OCPM,2026-08-22T06:31:57-0300,-,-,-,"A+ - Prospecting - Angulos Nuevos (Anticipo-Viaje-Producto)",,,,,,0,,,00:00:00,,,,,,,0,0,,,,,,
2026-07-31,2026-07-31,"Ad6 - Secuencia - Nueva coleccion 202666 - Copia 3",inactive,,,,"Con el presupuesto de la campaña",0,0,0,0,0,0,,"En curso","7 días tras clic, 1 día tras visualización o 1 día tras visualización activa",0,ABSOLUTE_OCPM,2026-08-22T19:14:35-0300,-,-,-,"A+ - Publicos Personalizados  - Sale",,,,,,0,,,00:00:00,,,,,,,0,0,,,,,,
2026-07-31,2026-07-31,"Ad6 - Secuencia - Nueva coleccion 202666 - Copia 6",active,,,,"Con el presupuesto de la campaña",0,725,41,38,1.078947,17682.926829,,"En curso","7 días tras clic, 1 día tras visualización o 1 día tras visualización activa",0,ABSOLUTE_OCPM,2026-08-24T22:24:38-0300,-,-,-,"A+ - SA - Nueva coleccion 2026",,,,,,0,,,00:00:00,,,,,,,5.263158,4.878049,,,,,,
2026-07-31,2026-07-31,"Ad2 - Angulo Viaje",active,,,,"Con el presupuesto de la campaña",0,0,0,0,0,0,,"En curso","7 días tras clic o 1 día tras visualización",0,ABSOLUTE_OCPM,2026-08-22T06:31:57-0300,-,-,-,"A+ - Prospecting - Angulos Nuevos (Anticipo-Viaje-Producto)",,,,,,0,,,00:00:00,,,,,,,0,0,,,,,,
2026-07-31,2026-07-31,"Secuencia imagenes 1 - Minimal SS25 - Copia 2",inactive,,,,"Con el presupuesto de la campaña",0,0,0,0,0,0,,"En curso","7 días tras clic, 1 día tras visualización o 1 día tras visualización activa",0,ABSOLUTE_OCPM,2026-08-22T19:14:35-0300,-,-,-,"A+ - Publicos Personalizados  - Sale",,,,,,0,,,00:00:00,,,,,,,0,0,,,,,,
2026-07-31,2026-07-31,"Ad6 - Secuencia - Nueva coleccion 202666 - Copia 9",active,,,,"Con el presupuesto de la campaña",0,0,0,0,0,0,,"En curso","7 días tras clic, 1 día tras visualización o 1 día tras visualización activa",0,ABSOLUTE_OCPM,2026-08-24T22:24:38-0300,-,-,-,"A+ - SA - Nueva coleccion 2026",,,,,,0,,,00:00:00,,,,,,,0,0,,,,,,
2026-07-31,2026-07-31,"Ad1 - Angulo Anticipo Temporada",active,,,,"Con el presupuesto de la campaña",0,0,0,0,0,0,,"En curso","7 días tras clic o 1 día tras visualización",0,ABSOLUTE_OCPM,2026-08-22T06:31:57-0300,-,-,-,"A+ - Prospecting - Angulos Nuevos (Anticipo-Viaje-Producto)",,,,,,0,,,00:00:00,,,,,,,0,0,,,,,,
2026-07-31,2026-07-31,"Ad6 - Secuencia - Nueva coleccion 2026 - Copia 3",inactive,,,,"Con el presupuesto de la campaña",0,0,0,0,0,0,,"En curso","7 días tras clic, 1 día tras visualización o 1 día tras visualización activa",0,ABSOLUTE_OCPM,2026-08-22T19:14:35-0300,-,-,-,"A+ - Publicos Personalizados  - Sale",,,,,,0,,,00:00:00,,,,,,,0,0,,,,,,
2026-07-31,2026-07-31,"Ad6 - Secuencia - Nueva coleccion 202666 - Copia 10",active,,,,"Con el presupuesto de la campaña",0,5.87,2,2,1,2935,,"En curso","7 días tras clic, 1 día tras visualización o 1 día tras visualización activa",0,ABSOLUTE_OCPM,2026-08-24T22:24:38-0300,-,-,-,"A+ - SA - Nueva coleccion 2026",,,,,,0,,,00:00:00,,,,,,,0,0,,,,,,
2026-07-31,2026-07-31,"Ad6 - Secuencia - Nueva coleccion 202666 - Copia 12",active,1,actions:offsite_conversion.fb_pixel_purchase,15814.47,"Con el presupuesto de la campaña",0,15814.47,1642,1046,1.56979,9631.224117,1,"En curso","7 días tras clic, 1 día tras visualización o 1 día tras visualización activa",0,ABSOLUTE_OCPM,2026-08-24T22:24:38-0300,-,-,-,"A+ - SA - Nueva coleccion 2026",6.045289,95603.04,95603.04,6.0452889,action_values:offsite_conversion.fb_pixel_purchase,3.441683,43,12,3,22,7,6,4,4,2.618758,4.302103,3.897686,367.778372,34,13,3,,
2026-07-31,2026-07-31,"Ad5 - Video - Sale - Copia 2",inactive,,,,"Con el presupuesto de la campaña",0,0,0,0,0,0,,"En curso","7 días tras clic, 1 día tras visualización o 1 día tras visualización activa",0,ABSOLUTE_OCPM,2026-08-22T19:14:35-0300,-,-,-,"A+ - Publicos Personalizados  - Sale",,,,,,0,,,00:00:00,,,,,,,0,0,,,,,,
2026-07-31,2026-07-31,"Ad6 - Secuencia - Nueva coleccion 202666 - Copia 7",inactive,,,,"Con el presupuesto de la campaña",0,0,0,0,0,0,,"En curso","7 días tras clic, 1 día tras visualización o 1 día tras visualización activa",0,ABSOLUTE_OCPM,2026-08-24T22:24:38-0300,-,-,-,"A+ - SA - Nueva coleccion 2026",,,,,,0,,,00:00:00,,,,,,,0,0,,,,,,
2026-07-31,2026-07-31,"Ad6 - Secuencia - Nueva coleccion 202666 - Copia 5",not_delivering,,,,"Con el presupuesto de la campaña",0,851.17,73,69,1.057971,11659.863014,,"En curso","7 días tras clic, 1 día tras visualización o 1 día tras visualización activa",0,ABSOLUTE_OCPM,2026-08-22T19:14:35-0300,-,-,-,"A+ - Publicos Personalizados  - Sale",,,,,,5.797101,6,,00:00:00,,,,,,8.219178,5.797101,9.589041,141.861667,5,2,,,
2026-07-31,2026-07-31,"Ad6 - Secuencia - Nueva coleccion 2026 - Copia 3",inactive,,,,"Con el presupuesto de la campaña",0,0,0,0,0,0,,"En curso","7 días tras clic, 1 día tras visualización o 1 día tras visualización activa",0,ABSOLUTE_OCPM,2026-08-22T19:14:35-0300,-,-,-,"A+ - Publicos Personalizados  - Sale",,,,,,0,,,00:00:00,,,,,,,0,0,,,,,,
2026-07-31,2026-07-31,"Ad6 - Secuencia - Nueva coleccion 202666 - Copia 9",active,1,actions:offsite_conversion.fb_pixel_purchase,8517.43,"Con el presupuesto de la campaña",0,8517.43,1002,807,1.241636,8500.429142,1,"En curso","7 días tras clic, 1 día tras visualización o 1 día tras visualización activa",0,ABSOLUTE_OCPM,2026-08-24T22:24:38-0300,-,-,-,"A+ - SA - Nueva coleccion 2026",9.367522,79787.21,79787.21,9.36752166,action_values:offsite_conversion.fb_pixel_purchase,3.345725,35,,00:00:00,,,,,,3.493014,3.965304,4.391218,243.355143,27,4,1,,
2026-07-31,2026-07-31,"Ad6 - Secuencia - Nueva coleccion 202666 - Copia 11",active,1,actions:offsite_conversion.fb_pixel_purchase,20952.07,"Con el presupuesto de la campaña",0,20952.07,3051,2357,1.294442,6867.27958,1,"En curso","7 días tras clic, 1 día tras visualización o 1 día tras visualización activa",0,ABSOLUTE_OCPM,2026-08-24T22:24:38-0300,-,-,-,"A+ - SA - Nueva coleccion 2026",10.015717,209850,209850,10.01571682,action_values:offsite_conversion.fb_pixel_purchase,3.351718,87,3,1,9,4,3,2,2,2.851524,4.115401,3.802032,240.828391,64,25,1,,
2026-07-31,2026-07-31,"Ad5 - Video - Sale - Copia 3",inactive,,,,"Con el presupuesto de la campaña",0,0,0,0,0,0,,"En curso","7 días tras clic, 1 día tras visualización o 1 día tras visualización activa",0,ABSOLUTE_OCPM,2026-08-22T19:14:35-0300,-,-,-,"A+ - Publicos Personalizados  - Sale",,,,,,0,,,00:00:00,,,,,,,0,0,,,,,,
2026-07-31,2026-07-31,"Ad6 - Secuencia - Nueva coleccion 202666 - Copia 6",active,,,,"Con el presupuesto de la campaña",0,0,0,0,0,0,,"En curso","7 días tras clic, 1 día tras visualización o 1 día tras visualización activa",0,ABSOLUTE_OCPM,2026-08-24T22:24:38-0300,-,-,-,"A+ - SA - Nueva coleccion 2026",,,,,,0,,,00:00:00,,,,,,,0,0,,,,,,
2026-07-31,2026-07-31,"Ad6 - Secuencia - Nueva coleccion 202666 - Copia 4",inactive,,,,"Con el presupuesto de la campaña",0,2058.94,114,95,1.2,18060.877193,,"En curso","7 días tras clic, 1 día tras visualización o 1 día tras visualización activa",0,ABSOLUTE_OCPM,2026-08-22T19:14:35-0300,-,-,-,"A+ - Publicos Personalizados  - Sale",,,,,,2.105263,2,10,2,7,2,1,1,1,1.754386,5.263158,4.385965,1029.47,1,,,,
2026-07-31,2026-07-31,"Ad6 - Video - Sale - Copia",inactive,,,,"Con el presupuesto de la campaña",0,0,0,0,0,0,,"En curso","7 días tras clic, 1 día tras visualización o 1 día tras visualización activa",0,ABSOLUTE_OCPM,2026-08-22T19:14:35-0300,-,-,-,"A+ - Publicos Personalizados  - Sale",,,,,,0,,,00:00:00,,,,,,,0,0,,,,,,
2026-07-31,2026-07-31,"Ad6 - Secuencia - Nueva coleccion 202666 - Copia 3",inactive,,,,"Con el presupuesto de la campaña",0,0,0,0,0,0,,"En curso","7 días tras clic, 1 día tras visualización o 1 día tras visualización activa",0,ABSOLUTE_OCPM,2026-08-22T19:14:35-0300,-,-,-,"A+ - Publicos Personalizados  - Sale",,,,,,0,,,00:00:00,,,,,,,0,0,,,,,,
2026-07-31,2026-07-31,"Ad6 - Secuencia - Nueva coleccion 202666 - Copia 4",inactive,,,,"Con el presupuesto de la campaña",0,0,0,0,0,0,,"En curso","7 días tras clic, 1 día tras visualización o 1 día tras visualización activa",0,ABSOLUTE_OCPM,2026-08-22T19:14:35-0300,-,-,-,"A+ - Publicos Personalizados  - Sale",,,,,,0,,,00:00:00,,,,,,,0,0,,,,,,
2026-07-31,2026-07-31,"Ad7 - Video - Sale",inactive,,,,"Con el presupuesto de la campaña",0,0,0,0,0,0,,"En curso","7 días tras clic, 1 día tras visualización o 1 día tras visualización activa",0,ABSOLUTE_OCPM,2026-08-22T19:14:35-0300,-,-,-,"A+ - Publicos Personalizados  - Sale",,,,,,0,,,00:00:00,,,,,,,0,0,,,,,,
2026-07-31,2026-07-31,"Ad6 - Secuencia - Nueva coleccion 202666 - Copia 8",active,,,,"Con el presupuesto de la campaña",0,0,0,0,0,0,,"En curso","7 días tras clic, 1 día tras visualización o 1 día tras visualización activa",0,ABSOLUTE_OCPM,2026-08-24T22:24:38-0300,-,-,-,"A+ - SA - Nueva coleccion 2026",,,,,,0,,,00:00:00,,,,,,,0,0,,,,,,
2026-07-31,2026-07-31,"Ad6 - Secuencia - Nueva coleccion 202666 - Copia 7",inactive,,,,"Con el presupuesto de la campaña",0,0,0,0,0,0,,"En curso","7 días tras clic, 1 día tras visualización o 1 día tras visualización activa",0,ABSOLUTE_OCPM,2026-08-22T19:14:35-0300,-,-,-,"A+ - Publicos Personalizados  - Sale",,,,,,0,,,00:00:00,,,,,,,0,0,,,,,,
2026-07-31,2026-07-31,"Ad6 - Video - Sale",inactive,,,,"Con el presupuesto de la campaña",0,0,0,0,0,0,,"En curso","7 días tras clic, 1 día tras visualización o 1 día tras visualización activa",0,ABSOLUTE_OCPM,2026-08-22T19:14:35-0300,-,-,-,"A+ - Publicos Personalizados  - Sale",,,,,,0,,,00:00:00,,,,,,,0,0,,,,,,
2026-07-31,2026-07-31,"Ad6 - Secuencia - Nueva coleccion 202666 - Copia 6",inactive,,,,"Con el presupuesto de la campaña",0,0,0,0,0,0,,"En curso","7 días tras clic, 1 día tras visualización o 1 día tras visualización activa",0,ABSOLUTE_OCPM,2026-08-24T22:24:38-0300,-,-,-,"A+ - SA - Nueva coleccion 2026",,,,,,0,,,00:00:00,,,,,,,0,0,,,,,,
2026-07-31,2026-07-31,"Ad6 - Secuencia - Nueva coleccion 202666 - Copia 7",inactive,,,,"Con el presupuesto de la campaña",0,0,0,0,0,0,,"En curso","7 días tras clic, 1 día tras visualización o 1 día tras visualización activa",0,ABSOLUTE_OCPM,2026-08-24T22:24:38-0300,-,-,-,"A+ - SA - Nueva coleccion 2026",,,,,,0,,,00:00:00,,,,,,,0,0,,,,,,
2026-07-31,2026-07-31,"Ad5 - Video - Sale",inactive,,,,"Con el presupuesto de la campaña",0,0,0,0,0,0,,"En curso","7 días tras clic, 1 día tras visualización o 1 día tras visualización activa",0,ABSOLUTE_OCPM,2026-08-22T19:14:35-0300,-,-,-,"A+ - Publicos Personalizados  - Sale",,,,,,0,,,00:00:00,,,,,,,0,0,,,,,,
2026-07-31,2026-07-31,"Ad6 - Secuencia - Nueva coleccion 202666 - Copia 5",not_delivering,1,actions:offsite_conversion.fb_pixel_purchase,2402.49,"Con el presupuesto de la campaña",0,2402.49,278,235,1.182979,8642.05036,1,"En curso","7 días tras clic, 1 día tras visualización o 1 día tras visualización activa",0,ABSOLUTE_OCPM,2026-08-24T22:24:38-0300,-,-,-,"A+ - SA - Nueva coleccion 2026",24.730592,59415,59415,24.73059201,action_values:offsite_conversion.fb_pixel_purchase,3.404255,10,,00:00:00,,,,,,3.597122,3.829787,4.676259,240.249,9,4,1,,
2026-07-31,2026-07-31,"Ad6 - Secuencia - Nueva coleccion 202666 - Copia 2",inactive,,,,"Con el presupuesto de la campaña",0,0,0,0,0,0,,"En curso","7 días tras clic, 1 día tras visualización o 1 día tras visualización activa",0,ABSOLUTE_OCPM,2026-08-22T19:14:35-0300,-,-,-,"A+ - Publicos Personalizados  - Sale",,,,,,0,,,00:00:00,,,,,,,0,0,,,,,,
2026-07-31,2026-07-31,"Ad2 - Video - Sale",inactive,,,,"Con el presupuesto de la campaña",0,0,0,0,0,0,,"En curso","7 días tras clic, 1 día tras visualización o 1 día tras visualización activa",0,ABSOLUTE_OCPM,2026-08-22T19:14:35-0300,-,-,-,"A+ - Publicos Personalizados  - Sale",,,,,,0,,,00:00:00,,,,,,,0,0,,,,,,
2026-07-31,2026-07-31,"Ad6 - Secuencia - Nueva coleccion 202666 - Copia 2",inactive,,,,"Con el presupuesto de la campaña",0,0,0,0,0,0,,"En curso","7 días tras clic, 1 día tras visualización o 1 día tras visualización activa",0,ABSOLUTE_OCPM,2026-08-22T19:14:35-0300,-,-,-,"A+ - Publicos Personalizados  - Sale",,,,,,0,,,00:00:00,,,,,,,0,0,,,,,,
2026-07-31,2026-07-31,"Ad6 - Secuencia - Nueva coleccion 202666 - Copia 2",inactive,,,,"Con el presupuesto de la campaña",0,0,0,0,0,0,,"En curso","7 días tras clic, 1 día tras visualización o 1 día tras visualización activa",0,ABSOLUTE_OCPM,2026-08-24T22:24:38-0300,-,-,-,"A+ - SA - Nueva coleccion 2026",,,,,,0,,,00:00:00,,,,,,,0,0,,,,,,
2026-07-31,2026-07-31,"Ad6 - Secuencia - Nueva coleccion 202666 - Copia 4",inactive,,,,"Con el presupuesto de la campaña",0,0,0,0,0,0,,"En curso","7 días tras clic, 1 día tras visualización o 1 día tras visualización activa",0,ABSOLUTE_OCPM,2026-08-24T22:24:38-0300,-,-,-,"A+ - SA - Nueva coleccion 2026",,,,,,0,,,00:00:00,,,,,,,0,0,,,,,,
2026-07-31,2026-07-31,"Ad6 - Secuencia - Nueva coleccion 2026 - Copia 3",active,,,,"Con el presupuesto de la campaña",0,0,0,0,0,0,,"En curso","7 días tras clic, 1 día tras visualización o 1 día tras visualización activa",0,ABSOLUTE_OCPM,2026-08-24T22:24:38-0300,-,-,-,"A+ - SA - Nueva coleccion 2026",,,,,,0,,,00:00:00,,,,,,,0,0,,,,,,
2026-07-31,2026-07-31,"Ad6 - Secuencia - Nueva coleccion 202666 - Copia 4",not_delivering,,,,"Con el presupuesto de la campaña",0,0,0,0,0,0,,"En curso","7 días tras clic, 1 día tras visualización o 1 día tras visualización activa",0,ABSOLUTE_OCPM,2026-08-24T22:24:38-0300,-,-,-,"A+ - SA - Nueva coleccion 2026",,,,,,0,,,00:00:00,,,,,,,0,0,,,,,,
2026-07-31,2026-07-31,"Ad6 - Secuencia - Nueva coleccion 202666 - Copia 4",inactive,,,,"Con el presupuesto de la campaña",0,0,0,0,0,0,,"En curso","7 días tras clic, 1 día tras visualización o 1 día tras visualización activa",0,ABSOLUTE_OCPM,2026-08-22T19:14:35-0300,-,-,-,"A+ - Publicos Personalizados  - Sale",,,,,,0,,,00:00:00,,,,,,,0,0,,,,,,
2026-07-31,2026-07-31,"Ad6 - Secuencia - Nueva coleccion 202666 - Copia 3",inactive,,,,"Con el presupuesto de la campaña",0,0,0,0,0,0,,"En curso","7 días tras clic, 1 día tras visualización o 1 día tras visualización activa",0,ABSOLUTE_OCPM,2026-08-22T19:14:35-0300,-,-,-,"A+ - Publicos Personalizados  - Sale",,,,,,0,,,00:00:00,,,,,,,0,0,,,,,,
2026-07-31,2026-07-31,"Ad6 - Secuencia - Nueva coleccion 202666 - Copia 6",inactive,,,,"Con el presupuesto de la campaña",0,0,0,0,0,0,,"En curso","7 días tras clic, 1 día tras visualización o 1 día tras visualización activa",0,ABSOLUTE_OCPM,2026-08-22T19:14:35-0300,-,-,-,"A+ - Publicos Personalizados  - Sale",,,,,,0,,,00:00:00,,,,,,,0,0,,,,,,
2026-07-31,2026-07-31,"Ad6 - Secuencia - Nueva coleccion 202666 - Copia 3",inactive,,,,"Con el presupuesto de la campaña",0,0,0,0,0,0,,"En curso","7 días tras clic, 1 día tras visualización o 1 día tras visualización activa",0,ABSOLUTE_OCPM,2026-08-24T22:24:38-0300,-,-,-,"A+ - SA - Nueva coleccion 2026",,,,,,0,,,00:00:00,,,,,,,0,0,,,,,,
2026-07-31,2026-07-31,"Ad6 - Secuencia - Nueva coleccion 202666 - Copia 4",inactive,,,,"Con el presupuesto de la campaña",0,0,0,0,0,0,,"En curso","7 días tras clic, 1 día tras visualización o 1 día tras visualización activa",0,ABSOLUTE_OCPM,2026-08-22T19:14:35-0300,-,-,-,"A+ - Publicos Personalizados  - Sale",,,,,,0,,,00:00:00,,,,,,,0,0,,,,,,
2026-07-31,2026-07-31,"Ad6 - Secuencia - Nueva coleccion 202666 - Copia 2",inactive,,,,"Con el presupuesto de la campaña",0,0,0,0,0,0,,"En curso","7 días tras clic, 1 día tras visualización o 1 día tras visualización activa",0,ABSOLUTE_OCPM,2026-08-24T22:24:38-0300,-,-,-,"A+ - SA - Nueva coleccion 2026",,,,,,0,,,00:00:00,,,,,,,0,0,,,,,,
2026-07-31,2026-07-31,"Ad6 - Secuencia - Nueva coleccion 202666 - Copia 3",not_delivering,,,,"Con el presupuesto de la campaña",0,211.23,9,9,1,23470,,"En curso","7 días tras clic, 1 día tras visualización o 1 día tras visualización activa",0,ABSOLUTE_OCPM,2026-08-22T19:14:35-0300,-,-,-,"A+ - Publicos Personalizados  - Sale",,,,,,0,,,00:00:00,,,,,,,0,0,,,,,,
2026-07-31,2026-07-31,"Ad6 - Secuencia - Nueva coleccion 2026 - Copia 4",active,,,,"Con el presupuesto de la campaña",0,0,0,0,0,0,,"En curso","7 días tras clic, 1 día tras visualización o 1 día tras visualización activa",0,ABSOLUTE_OCPM,2026-08-24T22:24:38-0300,-,-,-,"A+ - SA - Nueva coleccion 2026",,,,,,0,,,00:00:00,,,,,,,0,0,,,,,,
2026-07-31,2026-07-31,"Ad6 - Secuencia - Nueva coleccion 202666 - Copia 2",inactive,,,,"Con el presupuesto de la campaña",0,0,0,0,0,0,,"En curso","7 días tras clic, 1 día tras visualización o 1 día tras visualización activa",0,ABSOLUTE_OCPM,2026-08-22T19:14:35-0300,-,-,-,"A+ - Publicos Personalizados  - Sale",,,,,,0,,,00:00:00,,,,,,,0,0,,,,,,
2026-07-31,2026-07-31,"Ad6 - Secuencia - Nueva coleccion 202666 - Copia",inactive,,,,"Con el presupuesto de la campaña",0,889.05,86,79,1.088608,10337.790698,,"En curso","7 días tras clic, 1 día tras visualización o 1 día tras visualización activa",0,ABSOLUTE_OCPM,2026-08-24T22:24:38-0300,-,-,-,"A+ - SA - Nueva coleccion 2026",,,,,,2.531646,5,,00:00:00,,,,,,5.813953,2.531646,5.813953,177.81,1,,,,
2026-07-31,2026-07-31,"Ad5 - Video - Sale - Copia 3",inactive,,,,"Con el presupuesto de la campaña",0,0,0,0,0,0,,"En curso","7 días tras clic, 1 día tras visualización o 1 día tras visualización activa",0,ABSOLUTE_OCPM,2026-08-22T19:14:35-0300,-,-,-,"A+ - Publicos Personalizados  - Sale",,,,,,0,,,00:00:00,,,,,,,0,0,,,,,,
2026-07-31,2026-07-31,"Ad6 - Secuencia - Nueva coleccion 202666 - Copia 5",not_delivering,,,,"Con el presupuesto de la campaña",0,0,0,0,0,0,,"En curso","7 días tras clic, 1 día tras visualización o 1 día tras visualización activa",0,ABSOLUTE_OCPM,2026-08-22T19:14:35-0300,-,-,-,"A+ - Publicos Personalizados  - Sale",,,,,,0,,,00:00:00,,,,,,,0,0,,,,,,
2026-07-31,2026-07-31,"Ad5 - Video - Sale - Copia 2",inactive,,,,"Con el presupuesto de la campaña",0,0,0,0,0,0,,"En curso","7 días tras clic, 1 día tras visualización o 1 día tras visualización activa",0,ABSOLUTE_OCPM,2026-08-22T19:14:35-0300,-,-,-,"A+ - Publicos Personalizados  - Sale",,,,,,0,,,00:00:00,,,,,,,0,0,,,,,,
2026-07-31,2026-07-31,"Ad6 - Secuencia - Nueva coleccion 202666 - Copia 2",inactive,,,,"Con el presupuesto de la campaña",0,0,0,0,0,0,,"En curso","7 días tras clic, 1 día tras visualización o 1 día tras visualización activa",0,ABSOLUTE_OCPM,2026-08-22T19:14:35-0300,-,-,-,"A+ - Publicos Personalizados  - Sale",,,,,,0,,,00:00:00,,,,,,,0,0,,,,,,
2026-07-31,2026-07-31,"Ad6 - Secuencia - Nueva coleccion 2026 - Copia",inactive,,,,"Con el presupuesto de la campaña",0,0,0,0,0,0,,"En curso","7 días tras clic, 1 día tras visualización o 1 día tras visualización activa",0,ABSOLUTE_OCPM,2026-08-24T22:24:38-0300,-,-,-,"A+ - SA - Nueva coleccion 2026",,,,,,0,,,00:00:00,,,,,,,0,0,,,,,,
2026-07-31,2026-07-31,"Ad6 - Secuencia - Nueva coleccion 202666 - Copia",inactive,,,,"Con el presupuesto de la campaña",0,0,0,0,0,0,,"En curso","7 días tras clic, 1 día tras visualización o 1 día tras visualización activa",0,ABSOLUTE_OCPM,2026-08-22T19:14:35-0300,-,-,-,"A+ - Publicos Personalizados  - Sale",,,,,,0,,,00:00:00,,,,,,,0,0,,,,,,
2026-07-31,2026-07-31,"Ad4 - Imagen - Sale",inactive,,,,"Con el presupuesto de la campaña",0,0,0,0,0,0,,"En curso","7 días tras clic, 1 día tras visualización o 1 día tras visualización activa",0,ABSOLUTE_OCPM,2026-08-22T19:14:35-0300,-,-,-,"A+ - Publicos Personalizados  - Sale",,,,,,0,,,00:00:00,,,,,,,0,0,,,,,,
2026-07-31,2026-07-31,"Ad6 - Secuencia - Nueva coleccion 2026 - Copia",inactive,,,,"Con el presupuesto de la campaña",0,0,0,0,0,0,,"En curso","7 días tras clic, 1 día tras visualización o 1 día tras visualización activa",0,ABSOLUTE_OCPM,2026-08-24T22:24:38-0300,-,-,-,"A+ - SA - Nueva coleccion 2026",,,,,,0,,,00:00:00,,,,,,,0,0,,,,,,
2026-07-31,2026-07-31,"Ad3 - Video - Sale",inactive,,,,"Con el presupuesto de la campaña",0,0,0,0,0,0,,"En curso","7 días tras clic, 1 día tras visualización o 1 día tras visualización activa",0,ABSOLUTE_OCPM,2026-08-22T19:14:35-0300,-,-,-,"A+ - Publicos Personalizados  - Sale",,,,,,0,,,00:00:00,,,,,,,0,0,,,,,,
2026-07-31,2026-07-31,"Ad5 - Video - Sale - Copia",not_delivering,,,,"Con el presupuesto de la campaña",0,6759.55,670,597,1.122278,10088.880597,,"En curso","7 días tras clic, 1 día tras visualización o 1 día tras visualización activa",0,ABSOLUTE_OCPM,2026-08-22T19:14:35-0300,Promedio,"Por encima del promedio",Promedio,"A+ - Publicos Personalizados  - Sale",,,,,,6.867672,45,313,10,112,79,66,27,116,6.716418,9.380235,11.19403,150.212222,45,3,,,
2026-07-31,2026-07-31,"Ad1 - Video - Sale",inactive,,,,"Con el presupuesto de la campaña",0,0,0,0,0,0,,"En curso","7 días tras clic, 1 día tras visualización o 1 día tras visualización activa",0,ABSOLUTE_OCPM,2026-08-22T19:14:35-0300,-,-,-,"A+ - Publicos Personalizados  - Sale",,,,,,0,,,00:00:00,,,,,,,0,0,,,,,,
2026-07-30,2026-07-30,"Ad6 - Secuencia - Nueva coleccion 202666 - Copia 2",inactive,,,,"Con el presupuesto de la campaña",0,0,0,0,0,0,,"En curso","7 días tras clic, 1 día tras visualización o 1 día tras visualización activa",0,ABSOLUTE_OCPM,2026-08-22T19:14:35-0300,-,-,-,"A+ - Publicos Personalizados  - Sale",,,,,,0,,,00:00:00,,,,,,,0,0,,,,,,
2026-07-30,2026-07-30,"Ad6 - Secuencia - Nueva coleccion 202666 - Copia 7",active,,,,"Con el presupuesto de la campaña",0,0,0,0,0,0,,"En curso","7 días tras clic, 1 día tras visualización o 1 día tras visualización activa",0,ABSOLUTE_OCPM,2026-08-24T22:24:38-0300,-,-,-,"A+ - SA - Nueva coleccion 2026",,,,,,0,,,00:00:00,,,,,,,0,0,,,,,,
2026-07-30,2026-07-30,"Ad6 - Secuencia - Nueva coleccion 2026 - Copia 2",inactive,,,,"Con el presupuesto de la campaña",0,0,0,0,0,0,,"En curso","7 días tras clic, 1 día tras visualización o 1 día tras visualización activa",0,ABSOLUTE_OCPM,2026-08-24T22:24:38-0300,-,-,-,"A+ - SA - Nueva coleccion 2026",,,,,,0,,,00:00:00,,,,,,,0,0,,,,,,
2026-07-30,2026-07-30,"Ad6 - Secuencia - Nueva coleccion 202666 - Copia 6",inactive,,,,"Con el presupuesto de la campaña",0,0,0,0,0,0,,"En curso","7 días tras clic, 1 día tras visualización o 1 día tras visualización activa",0,ABSOLUTE_OCPM,2026-08-22T19:14:35-0300,-,-,-,"A+ - Publicos Personalizados  - Sale",,,,,,0,,,00:00:00,,,,,,,0,0,,,,,,
2026-07-30,2026-07-30,1,inactive,,,,"Con el presupuesto de la campaña",0,0,0,0,0,0,,"En curso","7 días tras clic, 1 día tras visualización o 1 día tras visualización activa",0,ABSOLUTE_OCPM,2026-08-22T19:14:35-0300,-,-,-,"A+ - Publicos Personalizados  - Sale",,,,,,0,,,00:00:00,,,,,,,0,0,,,,,,
2026-07-30,2026-07-30,"Ad3 - Angulo Producto Fit",active,,,,"Con el presupuesto de la campaña",0,0,0,0,0,0,,"En curso","7 días tras clic o 1 día tras visualización",0,ABSOLUTE_OCPM,2026-08-22T06:31:57-0300,-,-,-,"A+ - Prospecting - Angulos Nuevos (Anticipo-Viaje-Producto)",,,,,,0,,,00:00:00,,,,,,,0,0,,,,,,
2026-07-30,2026-07-30,"Ad6 - Secuencia - Nueva coleccion 202666 - Copia 3",inactive,,,,"Con el presupuesto de la campaña",0,0,0,0,0,0,,"En curso","7 días tras clic, 1 día tras visualización o 1 día tras visualización activa",0,ABSOLUTE_OCPM,2026-08-22T19:14:35-0300,-,-,-,"A+ - Publicos Personalizados  - Sale",,,,,,0,,,00:00:00,,,,,,,0,0,,,,,,
2026-07-30,2026-07-30,"Ad6 - Secuencia - Nueva coleccion 202666 - Copia 6",active,,,,"Con el presupuesto de la campaña",0,62.96,13,11,1.181818,4843.076923,,"En curso","7 días tras clic, 1 día tras visualización o 1 día tras visualización activa",0,ABSOLUTE_OCPM,2026-08-24T22:24:38-0300,-,-,-,"A+ - SA - Nueva coleccion 2026",,,,,,0,,,00:00:00,,,,,,,0,0,,,,,,
2026-07-30,2026-07-30,"Ad2 - Angulo Viaje",active,,,,"Con el presupuesto de la campaña",0,0,0,0,0,0,,"En curso","7 días tras clic o 1 día tras visualización",0,ABSOLUTE_OCPM,2026-08-22T06:31:57-0300,-,-,-,"A+ - Prospecting - Angulos Nuevos (Anticipo-Viaje-Producto)",,,,,,0,,,00:00:00,,,,,,,0,0,,,,,,
2026-07-30,2026-07-30,"Secuencia imagenes 1 - Minimal SS25 - Copia 2",inactive,,,,"Con el presupuesto de la campaña",0,0,0,0,0,0,,"En curso","7 días tras clic, 1 día tras visualización o 1 día tras visualización activa",0,ABSOLUTE_OCPM,2026-08-22T19:14:35-0300,-,-,-,"A+ - Publicos Personalizados  - Sale",,,,,,0,,,00:00:00,,,,,,,0,0,,,,,,
2026-07-30,2026-07-30,"Ad6 - Secuencia - Nueva coleccion 202666 - Copia 9",active,,,,"Con el presupuesto de la campaña",0,122.74,23,22,1.045455,5336.521739,,"En curso","7 días tras clic, 1 día tras visualización o 1 día tras visualización activa",0,ABSOLUTE_OCPM,2026-08-24T22:24:38-0300,-,-,-,"A+ - SA - Nueva coleccion 2026",,,,,,0,,,00:00:00,,,,,,,0,0,,,,,,
2026-07-30,2026-07-30,"Ad1 - Angulo Anticipo Temporada",active,,,,"Con el presupuesto de la campaña",0,0,0,0,0,0,,"En curso","7 días tras clic o 1 día tras visualización",0,ABSOLUTE_OCPM,2026-08-22T06:31:57-0300,-,-,-,"A+ - Prospecting - Angulos Nuevos (Anticipo-Viaje-Producto)",,,,,,0,,,00:00:00,,,,,,,0,0,,,,,,
2026-07-30,2026-07-30,"Ad6 - Secuencia - Nueva coleccion 2026 - Copia 3",inactive,,,,"Con el presupuesto de la campaña",0,0,0,0,0,0,,"En curso","7 días tras clic, 1 día tras visualización o 1 día tras visualización activa",0,ABSOLUTE_OCPM,2026-08-22T19:14:35-0300,-,-,-,"A+ - Publicos Personalizados  - Sale",,,,,,0,,,00:00:00,,,,,,,0,0,,,,,,
2026-07-30,2026-07-30,"Ad6 - Secuencia - Nueva coleccion 202666 - Copia 10",active,,,,"Con el presupuesto de la campaña",0,846.23,116,103,1.126214,7295.086207,,"En curso","7 días tras clic, 1 día tras visualización o 1 día tras visualización activa",0,ABSOLUTE_OCPM,2026-08-24T22:24:38-0300,-,-,-,"A+ - SA - Nueva coleccion 2026",,,,,,0,,1,2,7,3,3,1,1,,0.970874,4.310345,,4,,,,
2026-07-30,2026-07-30,"Ad6 - Secuencia - Nueva coleccion 202666 - Copia 12",active,,,,"Con el presupuesto de la campaña",0,15629.79,2218,1416,1.566384,7046.794409,,"En curso","7 días tras clic, 1 día tras visualización o 1 día tras visualización activa",0,ABSOLUTE_OCPM,2026-08-24T22:24:38-0300,-,-,-,"A+ - SA - Nueva coleccion 2026",,,,,,3.601695,59,5,3,8,3,3,2,2,2.660054,4.449153,3.787196,264.911695,52,14,2,,
2026-07-30,2026-07-30,"Ad5 - Video - Sale - Copia 2",inactive,,,,"Con el presupuesto de la campaña",0,0,0,0,0,0,,"En curso","7 días tras clic, 1 día tras visualización o 1 día tras visualización activa",0,ABSOLUTE_OCPM,2026-08-22T19:14:35-0300,-,-,-,"A+ - Publicos Personalizados  - Sale",,,,,,0,,,00:00:00,,,,,,,0,0,,,,,,
2026-07-30,2026-07-30,"Ad6 - Secuencia - Nueva coleccion 202666 - Copia 7",inactive,,,,"Con el presupuesto de la campaña",0,0,0,0,0,0,,"En curso","7 días tras clic, 1 día tras visualización o 1 día tras visualización activa",0,ABSOLUTE_OCPM,2026-08-24T22:24:38-0300,-,-,-,"A+ - SA - Nueva coleccion 2026",,,,,,0,,,00:00:00,,,,,,,0,0,,,,,,
2026-07-30,2026-07-30,"Ad6 - Secuencia - Nueva coleccion 202666 - Copia 5",not_delivering,,,,"Con el presupuesto de la campaña",0,453.06,62,59,1.050847,7307.419355,,"En curso","7 días tras clic, 1 día tras visualización o 1 día tras visualización activa",0,ABSOLUTE_OCPM,2026-08-22T19:14:35-0300,-,-,-,"A+ - Publicos Personalizados  - Sale",,,,,,6.779661,5,,00:00:00,,,,,,8.064516,6.779661,9.677419,90.612,3,,,,
2026-07-30,2026-07-30,"Ad6 - Secuencia - Nueva coleccion 2026 - Copia 3",inactive,,,,"Con el presupuesto de la campaña",0,0,0,0,0,0,,"En curso","7 días tras clic, 1 día tras visualización o 1 día tras visualización activa",0,ABSOLUTE_OCPM,2026-08-22T19:14:35-0300,-,-,-,"A+ - Publicos Personalizados  - Sale",,,,,,0,,,00:00:00,,,,,,,0,0,,,,,,
2026-07-30,2026-07-30,"Ad6 - Secuencia - Nueva coleccion 202666 - Copia 9",active,,,,"Con el presupuesto de la campaña",0,0,0,0,0,0,,"En curso","7 días tras clic, 1 día tras visualización o 1 día tras visualización activa",0,ABSOLUTE_OCPM,2026-08-24T22:24:38-0300,-,-,-,"A+ - SA - Nueva coleccion 2026",,,,,,0,,,00:00:00,,,,,,,0,0,,,,,,
2026-07-30,2026-07-30,"Ad6 - Secuencia - Nueva coleccion 202666 - Copia 11",active,1,actions:offsite_conversion.fb_pixel_purchase,35576.1,"Con el presupuesto de la campaña",0,35576.1,5148,3675,1.400816,6910.664336,1,"En curso","7 días tras clic, 1 día tras visualización o 1 día tras visualización activa",0,ABSOLUTE_OCPM,2026-08-24T22:24:38-0300,-,-,-,"A+ - SA - Nueva coleccion 2026",2.815353,100159.27,100159.27,2.81535272,action_values:offsite_conversion.fb_pixel_purchase,3.37415,144,7,4,16,8,7,7,7,2.797203,4.272109,3.885004,247.05625,111,14,3,,
2026-07-30,2026-07-30,"Ad5 - Video - Sale - Copia 3",inactive,,,,"Con el presupuesto de la campaña",0,0,0,0,0,0,,"En curso","7 días tras clic, 1 día tras visualización o 1 día tras visualización activa",0,ABSOLUTE_OCPM,2026-08-22T19:14:35-0300,-,-,-,"A+ - Publicos Personalizados  - Sale",,,,,,0,,,00:00:00,,,,,,,0,0,,,,,,
2026-07-30,2026-07-30,"Ad6 - Secuencia - Nueva coleccion 202666 - Copia 6",active,,,,"Con el presupuesto de la campaña",0,1033.45,146,133,1.097744,7078.424658,,"En curso","7 días tras clic, 1 día tras visualización o 1 día tras visualización activa",0,ABSOLUTE_OCPM,2026-08-24T22:24:38-0300,-,-,-,"A+ - SA - Nueva coleccion 2026",,,,,,0,,,00:00:00,,,,,,,0.75188,0.684932,,,,,,
2026-07-30,2026-07-30,"Ad6 - Secuencia - Nueva coleccion 202666 - Copia 4",inactive,,,,"Con el presupuesto de la campaña",0,0,0,0,0,0,,"En curso","7 días tras clic, 1 día tras visualización o 1 día tras visualización activa",0,ABSOLUTE_OCPM,2026-08-22T19:14:35-0300,-,-,-,"A+ - Publicos Personalizados  - Sale",,,,,,0,,,00:00:00,,,,,,,0,0,,,,,,
2026-07-30,2026-07-30,"Ad6 - Video - Sale - Copia",inactive,,,,"Con el presupuesto de la campaña",0,0,0,0,0,0,,"En curso","7 días tras clic, 1 día tras visualización o 1 día tras visualización activa",0,ABSOLUTE_OCPM,2026-08-22T19:14:35-0300,-,-,-,"A+ - Publicos Personalizados  - Sale",,,,,,0,,,00:00:00,,,,,,,0,0,,,,,,
2026-07-30,2026-07-30,"Ad6 - Secuencia - Nueva coleccion 202666 - Copia 3",inactive,,,,"Con el presupuesto de la campaña",0,0,0,0,0,0,,"En curso","7 días tras clic, 1 día tras visualización o 1 día tras visualización activa",0,ABSOLUTE_OCPM,2026-08-22T19:14:35-0300,-,-,-,"A+ - Publicos Personalizados  - Sale",,,,,,0,,,00:00:00,,,,,,,0,0,,,,,,
2026-07-30,2026-07-30,"Ad6 - Secuencia - Nueva coleccion 202666 - Copia 4",inactive,,,,"Con el presupuesto de la campaña",0,0,0,0,0,0,,"En curso","7 días tras clic, 1 día tras visualización o 1 día tras visualización activa",0,ABSOLUTE_OCPM,2026-08-22T19:14:35-0300,-,-,-,"A+ - Publicos Personalizados  - Sale",,,,,,0,,,00:00:00,,,,,,,0,0,,,,,,
2026-07-30,2026-07-30,"Ad7 - Video - Sale",inactive,,,,"Con el presupuesto de la campaña",0,0,0,0,0,0,,"En curso","7 días tras clic, 1 día tras visualización o 1 día tras visualización activa",0,ABSOLUTE_OCPM,2026-08-22T19:14:35-0300,-,-,-,"A+ - Publicos Personalizados  - Sale",,,,,,0,,,00:00:00,,,,,,,0,0,,,,,,
2026-07-30,2026-07-30,"Ad6 - Secuencia - Nueva coleccion 202666 - Copia 8",active,,,,"Con el presupuesto de la campaña",0,224.3,38,36,1.055556,5902.631579,,"En curso","7 días tras clic, 1 día tras visualización o 1 día tras visualización activa",0,ABSOLUTE_OCPM,2026-08-24T22:24:38-0300,-,-,-,"A+ - SA - Nueva coleccion 2026",,,,,,5.555556,2,,00:00:00,,,,,,5.263158,8.333333,7.894737,112.15,2,,,,
2026-07-30,2026-07-30,"Ad6 - Secuencia - Nueva coleccion 202666 - Copia 7",inactive,,,,"Con el presupuesto de la campaña",0,0,0,0,0,0,,"En curso","7 días tras clic, 1 día tras visualización o 1 día tras visualización activa",0,ABSOLUTE_OCPM,2026-08-22T19:14:35-0300,-,-,-,"A+ - Publicos Personalizados  - Sale",,,,,,0,,,00:00:00,,,,,,,0,0,,,,,,
2026-07-30,2026-07-30,"Ad6 - Video - Sale",inactive,,,,"Con el presupuesto de la campaña",0,0,0,0,0,0,,"En curso","7 días tras clic, 1 día tras visualización o 1 día tras visualización activa",0,ABSOLUTE_OCPM,2026-08-22T19:14:35-0300,-,-,-,"A+ - Publicos Personalizados  - Sale",,,,,,0,,,00:00:00,,,,,,,0,0,,,,,,
2026-07-30,2026-07-30,"Ad6 - Secuencia - Nueva coleccion 202666 - Copia 6",inactive,,,,"Con el presupuesto de la campaña",0,0,0,0,0,0,,"En curso","7 días tras clic, 1 día tras visualización o 1 día tras visualización activa",0,ABSOLUTE_OCPM,2026-08-24T22:24:38-0300,-,-,-,"A+ - SA - Nueva coleccion 2026",,,,,,0,,,00:00:00,,,,,,,0,0,,,,,,
2026-07-30,2026-07-30,"Ad6 - Secuencia - Nueva coleccion 202666 - Copia 7",inactive,,,,"Con el presupuesto de la campaña",0,0,0,0,0,0,,"En curso","7 días tras clic, 1 día tras visualización o 1 día tras visualización activa",0,ABSOLUTE_OCPM,2026-08-24T22:24:38-0300,-,-,-,"A+ - SA - Nueva coleccion 2026",,,,,,0,,,00:00:00,,,,,,,0,0,,,,,,
2026-07-30,2026-07-30,"Ad5 - Video - Sale",inactive,,,,"Con el presupuesto de la campaña",0,0,0,0,0,0,,"En curso","7 días tras clic, 1 día tras visualización o 1 día tras visualización activa",0,ABSOLUTE_OCPM,2026-08-22T19:14:35-0300,-,-,-,"A+ - Publicos Personalizados  - Sale",,,,,,0,,,00:00:00,,,,,,,0,0,,,,,,
2026-07-30,2026-07-30,"Ad6 - Secuencia - Nueva coleccion 202666 - Copia 5",not_delivering,,,,"Con el presupuesto de la campaña",0,782.14,54,48,1.125,14484.074074,,"En curso","7 días tras clic, 1 día tras visualización o 1 día tras visualización activa",0,ABSOLUTE_OCPM,2026-08-24T22:24:38-0300,-,-,-,"A+ - SA - Nueva coleccion 2026",,,,,,2.083333,1,,00:00:00,,,,,,1.851852,4.166667,3.703704,782.14,1,,,,
2026-07-30,2026-07-30,"Ad6 - Secuencia - Nueva coleccion 202666 - Copia 2",inactive,,,,"Con el presupuesto de la campaña",0,0,0,0,0,0,,"En curso","7 días tras clic, 1 día tras visualización o 1 día tras visualización activa",0,ABSOLUTE_OCPM,2026-08-22T19:14:35-0300,-,-,-,"A+ - Publicos Personalizados  - Sale",,,,,,0,,,00:00:00,,,,,,,0,0,,,,,,
2026-07-30,2026-07-30,"Ad2 - Video - Sale",inactive,,,,"Con el presupuesto de la campaña",0,0,0,0,0,0,,"En curso","7 días tras clic, 1 día tras visualización o 1 día tras visualización activa",0,ABSOLUTE_OCPM,2026-08-22T19:14:35-0300,-,-,-,"A+ - Publicos Personalizados  - Sale",,,,,,0,,,00:00:00,,,,,,,0,0,,,,,,
2026-07-30,2026-07-30,"Ad6 - Secuencia - Nueva coleccion 202666 - Copia 2",inactive,,,,"Con el presupuesto de la campaña",0,0,0,0,0,0,,"En curso","7 días tras clic, 1 día tras visualización o 1 día tras visualización activa",0,ABSOLUTE_OCPM,2026-08-22T19:14:35-0300,-,-,-,"A+ - Publicos Personalizados  - Sale",,,,,,0,,,00:00:00,,,,,,,0,0,,,,,,
2026-07-30,2026-07-30,"Ad6 - Secuencia - Nueva coleccion 202666 - Copia 2",inactive,,,,"Con el presupuesto de la campaña",0,0,0,0,0,0,,"En curso","7 días tras clic, 1 día tras visualización o 1 día tras visualización activa",0,ABSOLUTE_OCPM,2026-08-24T22:24:38-0300,-,-,-,"A+ - SA - Nueva coleccion 2026",,,,,,0,,,00:00:00,,,,,,,0,0,,,,,,
2026-07-30,2026-07-30,"Ad6 - Secuencia - Nueva coleccion 202666 - Copia 4",inactive,,,,"Con el presupuesto de la campaña",0,0,0,0,0,0,,"En curso","7 días tras clic, 1 día tras visualización o 1 día tras visualización activa",0,ABSOLUTE_OCPM,2026-08-24T22:24:38-0300,-,-,-,"A+ - SA - Nueva coleccion 2026",,,,,,0,,,00:00:00,,,,,,,0,0,,,,,,
2026-07-30,2026-07-30,"Ad6 - Secuencia - Nueva coleccion 2026 - Copia 3",active,,,,"Con el presupuesto de la campaña",0,0,0,0,0,0,,"En curso","7 días tras clic, 1 día tras visualización o 1 día tras visualización activa",0,ABSOLUTE_OCPM,2026-08-24T22:24:38-0300,-,-,-,"A+ - SA - Nueva coleccion 2026",,,,,,0,,,00:00:00,,,,,,,0,0,,,,,,
2026-07-30,2026-07-30,"Ad6 - Secuencia - Nueva coleccion 202666 - Copia 4",not_delivering,,,,"Con el presupuesto de la campaña",0,0,0,0,0,0,,"En curso","7 días tras clic, 1 día tras visualización o 1 día tras visualización activa",0,ABSOLUTE_OCPM,2026-08-24T22:24:38-0300,-,-,-,"A+ - SA - Nueva coleccion 2026",,,,,,0,,,00:00:00,,,,,,,0,0,,,,,,
2026-07-30,2026-07-30,"Ad6 - Secuencia - Nueva coleccion 202666 - Copia 4",inactive,,,,"Con el presupuesto de la campaña",0,0,0,0,0,0,,"En curso","7 días tras clic, 1 día tras visualización o 1 día tras visualización activa",0,ABSOLUTE_OCPM,2026-08-22T19:14:35-0300,-,-,-,"A+ - Publicos Personalizados  - Sale",,,,,,0,,,00:00:00,,,,,,,0,0,,,,,,
2026-07-30,2026-07-30,"Ad6 - Secuencia - Nueva coleccion 202666 - Copia 3",inactive,,,,"Con el presupuesto de la campaña",0,0,0,0,0,0,,"En curso","7 días tras clic, 1 día tras visualización o 1 día tras visualización activa",0,ABSOLUTE_OCPM,2026-08-22T19:14:35-0300,-,-,-,"A+ - Publicos Personalizados  - Sale",,,,,,0,,,00:00:00,,,,,,,0,0,,,,,,
2026-07-30,2026-07-30,"Ad6 - Secuencia - Nueva coleccion 202666 - Copia 6",inactive,,,,"Con el presupuesto de la campaña",0,0,0,0,0,0,,"En curso","7 días tras clic, 1 día tras visualización o 1 día tras visualización activa",0,ABSOLUTE_OCPM,2026-08-22T19:14:35-0300,-,-,-,"A+ - Publicos Personalizados  - Sale",,,,,,0,,,00:00:00,,,,,,,0,0,,,,,,
2026-07-30,2026-07-30,"Ad6 - Secuencia - Nueva coleccion 202666 - Copia 3",inactive,,,,"Con el presupuesto de la campaña",0,0,0,0,0,0,,"En curso","7 días tras clic, 1 día tras visualización o 1 día tras visualización activa",0,ABSOLUTE_OCPM,2026-08-24T22:24:38-0300,-,-,-,"A+ - SA - Nueva coleccion 2026",,,,,,0,,,00:00:00,,,,,,,0,0,,,,,,
2026-07-30,2026-07-30,"Ad6 - Secuencia - Nueva coleccion 202666 - Copia 4",inactive,,,,"Con el presupuesto de la campaña",0,0,0,0,0,0,,"En curso","7 días tras clic, 1 día tras visualización o 1 día tras visualización activa",0,ABSOLUTE_OCPM,2026-08-22T19:14:35-0300,-,-,-,"A+ - Publicos Personalizados  - Sale",,,,,,0,,,00:00:00,,,,,,,0,0,,,,,,
2026-07-30,2026-07-30,"Ad6 - Secuencia - Nueva coleccion 202666 - Copia 2",inactive,,,,"Con el presupuesto de la campaña",0,0,0,0,0,0,,"En curso","7 días tras clic, 1 día tras visualización o 1 día tras visualización activa",0,ABSOLUTE_OCPM,2026-08-24T22:24:38-0300,-,-,-,"A+ - SA - Nueva coleccion 2026",,,,,,0,,,00:00:00,,,,,,,0,0,,,,,,
2026-07-30,2026-07-30,"Ad6 - Secuencia - Nueva coleccion 202666 - Copia 3",not_delivering,,,,"Con el presupuesto de la campaña",0,3689.82,219,194,1.128866,16848.493151,,"En curso","7 días tras clic, 1 día tras visualización o 1 día tras visualización activa",0,ABSOLUTE_OCPM,2026-08-22T19:14:35-0300,-,-,-,"A+ - Publicos Personalizados  - Sale",,,,,,4.639175,9,,00:00:00,,,,,,4.109589,5.670103,5.479452,409.98,7,,,,
2026-07-30,2026-07-30,"Ad6 - Secuencia - Nueva coleccion 2026 - Copia 4",active,,,,"Con el presupuesto de la campaña",0,0,0,0,0,0,,"En curso","7 días tras clic, 1 día tras visualización o 1 día tras visualización activa",0,ABSOLUTE_OCPM,2026-08-24T22:24:38-0300,-,-,-,"A+ - SA - Nueva coleccion 2026",,,,,,0,,,00:00:00,,,,,,,0,0,,,,,,
2026-07-30,2026-07-30,"Ad6 - Secuencia - Nueva coleccion 202666 - Copia 2",inactive,,,,"Con el presupuesto de la campaña",0,0,0,0,0,0,,"En curso","7 días tras clic, 1 día tras visualización o 1 día tras visualización activa",0,ABSOLUTE_OCPM,2026-08-22T19:14:35-0300,-,-,-,"A+ - Publicos Personalizados  - Sale",,,,,,0,,,00:00:00,,,,,,,0,0,,,,,,
2026-07-30,2026-07-30,"Ad6 - Secuencia - Nueva coleccion 202666 - Copia",inactive,,,,"Con el presupuesto de la campaña",0,51.18,8,8,1,6397.5,,"En curso","7 días tras clic, 1 día tras visualización o 1 día tras visualización activa",0,ABSOLUTE_OCPM,2026-08-24T22:24:38-0300,-,-,-,"A+ - SA - Nueva coleccion 2026",,,,,,0,,,00:00:00,,,,,,,0,0,,,,,,
2026-07-30,2026-07-30,"Ad5 - Video - Sale - Copia 3",inactive,,,,"Con el presupuesto de la campaña",0,0,0,0,0,0,,"En curso","7 días tras clic, 1 día tras visualización o 1 día tras visualización activa",0,ABSOLUTE_OCPM,2026-08-22T19:14:35-0300,-,-,-,"A+ - Publicos Personalizados  - Sale",,,,,,0,,,00:00:00,,,,,,,0,0,,,,,,
2026-07-30,2026-07-30,"Ad6 - Secuencia - Nueva coleccion 202666 - Copia 5",not_delivering,,,,"Con el presupuesto de la campaña",0,0,0,0,0,0,,"En curso","7 días tras clic, 1 día tras visualización o 1 día tras visualización activa",0,ABSOLUTE_OCPM,2026-08-22T19:14:35-0300,-,-,-,"A+ - Publicos Personalizados  - Sale",,,,,,0,,,00:00:00,,,,,,,0,0,,,,,,
2026-07-30,2026-07-30,"Ad5 - Video - Sale - Copia 2",inactive,,,,"Con el presupuesto de la campaña",0,0,0,0,0,0,,"En curso","7 días tras clic, 1 día tras visualización o 1 día tras visualización activa",0,ABSOLUTE_OCPM,2026-08-22T19:14:35-0300,-,-,-,"A+ - Publicos Personalizados  - Sale",,,,,,0,,,00:00:00,,,,,,,0,0,,,,,,
2026-07-30,2026-07-30,"Ad6 - Secuencia - Nueva coleccion 202666 - Copia 2",inactive,,,,"Con el presupuesto de la campaña",0,0,0,0,0,0,,"En curso","7 días tras clic, 1 día tras visualización o 1 día tras visualización activa",0,ABSOLUTE_OCPM,2026-08-22T19:14:35-0300,-,-,-,"A+ - Publicos Personalizados  - Sale",,,,,,0,,,00:00:00,,,,,,,0,0,,,,,,
2026-07-30,2026-07-30,"Ad6 - Secuencia - Nueva coleccion 2026 - Copia",inactive,,,,"Con el presupuesto de la campaña",0,0,0,0,0,0,,"En curso","7 días tras clic, 1 día tras visualización o 1 día tras visualización activa",0,ABSOLUTE_OCPM,2026-08-24T22:24:38-0300,-,-,-,"A+ - SA - Nueva coleccion 2026",,,,,,0,,,00:00:00,,,,,,,0,0,,,,,,
2026-07-30,2026-07-30,"Ad6 - Secuencia - Nueva coleccion 202666 - Copia",inactive,,,,"Con el presupuesto de la campaña",0,2351.32,79,58,1.362069,29763.544304,,"En curso","7 días tras clic, 1 día tras visualización o 1 día tras visualización activa",0,ABSOLUTE_OCPM,2026-08-22T19:14:35-0300,-,-,-,"A+ - Publicos Personalizados  - Sale",,,,,,6.896552,4,25,5,34,21,13,9,9,5.063291,8.62069,7.594937,587.83,3,,1,,
2026-07-30,2026-07-30,"Ad4 - Imagen - Sale",inactive,,,,"Con el presupuesto de la campaña",0,0,0,0,0,0,,"En curso","7 días tras clic, 1 día tras visualización o 1 día tras visualización activa",0,ABSOLUTE_OCPM,2026-08-22T19:14:35-0300,-,-,-,"A+ - Publicos Personalizados  - Sale",,,,,,0,,,00:00:00,,,,,,,0,0,,,,,,
2026-07-30,2026-07-30,"Ad6 - Secuencia - Nueva coleccion 2026 - Copia",inactive,,,,"Con el presupuesto de la campaña",0,0,0,0,0,0,,"En curso","7 días tras clic, 1 día tras visualización o 1 día tras visualización activa",0,ABSOLUTE_OCPM,2026-08-24T22:24:38-0300,-,-,-,"A+ - SA - Nueva coleccion 2026",,,,,,0,,,00:00:00,,,,,,,0,0,,,,,,
2026-07-30,2026-07-30,"Ad3 - Video - Sale",inactive,,,,"Con el presupuesto de la campaña",0,0,0,0,0,0,,"En curso","7 días tras clic, 1 día tras visualización o 1 día tras visualización activa",0,ABSOLUTE_OCPM,2026-08-22T19:14:35-0300,-,-,-,"A+ - Publicos Personalizados  - Sale",,,,,,0,,,00:00:00,,,,,,,0,0,,,,,,
2026-07-30,2026-07-30,"Ad5 - Video - Sale - Copia",not_delivering,,,,"Con el presupuesto de la campaña",0,2786.57,309,290,1.065517,9018.02589,,"En curso","7 días tras clic, 1 día tras visualización o 1 día tras visualización activa",0,ABSOLUTE_OCPM,2026-08-22T19:14:35-0300,-,-,-,"A+ - Publicos Personalizados  - Sale",,,,,,6.206897,18,155,10,55,40,36,8,58,5.825243,8.275862,9.385113,154.809444,17,,,,
2026-07-30,2026-07-30,"Ad1 - Video - Sale",inactive,,,,"Con el presupuesto de la campaña",0,0,0,0,0,0,,"En curso","7 días tras clic, 1 día tras visualización o 1 día tras visualización activa",0,ABSOLUTE_OCPM,2026-08-22T19:14:35-0300,-,-,-,"A+ - Publicos Personalizados  - Sale",,,,,,0,,,00:00:00,,,,,,,0,0,,,,,,
2026-07-29,2026-07-29,"Ad6 - Secuencia - Nueva coleccion 202666 - Copia 2",inactive,,,,"Con el presupuesto de la campaña",0,0,0,0,0,0,,"En curso","7 días tras clic, 1 día tras visualización o 1 día tras visualización activa",0,ABSOLUTE_OCPM,2026-08-22T19:14:35-0300,-,-,-,"A+ - Publicos Personalizados  - Sale",,,,,,0,,,00:00:00,,,,,,,0,0,,,,,,
2026-07-29,2026-07-29,"Ad6 - Secuencia - Nueva coleccion 202666 - Copia 7",active,,,,"Con el presupuesto de la campaña",0,42.85,8,8,1,5356.25,,"En curso","7 días tras clic, 1 día tras visualización o 1 día tras visualización activa",0,ABSOLUTE_OCPM,2026-08-24T22:24:38-0300,-,-,-,"A+ - SA - Nueva coleccion 2026",,,,,,25,2,,00:00:00,,,,,,25,25,25,21.425,1,,,,
2026-07-29,2026-07-29,"Ad6 - Secuencia - Nueva coleccion 2026 - Copia 2",inactive,,,,"Con el presupuesto de la campaña",0,0,0,0,0,0,,"En curso","7 días tras clic, 1 día tras visualización o 1 día tras visualización activa",0,ABSOLUTE_OCPM,2026-08-24T22:24:38-0300,-,-,-,"A+ - SA - Nueva coleccion 2026",,,,,,0,,,00:00:00,,,,,,,0,0,,,,,,
2026-07-29,2026-07-29,"Ad6 - Secuencia - Nueva coleccion 202666 - Copia 6",inactive,,,,"Con el presupuesto de la campaña",0,0,0,0,0,0,,"En curso","7 días tras clic, 1 día tras visualización o 1 día tras visualización activa",0,ABSOLUTE_OCPM,2026-08-22T19:14:35-0300,-,-,-,"A+ - Publicos Personalizados  - Sale",,,,,,0,,,00:00:00,,,,,,,0,0,,,,,,
2026-07-29,2026-07-29,1,inactive,,,,"Con el presupuesto de la campaña",0,0,0,0,0,0,,"En curso","7 días tras clic, 1 día tras visualización o 1 día tras visualización activa",0,ABSOLUTE_OCPM,2026-08-22T19:14:35-0300,-,-,-,"A+ - Publicos Personalizados  - Sale",,,,,,0,,,00:00:00,,,,,,,0,0,,,,,,
2026-07-29,2026-07-29,"Ad3 - Angulo Producto Fit",active,,,,"Con el presupuesto de la campaña",0,0,0,0,0,0,,"En curso","7 días tras clic o 1 día tras visualización",0,ABSOLUTE_OCPM,2026-08-22T06:31:57-0300,-,-,-,"A+ - Prospecting - Angulos Nuevos (Anticipo-Viaje-Producto)",,,,,,0,,,00:00:00,,,,,,,0,0,,,,,,
2026-07-29,2026-07-29,"Ad6 - Secuencia - Nueva coleccion 202666 - Copia 3",inactive,,,,"Con el presupuesto de la campaña",0,0,0,0,0,0,,"En curso","7 días tras clic, 1 día tras visualización o 1 día tras visualización activa",0,ABSOLUTE_OCPM,2026-08-22T19:14:35-0300,-,-,-,"A+ - Publicos Personalizados  - Sale",,,,,,0,,,00:00:00,,,,,,,0,0,,,,,,
2026-07-29,2026-07-29,"Ad6 - Secuencia - Nueva coleccion 202666 - Copia 6",active,,,,"Con el presupuesto de la campaña",0,541.29,64,57,1.122807,8457.65625,,"En curso","7 días tras clic, 1 día tras visualización o 1 día tras visualización activa",0,ABSOLUTE_OCPM,2026-08-24T22:24:38-0300,-,-,-,"A+ - SA - Nueva coleccion 2026",,,,,,3.508772,2,,00:00:00,,,,,,3.125,3.508772,3.125,270.645,2,,,,
2026-07-29,2026-07-29,"Ad2 - Angulo Viaje",active,,,,"Con el presupuesto de la campaña",0,0,0,0,0,0,,"En curso","7 días tras clic o 1 día tras visualización",0,ABSOLUTE_OCPM,2026-08-22T06:31:57-0300,-,-,-,"A+ - Prospecting - Angulos Nuevos (Anticipo-Viaje-Producto)",,,,,,0,,,00:00:00,,,,,,,0,0,,,,,,
2026-07-29,2026-07-29,"Secuencia imagenes 1 - Minimal SS25 - Copia 2",inactive,,,,"Con el presupuesto de la campaña",0,0,0,0,0,0,,"En curso","7 días tras clic, 1 día tras visualización o 1 día tras visualización activa",0,ABSOLUTE_OCPM,2026-08-22T19:14:35-0300,-,-,-,"A+ - Publicos Personalizados  - Sale",,,,,,0,,,00:00:00,,,,,,,0,0,,,,,,
2026-07-29,2026-07-29,"Ad6 - Secuencia - Nueva coleccion 202666 - Copia 9",active,,,,"Con el presupuesto de la campaña",0,50.86,11,11,1,4623.636364,,"En curso","7 días tras clic, 1 día tras visualización o 1 día tras visualización activa",0,ABSOLUTE_OCPM,2026-08-24T22:24:38-0300,-,-,-,"A+ - SA - Nueva coleccion 2026",,,,,,9.090909,2,,00:00:00,,,,,,18.181818,18.181818,27.272727,25.43,2,,,,
2026-07-29,2026-07-29,"Ad1 - Angulo Anticipo Temporada",active,,,,"Con el presupuesto de la campaña",0,0,0,0,0,0,,"En curso","7 días tras clic o 1 día tras visualización",0,ABSOLUTE_OCPM,2026-08-22T06:31:57-0300,-,-,-,"A+ - Prospecting - Angulos Nuevos (Anticipo-Viaje-Producto)",,,,,,0,,,00:00:00,,,,,,,0,0,,,,,,
2026-07-29,2026-07-29,"Ad6 - Secuencia - Nueva coleccion 2026 - Copia 3",inactive,,,,"Con el presupuesto de la campaña",0,0,0,0,0,0,,"En curso","7 días tras clic, 1 día tras visualización o 1 día tras visualización activa",0,ABSOLUTE_OCPM,2026-08-22T19:14:35-0300,-,-,-,"A+ - Publicos Personalizados  - Sale",,,,,,0,,,00:00:00,,,,,,,0,0,,,,,,
2026-07-29,2026-07-29,"Ad6 - Secuencia - Nueva coleccion 202666 - Copia 10",active,,,,"Con el presupuesto de la campaña",0,0,0,0,0,0,,"En curso","7 días tras clic, 1 día tras visualización o 1 día tras visualización activa",0,ABSOLUTE_OCPM,2026-08-24T22:24:38-0300,-,-,-,"A+ - SA - Nueva coleccion 2026",,,,,,0,,,00:00:00,,,,,,,0,0,,,,,,
2026-07-29,2026-07-29,"Ad6 - Secuencia - Nueva coleccion 202666 - Copia 12",active,,,,"Con el presupuesto de la campaña",0,0,0,0,0,0,,"En curso","7 días tras clic, 1 día tras visualización o 1 día tras visualización activa",0,ABSOLUTE_OCPM,2026-08-24T22:24:38-0300,-,-,-,"A+ - SA - Nueva coleccion 2026",,,,,,0,,,00:00:00,,,,,,,0,0,,,,,,
2026-07-29,2026-07-29,"Ad5 - Video - Sale - Copia 2",inactive,,,,"Con el presupuesto de la campaña",0,0,0,0,0,0,,"En curso","7 días tras clic, 1 día tras visualización o 1 día tras visualización activa",0,ABSOLUTE_OCPM,2026-08-22T19:14:35-0300,-,-,-,"A+ - Publicos Personalizados  - Sale",,,,,,0,,,00:00:00,,,,,,,0,0,,,,,,
2026-07-29,2026-07-29,"Ad6 - Secuencia - Nueva coleccion 202666 - Copia 7",inactive,,,,"Con el presupuesto de la campaña",0,0,0,0,0,0,,"En curso","7 días tras clic, 1 día tras visualización o 1 día tras visualización activa",0,ABSOLUTE_OCPM,2026-08-24T22:24:38-0300,-,-,-,"A+ - SA - Nueva coleccion 2026",,,,,,0,,,00:00:00,,,,,,,0,0,,,,,,
2026-07-29,2026-07-29,"Ad6 - Secuencia - Nueva coleccion 202666 - Copia 5",not_delivering,,,,"Con el presupuesto de la campaña",0,777.85,49,39,1.25641,15874.489796,,"En curso","7 días tras clic, 1 día tras visualización o 1 día tras visualización activa",0,ABSOLUTE_OCPM,2026-08-22T19:14:35-0300,-,-,-,"A+ - Publicos Personalizados  - Sale",,,,,,2.564103,1,,00:00:00,,,,,,2.040816,2.564103,2.040816,777.85,,,,,
2026-07-29,2026-07-29,"Ad6 - Secuencia - Nueva coleccion 2026 - Copia 3",inactive,,,,"Con el presupuesto de la campaña",0,0,0,0,0,0,,"En curso","7 días tras clic, 1 día tras visualización o 1 día tras visualización activa",0,ABSOLUTE_OCPM,2026-08-22T19:14:35-0300,-,-,-,"A+ - Publicos Personalizados  - Sale",,,,,,0,,,00:00:00,,,,,,,0,0,,,,,,
2026-07-29,2026-07-29,"Ad6 - Secuencia - Nueva coleccion 202666 - Copia 9",active,,,,"Con el presupuesto de la campaña",0,420.96,19,18,1.055556,22155.789474,,"En curso","7 días tras clic, 1 día tras visualización o 1 día tras visualización activa",0,ABSOLUTE_OCPM,2026-08-24T22:24:38-0300,-,-,-,"A+ - SA - Nueva coleccion 2026",,,,,,5.555556,1,,00:00:00,,,,,,5.263158,5.555556,5.263158,420.96,1,,,,
2026-07-29,2026-07-29,"Ad6 - Secuencia - Nueva coleccion 202666 - Copia 11",active,,,,"Con el presupuesto de la campaña",0,58380.54,8517,5541,1.537087,6854.589644,,"En curso","7 días tras clic, 1 día tras visualización o 1 día tras visualización activa",0,ABSOLUTE_OCPM,2026-08-24T22:24:38-0300,-,-,-,"A+ - SA - Nueva coleccion 2026",,,,,,3.266558,236,15,3,30,17,10,8,8,2.770929,4.114781,3.804156,247.375169,192,25,,,
2026-07-29,2026-07-29,"Ad5 - Video - Sale - Copia 3",inactive,,,,"Con el presupuesto de la campaña",0,0,0,0,0,0,,"En curso","7 días tras clic, 1 día tras visualización o 1 día tras visualización activa",0,ABSOLUTE_OCPM,2026-08-22T19:14:35-0300,-,-,-,"A+ - Publicos Personalizados  - Sale",,,,,,0,,,00:00:00,,,,,,,0,0,,,,,,
2026-07-29,2026-07-29,"Ad6 - Secuencia - Nueva coleccion 202666 - Copia 6",active,,,,"Con el presupuesto de la campaña",0,0,0,0,0,0,,"En curso","7 días tras clic, 1 día tras visualización o 1 día tras visualización activa",0,ABSOLUTE_OCPM,2026-08-24T22:24:38-0300,-,-,-,"A+ - SA - Nueva coleccion 2026",,,,,,0,,,00:00:00,,,,,,,0,0,,,,,,
2026-07-29,2026-07-29,"Ad6 - Secuencia - Nueva coleccion 202666 - Copia 4",inactive,,,,"Con el presupuesto de la campaña",0,0,0,0,0,0,,"En curso","7 días tras clic, 1 día tras visualización o 1 día tras visualización activa",0,ABSOLUTE_OCPM,2026-08-22T19:14:35-0300,-,-,-,"A+ - Publicos Personalizados  - Sale",,,,,,0,,,00:00:00,,,,,,,0,0,,,,,,
2026-07-29,2026-07-29,"Ad6 - Video - Sale - Copia",inactive,,,,"Con el presupuesto de la campaña",0,0,0,0,0,0,,"En curso","7 días tras clic, 1 día tras visualización o 1 día tras visualización activa",0,ABSOLUTE_OCPM,2026-08-22T19:14:35-0300,-,-,-,"A+ - Publicos Personalizados  - Sale",,,,,,0,,,00:00:00,,,,,,,0,0,,,,,,
2026-07-29,2026-07-29,"Ad6 - Secuencia - Nueva coleccion 202666 - Copia 3",inactive,,,,"Con el presupuesto de la campaña",0,0,0,0,0,0,,"En curso","7 días tras clic, 1 día tras visualización o 1 día tras visualización activa",0,ABSOLUTE_OCPM,2026-08-22T19:14:35-0300,-,-,-,"A+ - Publicos Personalizados  - Sale",,,,,,0,,,00:00:00,,,,,,,0,0,,,,,,
2026-07-29,2026-07-29,"Ad6 - Secuencia - Nueva coleccion 202666 - Copia 4",inactive,,,,"Con el presupuesto de la campaña",0,0,0,0,0,0,,"En curso","7 días tras clic, 1 día tras visualización o 1 día tras visualización activa",0,ABSOLUTE_OCPM,2026-08-22T19:14:35-0300,-,-,-,"A+ - Publicos Personalizados  - Sale",,,,,,0,,,00:00:00,,,,,,,0,0,,,,,,
2026-07-29,2026-07-29,"Ad7 - Video - Sale",inactive,,,,"Con el presupuesto de la campaña",0,0,0,0,0,0,,"En curso","7 días tras clic, 1 día tras visualización o 1 día tras visualización activa",0,ABSOLUTE_OCPM,2026-08-22T19:14:35-0300,-,-,-,"A+ - Publicos Personalizados  - Sale",,,,,,0,,,00:00:00,,,,,,,0,0,,,,,,
2026-07-29,2026-07-29,"Ad6 - Secuencia - Nueva coleccion 202666 - Copia 8",active,,,,"Con el presupuesto de la campaña",0,264.04,29,26,1.115385,9104.827586,,"En curso","7 días tras clic, 1 día tras visualización o 1 día tras visualización activa",0,ABSOLUTE_OCPM,2026-08-24T22:24:38-0300,-,-,-,"A+ - SA - Nueva coleccion 2026",,,,,,3.846154,1,,00:00:00,,,,,,3.448276,7.692308,6.896552,264.04,1,,,,
2026-07-29,2026-07-29,"Ad6 - Secuencia - Nueva coleccion 202666 - Copia 7",inactive,,,,"Con el presupuesto de la campaña",0,0,0,0,0,0,,"En curso","7 días tras clic, 1 día tras visualización o 1 día tras visualización activa",0,ABSOLUTE_OCPM,2026-08-22T19:14:35-0300,-,-,-,"A+ - Publicos Personalizados  - Sale",,,,,,0,,,00:00:00,,,,,,,0,0,,,,,,
2026-07-29,2026-07-29,"Ad6 - Video - Sale",inactive,,,,"Con el presupuesto de la campaña",0,0,0,0,0,0,,"En curso","7 días tras clic, 1 día tras visualización o 1 día tras visualización activa",0,ABSOLUTE_OCPM,2026-08-22T19:14:35-0300,-,-,-,"A+ - Publicos Personalizados  - Sale",,,,,,0,,,00:00:00,,,,,,,0,0,,,,,,
2026-07-29,2026-07-29,"Ad6 - Secuencia - Nueva coleccion 202666 - Copia 6",inactive,,,,"Con el presupuesto de la campaña",0,0,0,0,0,0,,"En curso","7 días tras clic, 1 día tras visualización o 1 día tras visualización activa",0,ABSOLUTE_OCPM,2026-08-24T22:24:38-0300,-,-,-,"A+ - SA - Nueva coleccion 2026",,,,,,0,,,00:00:00,,,,,,,0,0,,,,,,
2026-07-29,2026-07-29,"Ad6 - Secuencia - Nueva coleccion 202666 - Copia 7",inactive,,,,"Con el presupuesto de la campaña",0,0,0,0,0,0,,"En curso","7 días tras clic, 1 día tras visualización o 1 día tras visualización activa",0,ABSOLUTE_OCPM,2026-08-24T22:24:38-0300,-,-,-,"A+ - SA - Nueva coleccion 2026",,,,,,0,,,00:00:00,,,,,,,0,0,,,,,,
2026-07-29,2026-07-29,"Ad5 - Video - Sale",inactive,,,,"Con el presupuesto de la campaña",0,0,0,0,0,0,,"En curso","7 días tras clic, 1 día tras visualización o 1 día tras visualización activa",0,ABSOLUTE_OCPM,2026-08-22T19:14:35-0300,-,-,-,"A+ - Publicos Personalizados  - Sale",,,,,,0,,,00:00:00,,,,,,,0,0,,,,,,
2026-07-29,2026-07-29,"Ad6 - Secuencia - Nueva coleccion 202666 - Copia 5",not_delivering,,,,"Con el presupuesto de la campaña",0,14.24,5,5,1,2848,,"En curso","7 días tras clic, 1 día tras visualización o 1 día tras visualización activa",0,ABSOLUTE_OCPM,2026-08-24T22:24:38-0300,-,-,-,"A+ - SA - Nueva coleccion 2026",,,,,,0,,,00:00:00,,,,,,,0,0,,,,,,
2026-07-29,2026-07-29,"Ad6 - Secuencia - Nueva coleccion 202666 - Copia 2",inactive,,,,"Con el presupuesto de la campaña",0,0,0,0,0,0,,"En curso","7 días tras clic, 1 día tras visualización o 1 día tras visualización activa",0,ABSOLUTE_OCPM,2026-08-22T19:14:35-0300,-,-,-,"A+ - Publicos Personalizados  - Sale",,,,,,0,,,00:00:00,,,,,,,0,0,,,,,,
2026-07-29,2026-07-29,"Ad2 - Video - Sale",inactive,,,,"Con el presupuesto de la campaña",0,0,0,0,0,0,,"En curso","7 días tras clic, 1 día tras visualización o 1 día tras visualización activa",0,ABSOLUTE_OCPM,2026-08-22T19:14:35-0300,-,-,-,"A+ - Publicos Personalizados  - Sale",,,,,,0,,,00:00:00,,,,,,,0,0,,,,,,
2026-07-29,2026-07-29,"Ad6 - Secuencia - Nueva coleccion 202666 - Copia 2",inactive,,,,"Con el presupuesto de la campaña",0,0,0,0,0,0,,"En curso","7 días tras clic, 1 día tras visualización o 1 día tras visualización activa",0,ABSOLUTE_OCPM,2026-08-22T19:14:35-0300,-,-,-,"A+ - Publicos Personalizados  - Sale",,,,,,0,,,00:00:00,,,,,,,0,0,,,,,,
2026-07-29,2026-07-29,"Ad6 - Secuencia - Nueva coleccion 202666 - Copia 2",inactive,,,,"Con el presupuesto de la campaña",0,0,0,0,0,0,,"En curso","7 días tras clic, 1 día tras visualización o 1 día tras visualización activa",0,ABSOLUTE_OCPM,2026-08-24T22:24:38-0300,-,-,-,"A+ - SA - Nueva coleccion 2026",,,,,,0,,,00:00:00,,,,,,,0,0,,,,,,
2026-07-29,2026-07-29,"Ad6 - Secuencia - Nueva coleccion 202666 - Copia 4",inactive,,,,"Con el presupuesto de la campaña",0,0,0,0,0,0,,"En curso","7 días tras clic, 1 día tras visualización o 1 día tras visualización activa",0,ABSOLUTE_OCPM,2026-08-24T22:24:38-0300,-,-,-,"A+ - SA - Nueva coleccion 2026",,,,,,0,,,00:00:00,,,,,,,0,0,,,,,,
2026-07-29,2026-07-29,"Ad6 - Secuencia - Nueva coleccion 2026 - Copia 3",active,,,,"Con el presupuesto de la campaña",0,0,0,0,0,0,,"En curso","7 días tras clic, 1 día tras visualización o 1 día tras visualización activa",0,ABSOLUTE_OCPM,2026-08-24T22:24:38-0300,-,-,-,"A+ - SA - Nueva coleccion 2026",,,,,,0,,,00:00:00,,,,,,,0,0,,,,,,
2026-07-29,2026-07-29,"Ad6 - Secuencia - Nueva coleccion 202666 - Copia 4",not_delivering,,,,"Con el presupuesto de la campaña",0,0,0,0,0,0,,"En curso","7 días tras clic, 1 día tras visualización o 1 día tras visualización activa",0,ABSOLUTE_OCPM,2026-08-24T22:24:38-0300,-,-,-,"A+ - SA - Nueva coleccion 2026",,,,,,0,,,00:00:00,,,,,,,0,0,,,,,,
2026-07-29,2026-07-29,"Ad6 - Secuencia - Nueva coleccion 202666 - Copia 4",inactive,,,,"Con el presupuesto de la campaña",0,0,0,0,0,0,,"En curso","7 días tras clic, 1 día tras visualización o 1 día tras visualización activa",0,ABSOLUTE_OCPM,2026-08-22T19:14:35-0300,-,-,-,"A+ - Publicos Personalizados  - Sale",,,,,,0,,,00:00:00,,,,,,,0,0,,,,,,
2026-07-29,2026-07-29,"Ad6 - Secuencia - Nueva coleccion 202666 - Copia 3",inactive,,,,"Con el presupuesto de la campaña",0,0,0,0,0,0,,"En curso","7 días tras clic, 1 día tras visualización o 1 día tras visualización activa",0,ABSOLUTE_OCPM,2026-08-22T19:14:35-0300,-,-,-,"A+ - Publicos Personalizados  - Sale",,,,,,0,,,00:00:00,,,,,,,0,0,,,,,,
2026-07-29,2026-07-29,"Ad6 - Secuencia - Nueva coleccion 202666 - Copia 6",inactive,,,,"Con el presupuesto de la campaña",0,138.62,1,1,1,138620,,"En curso","7 días tras clic, 1 día tras visualización o 1 día tras visualización activa",0,ABSOLUTE_OCPM,2026-08-22T19:14:35-0300,-,-,-,"A+ - Publicos Personalizados  - Sale",,,,,,0,,,00:00:00,,,,,,,0,0,,,,,,
2026-07-29,2026-07-29,"Ad6 - Secuencia - Nueva coleccion 202666 - Copia 3",inactive,,,,"Con el presupuesto de la campaña",0,0,0,0,0,0,,"En curso","7 días tras clic, 1 día tras visualización o 1 día tras visualización activa",0,ABSOLUTE_OCPM,2026-08-24T22:24:38-0300,-,-,-,"A+ - SA - Nueva coleccion 2026",,,,,,0,,,00:00:00,,,,,,,0,0,,,,,,
2026-07-29,2026-07-29,"Ad6 - Secuencia - Nueva coleccion 202666 - Copia 4",inactive,,,,"Con el presupuesto de la campaña",0,0,0,0,0,0,,"En curso","7 días tras clic, 1 día tras visualización o 1 día tras visualización activa",0,ABSOLUTE_OCPM,2026-08-22T19:14:35-0300,-,-,-,"A+ - Publicos Personalizados  - Sale",,,,,,0,,,00:00:00,,,,,,,0,0,,,,,,
2026-07-29,2026-07-29,"Ad6 - Secuencia - Nueva coleccion 202666 - Copia 2",inactive,,,,"Con el presupuesto de la campaña",0,0,0,0,0,0,,"En curso","7 días tras clic, 1 día tras visualización o 1 día tras visualización activa",0,ABSOLUTE_OCPM,2026-08-24T22:24:38-0300,-,-,-,"A+ - SA - Nueva coleccion 2026",,,,,,0,,,00:00:00,,,,,,,0,0,,,,,,
2026-07-29,2026-07-29,"Ad6 - Secuencia - Nueva coleccion 202666 - Copia 3",not_delivering,1,actions:offsite_conversion.fb_pixel_purchase,10858.38,"Con el presupuesto de la campaña",0,10858.38,814,700,1.162857,13339.53317,1,"En curso","7 días tras clic, 1 día tras visualización o 1 día tras visualización activa",0,ABSOLUTE_OCPM,2026-08-22T19:14:35-0300,Promedio,Promedio,"Por debajo del promedio - 35% de los anuncios menos relevantes","A+ - Publicos Personalizados  - Sale",6.311337,68530.89,68530.89,6.3113365,action_values:offsite_conversion.fb_pixel_purchase,2.428571,17,,00:00:00,,,,,,2.088452,3.142857,3.071253,638.728235,19,1,,,
2026-07-29,2026-07-29,"Ad6 - Secuencia - Nueva coleccion 2026 - Copia 4",active,,,,"Con el presupuesto de la campaña",0,0,0,0,0,0,,"En curso","7 días tras clic, 1 día tras visualización o 1 día tras visualización activa",0,ABSOLUTE_OCPM,2026-08-24T22:24:38-0300,-,-,-,"A+ - SA - Nueva coleccion 2026",,,,,,0,,,00:00:00,,,,,,,0,0,,,,,,
2026-07-29,2026-07-29,"Ad6 - Secuencia - Nueva coleccion 202666 - Copia 2",inactive,,,,"Con el presupuesto de la campaña",0,0,0,0,0,0,,"En curso","7 días tras clic, 1 día tras visualización o 1 día tras visualización activa",0,ABSOLUTE_OCPM,2026-08-22T19:14:35-0300,-,-,-,"A+ - Publicos Personalizados  - Sale",,,,,,0,,,00:00:00,,,,,,,0,0,,,,,,
2026-07-29,2026-07-29,"Ad6 - Secuencia - Nueva coleccion 202666 - Copia",inactive,,,,"Con el presupuesto de la campaña",0,968.86,107,103,1.038835,9054.766355,,"En curso","7 días tras clic, 1 día tras visualización o 1 día tras visualización activa",0,ABSOLUTE_OCPM,2026-08-24T22:24:38-0300,-,-,-,"A+ - SA - Nueva coleccion 2026",,,,,,0,,,00:00:00,,,,,,,0.970874,0.934579,,,,,,
2026-07-29,2026-07-29,"Ad5 - Video - Sale - Copia 3",inactive,,,,"Con el presupuesto de la campaña",0,0,0,0,0,0,,"En curso","7 días tras clic, 1 día tras visualización o 1 día tras visualización activa",0,ABSOLUTE_OCPM,2026-08-22T19:14:35-0300,-,-,-,"A+ - Publicos Personalizados  - Sale",,,,,,0,,,00:00:00,,,,,,,0,0,,,,,,
2026-07-29,2026-07-29,"Ad6 - Secuencia - Nueva coleccion 202666 - Copia 5",not_delivering,,,,"Con el presupuesto de la campaña",0,376.81,9,9,1,41867.777778,,"En curso","7 días tras clic, 1 día tras visualización o 1 día tras visualización activa",0,ABSOLUTE_OCPM,2026-08-22T19:14:35-0300,-,-,-,"A+ - Publicos Personalizados  - Sale",,,,,,0,,,00:00:00,,,,,,,0,0,,,,,,
2026-07-29,2026-07-29,"Ad5 - Video - Sale - Copia 2",inactive,,,,"Con el presupuesto de la campaña",0,0,0,0,0,0,,"En curso","7 días tras clic, 1 día tras visualización o 1 día tras visualización activa",0,ABSOLUTE_OCPM,2026-08-22T19:14:35-0300,-,-,-,"A+ - Publicos Personalizados  - Sale",,,,,,0,,,00:00:00,,,,,,,0,0,,,,,,
2026-07-29,2026-07-29,"Ad6 - Secuencia - Nueva coleccion 202666 - Copia 2",inactive,,,,"Con el presupuesto de la campaña",0,0,0,0,0,0,,"En curso","7 días tras clic, 1 día tras visualización o 1 día tras visualización activa",0,ABSOLUTE_OCPM,2026-08-22T19:14:35-0300,-,-,-,"A+ - Publicos Personalizados  - Sale",,,,,,0,,,00:00:00,,,,,,,0,0,,,,,,
2026-07-29,2026-07-29,"Ad6 - Secuencia - Nueva coleccion 2026 - Copia",inactive,,,,"Con el presupuesto de la campaña",0,0,0,0,0,0,,"En curso","7 días tras clic, 1 día tras visualización o 1 día tras visualización activa",0,ABSOLUTE_OCPM,2026-08-24T22:24:38-0300,-,-,-,"A+ - SA - Nueva coleccion 2026",,,,,,0,,,00:00:00,,,,,,,0,0,,,,,,
2026-07-29,2026-07-29,"Ad6 - Secuencia - Nueva coleccion 202666 - Copia",inactive,,,,"Con el presupuesto de la campaña",0,0,0,0,0,0,,"En curso","7 días tras clic, 1 día tras visualización o 1 día tras visualización activa",0,ABSOLUTE_OCPM,2026-08-22T19:14:35-0300,-,-,-,"A+ - Publicos Personalizados  - Sale",,,,,,0,,,00:00:00,,,,,,,0,0,,,,,,
2026-07-29,2026-07-29,"Ad4 - Imagen - Sale",inactive,,,,"Con el presupuesto de la campaña",0,0,0,0,0,0,,"En curso","7 días tras clic, 1 día tras visualización o 1 día tras visualización activa",0,ABSOLUTE_OCPM,2026-08-22T19:14:35-0300,-,-,-,"A+ - Publicos Personalizados  - Sale",,,,,,0,,,00:00:00,,,,,,,0,0,,,,,,
2026-07-29,2026-07-29,"Ad6 - Secuencia - Nueva coleccion 2026 - Copia",inactive,,,,"Con el presupuesto de la campaña",0,0,0,0,0,0,,"En curso","7 días tras clic, 1 día tras visualización o 1 día tras visualización activa",0,ABSOLUTE_OCPM,2026-08-24T22:24:38-0300,-,-,-,"A+ - SA - Nueva coleccion 2026",,,,,,0,,,00:00:00,,,,,,,0,0,,,,,,
2026-07-29,2026-07-29,"Ad3 - Video - Sale",inactive,,,,"Con el presupuesto de la campaña",0,0,0,0,0,0,,"En curso","7 días tras clic, 1 día tras visualización o 1 día tras visualización activa",0,ABSOLUTE_OCPM,2026-08-22T19:14:35-0300,-,-,-,"A+ - Publicos Personalizados  - Sale",,,,,,0,,,00:00:00,,,,,,,0,0,,,,,,
2026-07-29,2026-07-29,"Ad5 - Video - Sale - Copia",not_delivering,,,,"Con el presupuesto de la campaña",0,4973.07,590,553,1.066908,8428.932203,,"En curso","7 días tras clic, 1 día tras visualización o 1 día tras visualización activa",0,ABSOLUTE_OCPM,2026-08-22T19:14:35-0300,-,-,-,"A+ - Publicos Personalizados  - Sale",,,,,,5.063291,33,273,8,85,55,46,15,89,5.59322,6.329114,7.79661,150.699091,28,2,,,
2026-07-29,2026-07-29,"Ad1 - Video - Sale",inactive,,,,"Con el presupuesto de la campaña",0,0,0,0,0,0,,"En curso","7 días tras clic, 1 día tras visualización o 1 día tras visualización activa",0,ABSOLUTE_OCPM,2026-08-22T19:14:35-0300,-,-,-,"A+ - Publicos Personalizados  - Sale",,,,,,0,,,00:00:00,,,,,,,0,0,,,,,,
2026-07-28,2026-07-28,"Ad6 - Secuencia - Nueva coleccion 202666 - Copia 2",inactive,,,,"Con el presupuesto de la campaña",0,0,0,0,0,0,,"En curso","7 días tras clic, 1 día tras visualización o 1 día tras visualización activa",0,ABSOLUTE_OCPM,2026-08-22T19:14:35-0300,-,-,-,"A+ - Publicos Personalizados  - Sale",,,,,,0,,,00:00:00,,,,,,,0,0,,,,,,
2026-07-28,2026-07-28,"Ad6 - Secuencia - Nueva coleccion 202666 - Copia 7",active,,,,"Con el presupuesto de la campaña",0,326.8,31,30,1.033333,10541.935484,,"En curso","7 días tras clic, 1 día tras visualización o 1 día tras visualización activa",0,ABSOLUTE_OCPM,2026-08-24T22:24:38-0300,-,-,-,"A+ - SA - Nueva coleccion 2026",,,,,,3.333333,1,,00:00:00,,,,,,3.225806,3.333333,3.225806,326.8,1,,,,
2026-07-28,2026-07-28,"Ad6 - Secuencia - Nueva coleccion 2026 - Copia 2",inactive,,,,"Con el presupuesto de la campaña",0,0,0,0,0,0,,"En curso","7 días tras clic, 1 día tras visualización o 1 día tras visualización activa",0,ABSOLUTE_OCPM,2026-08-24T22:24:38-0300,-,-,-,"A+ - SA - Nueva coleccion 2026",,,,,,0,,,00:00:00,,,,,,,0,0,,,,,,
2026-07-28,2026-07-28,"Ad6 - Secuencia - Nueva coleccion 202666 - Copia 6",inactive,,,,"Con el presupuesto de la campaña",0,0,0,0,0,0,,"En curso","7 días tras clic, 1 día tras visualización o 1 día tras visualización activa",0,ABSOLUTE_OCPM,2026-08-22T19:14:35-0300,-,-,-,"A+ - Publicos Personalizados  - Sale",,,,,,0,,,00:00:00,,,,,,,0,0,,,,,,
2026-07-28,2026-07-28,1,inactive,,,,"Con el presupuesto de la campaña",0,0,0,0,0,0,,"En curso","7 días tras clic, 1 día tras visualización o 1 día tras visualización activa",0,ABSOLUTE_OCPM,2026-08-22T19:14:35-0300,-,-,-,"A+ - Publicos Personalizados  - Sale",,,,,,0,,,00:00:00,,,,,,,0,0,,,,,,
2026-07-28,2026-07-28,"Ad3 - Angulo Producto Fit",active,,,,"Con el presupuesto de la campaña",0,0,0,0,0,0,,"En curso","7 días tras clic o 1 día tras visualización",0,ABSOLUTE_OCPM,2026-08-22T06:31:57-0300,-,-,-,"A+ - Prospecting - Angulos Nuevos (Anticipo-Viaje-Producto)",,,,,,0,,,00:00:00,,,,,,,0,0,,,,,,
2026-07-28,2026-07-28,"Ad6 - Secuencia - Nueva coleccion 202666 - Copia 3",inactive,,,,"Con el presupuesto de la campaña",0,0,0,0,0,0,,"En curso","7 días tras clic, 1 día tras visualización o 1 día tras visualización activa",0,ABSOLUTE_OCPM,2026-08-22T19:14:35-0300,-,-,-,"A+ - Publicos Personalizados  - Sale",,,,,,0,,,00:00:00,,,,,,,0,0,,,,,,
2026-07-28,2026-07-28,"Ad6 - Secuencia - Nueva coleccion 202666 - Copia 6",active,,,,"Con el presupuesto de la campaña",0,155.18,32,32,1,4849.375,,"En curso","7 días tras clic, 1 día tras visualización o 1 día tras visualización activa",0,ABSOLUTE_OCPM,2026-08-24T22:24:38-0300,-,-,-,"A+ - SA - Nueva coleccion 2026",,,,,,6.25,2,,00:00:00,,,,,,6.25,6.25,6.25,77.59,1,,,,
2026-07-28,2026-07-28,"Ad2 - Angulo Viaje",active,,,,"Con el presupuesto de la campaña",0,0,0,0,0,0,,"En curso","7 días tras clic o 1 día tras visualización",0,ABSOLUTE_OCPM,2026-08-22T06:31:57-0300,-,-,-,"A+ - Prospecting - Angulos Nuevos (Anticipo-Viaje-Producto)",,,,,,0,,,00:00:00,,,,,,,0,0,,,,,,
2026-07-28,2026-07-28,"Secuencia imagenes 1 - Minimal SS25 - Copia 2",inactive,,,,"Con el presupuesto de la campaña",0,0,0,0,0,0,,"En curso","7 días tras clic, 1 día tras visualización o 1 día tras visualización activa",0,ABSOLUTE_OCPM,2026-08-22T19:14:35-0300,-,-,-,"A+ - Publicos Personalizados  - Sale",,,,,,0,,,00:00:00,,,,,,,0,0,,,,,,
2026-07-28,2026-07-28,"Ad6 - Secuencia - Nueva coleccion 202666 - Copia 9",active,,,,"Con el presupuesto de la campaña",0,193.26,21,21,1,9202.857143,,"En curso","7 días tras clic, 1 día tras visualización o 1 día tras visualización activa",0,ABSOLUTE_OCPM,2026-08-24T22:24:38-0300,-,-,-,"A+ - SA - Nueva coleccion 2026",,,,,,0,,,00:00:00,,,,,,,0,0,,,,,,
2026-07-28,2026-07-28,"Ad1 - Angulo Anticipo Temporada",active,,,,"Con el presupuesto de la campaña",0,0,0,0,0,0,,"En curso","7 días tras clic o 1 día tras visualización",0,ABSOLUTE_OCPM,2026-08-22T06:31:57-0300,-,-,-,"A+ - Prospecting - Angulos Nuevos (Anticipo-Viaje-Producto)",,,,,,0,,,00:00:00,,,,,,,0,0,,,,,,
2026-07-28,2026-07-28,"Ad6 - Secuencia - Nueva coleccion 2026 - Copia 3",inactive,,,,"Con el presupuesto de la campaña",0,0,0,0,0,0,,"En curso","7 días tras clic, 1 día tras visualización o 1 día tras visualización activa",0,ABSOLUTE_OCPM,2026-08-22T19:14:35-0300,-,-,-,"A+ - Publicos Personalizados  - Sale",,,,,,0,,,00:00:00,,,,,,,0,0,,,,,,
2026-07-28,2026-07-28,"Ad6 - Secuencia - Nueva coleccion 202666 - Copia 10",active,,,,"Con el presupuesto de la campaña",0,1756.1,161,145,1.110345,10907.453416,,"En curso","7 días tras clic, 1 día tras visualización o 1 día tras visualización activa",0,ABSOLUTE_OCPM,2026-08-24T22:24:38-0300,-,-,-,"A+ - SA - Nueva coleccion 2026",,,,,,2.068966,5,3,1,26,11,6,3,3,3.10559,2.068966,3.10559,351.22,3,,,,
2026-07-28,2026-07-28,"Ad6 - Secuencia - Nueva coleccion 202666 - Copia 12",active,,,,"Con el presupuesto de la campaña",0,0,0,0,0,0,,"En curso","7 días tras clic, 1 día tras visualización o 1 día tras visualización activa",0,ABSOLUTE_OCPM,2026-08-24T22:24:38-0300,-,-,-,"A+ - SA - Nueva coleccion 2026",,,,,,0,,,00:00:00,,,,,,,0,0,,,,,,
2026-07-28,2026-07-28,"Ad5 - Video - Sale - Copia 2",inactive,,,,"Con el presupuesto de la campaña",0,0,0,0,0,0,,"En curso","7 días tras clic, 1 día tras visualización o 1 día tras visualización activa",0,ABSOLUTE_OCPM,2026-08-22T19:14:35-0300,-,-,-,"A+ - Publicos Personalizados  - Sale",,,,,,0,,,00:00:00,,,,,,,0,0,,,,,,
2026-07-28,2026-07-28,"Ad6 - Secuencia - Nueva coleccion 202666 - Copia 7",inactive,,,,"Con el presupuesto de la campaña",0,0,0,0,0,0,,"En curso","7 días tras clic, 1 día tras visualización o 1 día tras visualización activa",0,ABSOLUTE_OCPM,2026-08-24T22:24:38-0300,-,-,-,"A+ - SA - Nueva coleccion 2026",,,,,,0,,,00:00:00,,,,,,,0,0,,,,,,
2026-07-28,2026-07-28,"Ad6 - Secuencia - Nueva coleccion 202666 - Copia 5",not_delivering,,,,"Con el presupuesto de la campaña",0,0,0,0,0,0,,"En curso","7 días tras clic, 1 día tras visualización o 1 día tras visualización activa",0,ABSOLUTE_OCPM,2026-08-22T19:14:35-0300,-,-,-,"A+ - Publicos Personalizados  - Sale",,,,,,0,,,00:00:00,,,,,,,0,0,,,,,,
2026-07-28,2026-07-28,"Ad6 - Secuencia - Nueva coleccion 2026 - Copia 3",inactive,,,,"Con el presupuesto de la campaña",0,0,0,0,0,0,,"En curso","7 días tras clic, 1 día tras visualización o 1 día tras visualización activa",0,ABSOLUTE_OCPM,2026-08-22T19:14:35-0300,-,-,-,"A+ - Publicos Personalizados  - Sale",,,,,,0,,,00:00:00,,,,,,,0,0,,,,,,
2026-07-28,2026-07-28,"Ad6 - Secuencia - Nueva coleccion 202666 - Copia 9",active,,,,"Con el presupuesto de la campaña",0,37.31,2,2,1,18655,,"En curso","7 días tras clic, 1 día tras visualización o 1 día tras visualización activa",0,ABSOLUTE_OCPM,2026-08-24T22:24:38-0300,-,-,-,"A+ - SA - Nueva coleccion 2026",,,,,,0,,,00:00:00,,,,,,,0,0,,,,,,
2026-07-28,2026-07-28,"Ad6 - Secuencia - Nueva coleccion 202666 - Copia 11",active,2,actions:offsite_conversion.fb_pixel_purchase,28073.16,"Con el presupuesto de la campaña",0,56146.32,8035,5402,1.487412,6987.718731,2,"En curso","7 días tras clic, 1 día tras visualización o 1 día tras visualización activa",0,ABSOLUTE_OCPM,2026-08-24T22:24:38-0300,-,-,-,"A+ - SA - Nueva coleccion 2026",3.010133,84503.945,169007.89,3.01013299,action_values:offsite_conversion.fb_pixel_purchase,3.443169,228,11,2,31,16,6,3,3,2.837586,4.368752,4.082141,246.255789,192,22,3,,
2026-07-28,2026-07-28,"Ad5 - Video - Sale - Copia 3",inactive,,,,"Con el presupuesto de la campaña",0,0,0,0,0,0,,"En curso","7 días tras clic, 1 día tras visualización o 1 día tras visualización activa",0,ABSOLUTE_OCPM,2026-08-22T19:14:35-0300,-,-,-,"A+ - Publicos Personalizados  - Sale",,,,,,0,,,00:00:00,,,,,,,0,0,,,,,,
2026-07-28,2026-07-28,"Ad6 - Secuencia - Nueva coleccion 202666 - Copia 6",active,,,,"Con el presupuesto de la campaña",0,108.67,8,8,1,13583.75,,"En curso","7 días tras clic, 1 día tras visualización o 1 día tras visualización activa",0,ABSOLUTE_OCPM,2026-08-24T22:24:38-0300,-,-,-,"A+ - SA - Nueva coleccion 2026",,,,,,12.5,1,,00:00:00,,,,,,12.5,12.5,12.5,108.67,1,,,,
2026-07-28,2026-07-28,"Ad6 - Secuencia - Nueva coleccion 202666 - Copia 4",inactive,,,,"Con el presupuesto de la campaña",0,13.31,4,4,1,3327.5,,"En curso","7 días tras clic, 1 día tras visualización o 1 día tras visualización activa",0,ABSOLUTE_OCPM,2026-08-22T19:14:35-0300,-,-,-,"A+ - Publicos Personalizados  - Sale",,,,,,0,,,00:00:00,,,,,,,0,0,,,,,,
2026-07-28,2026-07-28,"Ad6 - Video - Sale - Copia",inactive,,,,"Con el presupuesto de la campaña",0,0,0,0,0,0,,"En curso","7 días tras clic, 1 día tras visualización o 1 día tras visualización activa",0,ABSOLUTE_OCPM,2026-08-22T19:14:35-0300,-,-,-,"A+ - Publicos Personalizados  - Sale",,,,,,0,,,00:00:00,,,,,,,0,0,,,,,,
2026-07-28,2026-07-28,"Ad6 - Secuencia - Nueva coleccion 202666 - Copia 3",inactive,,,,"Con el presupuesto de la campaña",0,0,0,0,0,0,,"En curso","7 días tras clic, 1 día tras visualización o 1 día tras visualización activa",0,ABSOLUTE_OCPM,2026-08-22T19:14:35-0300,-,-,-,"A+ - Publicos Personalizados  - Sale",,,,,,0,,,00:00:00,,,,,,,0,0,,,,,,
2026-07-28,2026-07-28,"Ad6 - Secuencia - Nueva coleccion 202666 - Copia 4",inactive,,,,"Con el presupuesto de la campaña",0,0,0,0,0,0,,"En curso","7 días tras clic, 1 día tras visualización o 1 día tras visualización activa",0,ABSOLUTE_OCPM,2026-08-22T19:14:35-0300,-,-,-,"A+ - Publicos Personalizados  - Sale",,,,,,0,,,00:00:00,,,,,,,0,0,,,,,,
2026-07-28,2026-07-28,"Ad7 - Video - Sale",inactive,,,,"Con el presupuesto de la campaña",0,0,0,0,0,0,,"En curso","7 días tras clic, 1 día tras visualización o 1 día tras visualización activa",0,ABSOLUTE_OCPM,2026-08-22T19:14:35-0300,-,-,-,"A+ - Publicos Personalizados  - Sale",,,,,,0,,,00:00:00,,,,,,,0,0,,,,,,
2026-07-28,2026-07-28,"Ad6 - Secuencia - Nueva coleccion 202666 - Copia 8",active,,,,"Con el presupuesto de la campaña",0,935.97,83,74,1.121622,11276.746988,,"En curso","7 días tras clic, 1 día tras visualización o 1 día tras visualización activa",0,ABSOLUTE_OCPM,2026-08-24T22:24:38-0300,-,-,-,"A+ - SA - Nueva coleccion 2026",,,,,,2.702703,2,,00:00:00,,,,,,2.409639,2.702703,2.409639,467.985,1,,,,
2026-07-28,2026-07-28,"Ad6 - Secuencia - Nueva coleccion 202666 - Copia 7",inactive,,,,"Con el presupuesto de la campaña",0,0,0,0,0,0,,"En curso","7 días tras clic, 1 día tras visualización o 1 día tras visualización activa",0,ABSOLUTE_OCPM,2026-08-22T19:14:35-0300,-,-,-,"A+ - Publicos Personalizados  - Sale",,,,,,0,,,00:00:00,,,,,,,0,0,,,,,,
2026-07-28,2026-07-28,"Ad6 - Video - Sale",inactive,,,,"Con el presupuesto de la campaña",0,0,0,0,0,0,,"En curso","7 días tras clic, 1 día tras visualización o 1 día tras visualización activa",0,ABSOLUTE_OCPM,2026-08-22T19:14:35-0300,-,-,-,"A+ - Publicos Personalizados  - Sale",,,,,,0,,,00:00:00,,,,,,,0,0,,,,,,
2026-07-28,2026-07-28,"Ad6 - Secuencia - Nueva coleccion 202666 - Copia 6",inactive,,,,"Con el presupuesto de la campaña",0,0,0,0,0,0,,"En curso","7 días tras clic, 1 día tras visualización o 1 día tras visualización activa",0,ABSOLUTE_OCPM,2026-08-24T22:24:38-0300,-,-,-,"A+ - SA - Nueva coleccion 2026",,,,,,0,,,00:00:00,,,,,,,0,0,,,,,,
2026-07-28,2026-07-28,"Ad6 - Secuencia - Nueva coleccion 202666 - Copia 7",inactive,,,,"Con el presupuesto de la campaña",0,0,0,0,0,0,,"En curso","7 días tras clic, 1 día tras visualización o 1 día tras visualización activa",0,ABSOLUTE_OCPM,2026-08-24T22:24:38-0300,-,-,-,"A+ - SA - Nueva coleccion 2026",,,,,,0,,,00:00:00,,,,,,,0,0,,,,,,
2026-07-28,2026-07-28,"Ad5 - Video - Sale",inactive,,,,"Con el presupuesto de la campaña",0,0,0,0,0,0,,"En curso","7 días tras clic, 1 día tras visualización o 1 día tras visualización activa",0,ABSOLUTE_OCPM,2026-08-22T19:14:35-0300,-,-,-,"A+ - Publicos Personalizados  - Sale",,,,,,0,,,00:00:00,,,,,,,0,0,,,,,,
2026-07-28,2026-07-28,"Ad6 - Secuencia - Nueva coleccion 202666 - Copia 5",not_delivering,,,,"Con el presupuesto de la campaña",0,1524.35,139,118,1.177966,10966.546763,,"En curso","7 días tras clic, 1 día tras visualización o 1 día tras visualización activa",0,ABSOLUTE_OCPM,2026-08-24T22:24:38-0300,-,-,-,"A+ - SA - Nueva coleccion 2026",,,,,,4.237288,7,,00:00:00,,,,,,5.035971,4.237288,6.47482,217.764286,8,,,,
2026-07-28,2026-07-28,"Ad6 - Secuencia - Nueva coleccion 202666 - Copia 2",inactive,,,,"Con el presupuesto de la campaña",0,0,0,0,0,0,,"En curso","7 días tras clic, 1 día tras visualización o 1 día tras visualización activa",0,ABSOLUTE_OCPM,2026-08-22T19:14:35-0300,-,-,-,"A+ - Publicos Personalizados  - Sale",,,,,,0,,,00:00:00,,,,,,,0,0,,,,,,
2026-07-28,2026-07-28,"Ad2 - Video - Sale",inactive,,,,"Con el presupuesto de la campaña",0,0,0,0,0,0,,"En curso","7 días tras clic, 1 día tras visualización o 1 día tras visualización activa",0,ABSOLUTE_OCPM,2026-08-22T19:14:35-0300,-,-,-,"A+ - Publicos Personalizados  - Sale",,,,,,0,,,00:00:00,,,,,,,0,0,,,,,,
2026-07-28,2026-07-28,"Ad6 - Secuencia - Nueva coleccion 202666 - Copia 2",inactive,,,,"Con el presupuesto de la campaña",0,0,0,0,0,0,,"En curso","7 días tras clic, 1 día tras visualización o 1 día tras visualización activa",0,ABSOLUTE_OCPM,2026-08-22T19:14:35-0300,-,-,-,"A+ - Publicos Personalizados  - Sale",,,,,,0,,,00:00:00,,,,,,,0,0,,,,,,
2026-07-28,2026-07-28,"Ad6 - Secuencia - Nueva coleccion 202666 - Copia 2",inactive,,,,"Con el presupuesto de la campaña",0,0,0,0,0,0,,"En curso","7 días tras clic, 1 día tras visualización o 1 día tras visualización activa",0,ABSOLUTE_OCPM,2026-08-24T22:24:38-0300,-,-,-,"A+ - SA - Nueva coleccion 2026",,,,,,0,,,00:00:00,,,,,,,0,0,,,,,,
2026-07-28,2026-07-28,"Ad6 - Secuencia - Nueva coleccion 202666 - Copia 4",inactive,,,,"Con el presupuesto de la campaña",0,0,0,0,0,0,,"En curso","7 días tras clic, 1 día tras visualización o 1 día tras visualización activa",0,ABSOLUTE_OCPM,2026-08-24T22:24:38-0300,-,-,-,"A+ - SA - Nueva coleccion 2026",,,,,,0,,,00:00:00,,,,,,,0,0,,,,,,
2026-07-28,2026-07-28,"Ad6 - Secuencia - Nueva coleccion 2026 - Copia 3",active,,,,"Con el presupuesto de la campaña",0,0,0,0,0,0,,"En curso","7 días tras clic, 1 día tras visualización o 1 día tras visualización activa",0,ABSOLUTE_OCPM,2026-08-24T22:24:38-0300,-,-,-,"A+ - SA - Nueva coleccion 2026",,,,,,0,,,00:00:00,,,,,,,0,0,,,,,,
2026-07-28,2026-07-28,"Ad6 - Secuencia - Nueva coleccion 202666 - Copia 4",not_delivering,,,,"Con el presupuesto de la campaña",0,0,0,0,0,0,,"En curso","7 días tras clic, 1 día tras visualización o 1 día tras visualización activa",0,ABSOLUTE_OCPM,2026-08-24T22:24:38-0300,-,-,-,"A+ - SA - Nueva coleccion 2026",,,,,,0,,,00:00:00,,,,,,,0,0,,,,,,
2026-07-28,2026-07-28,"Ad6 - Secuencia - Nueva coleccion 202666 - Copia 4",inactive,,,,"Con el presupuesto de la campaña",0,0,0,0,0,0,,"En curso","7 días tras clic, 1 día tras visualización o 1 día tras visualización activa",0,ABSOLUTE_OCPM,2026-08-22T19:14:35-0300,-,-,-,"A+ - Publicos Personalizados  - Sale",,,,,,0,,,00:00:00,,,,,,,0,0,,,,,,
2026-07-28,2026-07-28,"Ad6 - Secuencia - Nueva coleccion 202666 - Copia 3",inactive,,,,"Con el presupuesto de la campaña",0,0,0,0,0,0,,"En curso","7 días tras clic, 1 día tras visualización o 1 día tras visualización activa",0,ABSOLUTE_OCPM,2026-08-22T19:14:35-0300,-,-,-,"A+ - Publicos Personalizados  - Sale",,,,,,0,,,00:00:00,,,,,,,0,0,,,,,,
2026-07-28,2026-07-28,"Ad6 - Secuencia - Nueva coleccion 202666 - Copia 6",inactive,,,,"Con el presupuesto de la campaña",0,2324.56,122,104,1.173077,19053.770492,,"En curso","7 días tras clic, 1 día tras visualización o 1 día tras visualización activa",0,ABSOLUTE_OCPM,2026-08-22T19:14:35-0300,-,-,-,"A+ - Publicos Personalizados  - Sale",,,,,,1.923077,2,,00:00:00,,,,,,1.639344,2.884615,3.278689,1162.28,2,,,,
2026-07-28,2026-07-28,"Ad6 - Secuencia - Nueva coleccion 202666 - Copia 3",inactive,,,,"Con el presupuesto de la campaña",0,0,0,0,0,0,,"En curso","7 días tras clic, 1 día tras visualización o 1 día tras visualización activa",0,ABSOLUTE_OCPM,2026-08-24T22:24:38-0300,-,-,-,"A+ - SA - Nueva coleccion 2026",,,,,,0,,,00:00:00,,,,,,,0,0,,,,,,
2026-07-28,2026-07-28,"Ad6 - Secuencia - Nueva coleccion 202666 - Copia 4",inactive,,,,"Con el presupuesto de la campaña",0,0,0,0,0,0,,"En curso","7 días tras clic, 1 día tras visualización o 1 día tras visualización activa",0,ABSOLUTE_OCPM,2026-08-22T19:14:35-0300,-,-,-,"A+ - Publicos Personalizados  - Sale",,,,,,0,,,00:00:00,,,,,,,0,0,,,,,,
2026-07-28,2026-07-28,"Ad6 - Secuencia - Nueva coleccion 202666 - Copia 2",inactive,,,,"Con el presupuesto de la campaña",0,0,0,0,0,0,,"En curso","7 días tras clic, 1 día tras visualización o 1 día tras visualización activa",0,ABSOLUTE_OCPM,2026-08-24T22:24:38-0300,-,-,-,"A+ - SA - Nueva coleccion 2026",,,,,,0,,,00:00:00,,,,,,,0,0,,,,,,
2026-07-28,2026-07-28,"Ad6 - Secuencia - Nueva coleccion 202666 - Copia 3",not_delivering,,,,"Con el presupuesto de la campaña",0,11504.23,914,797,1.146801,12586.684902,,"En curso","7 días tras clic, 1 día tras visualización o 1 día tras visualización activa",0,ABSOLUTE_OCPM,2026-08-22T19:14:35-0300,Promedio,Promedio,"Por debajo del promedio - 35% de los anuncios menos relevantes","A+ - Publicos Personalizados  - Sale",,,,,,3.262233,28,,00:00:00,,,,,,3.063457,4.391468,4.704595,410.865357,22,3,,,
2026-07-28,2026-07-28,"Ad6 - Secuencia - Nueva coleccion 2026 - Copia 4",active,,,,"Con el presupuesto de la campaña",0,0,0,0,0,0,,"En curso","7 días tras clic, 1 día tras visualización o 1 día tras visualización activa",0,ABSOLUTE_OCPM,2026-08-24T22:24:38-0300,-,-,-,"A+ - SA - Nueva coleccion 2026",,,,,,0,,,00:00:00,,,,,,,0,0,,,,,,
2026-07-28,2026-07-28,"Ad6 - Secuencia - Nueva coleccion 202666 - Copia 2",inactive,,,,"Con el presupuesto de la campaña",0,0,0,0,0,0,,"En curso","7 días tras clic, 1 día tras visualización o 1 día tras visualización activa",0,ABSOLUTE_OCPM,2026-08-22T19:14:35-0300,-,-,-,"A+ - Publicos Personalizados  - Sale",,,,,,0,,,00:00:00,,,,,,,0,0,,,,,,
2026-07-28,2026-07-28,"Ad6 - Secuencia - Nueva coleccion 202666 - Copia",inactive,,,,"Con el presupuesto de la campaña",0,689.22,65,59,1.101695,10603.384615,,"En curso","7 días tras clic, 1 día tras visualización o 1 día tras visualización activa",0,ABSOLUTE_OCPM,2026-08-24T22:24:38-0300,-,-,-,"A+ - SA - Nueva coleccion 2026",,,,,,1.694915,1,,00:00:00,,,,,,1.538462,1.694915,3.076923,689.22,1,,,,
2026-07-28,2026-07-28,"Ad5 - Video - Sale - Copia 3",inactive,,,,"Con el presupuesto de la campaña",0,0,0,0,0,0,,"En curso","7 días tras clic, 1 día tras visualización o 1 día tras visualización activa",0,ABSOLUTE_OCPM,2026-08-22T19:14:35-0300,-,-,-,"A+ - Publicos Personalizados  - Sale",,,,,,0,,,00:00:00,,,,,,,0,0,,,,,,
2026-07-28,2026-07-28,"Ad6 - Secuencia - Nueva coleccion 202666 - Copia 5",not_delivering,,,,"Con el presupuesto de la campaña",0,764.51,71,68,1.044118,10767.746479,,"En curso","7 días tras clic, 1 día tras visualización o 1 día tras visualización activa",0,ABSOLUTE_OCPM,2026-08-22T19:14:35-0300,-,-,-,"A+ - Publicos Personalizados  - Sale",,,,,,2.941176,2,,00:00:00,,,,,,2.816901,5.882353,7.042254,382.255,3,,,,
2026-07-28,2026-07-28,"Ad5 - Video - Sale - Copia 2",inactive,,,,"Con el presupuesto de la campaña",0,0,0,0,0,0,,"En curso","7 días tras clic, 1 día tras visualización o 1 día tras visualización activa",0,ABSOLUTE_OCPM,2026-08-22T19:14:35-0300,-,-,-,"A+ - Publicos Personalizados  - Sale",,,,,,0,,,00:00:00,,,,,,,0,0,,,,,,
2026-07-28,2026-07-28,"Ad6 - Secuencia - Nueva coleccion 202666 - Copia 2",inactive,,,,"Con el presupuesto de la campaña",0,0,0,0,0,0,,"En curso","7 días tras clic, 1 día tras visualización o 1 día tras visualización activa",0,ABSOLUTE_OCPM,2026-08-22T19:14:35-0300,-,-,-,"A+ - Publicos Personalizados  - Sale",,,,,,0,,,00:00:00,,,,,,,0,0,,,,,,
2026-07-28,2026-07-28,"Ad6 - Secuencia - Nueva coleccion 2026 - Copia",inactive,,,,"Con el presupuesto de la campaña",0,0,0,0,0,0,,"En curso","7 días tras clic, 1 día tras visualización o 1 día tras visualización activa",0,ABSOLUTE_OCPM,2026-08-24T22:24:38-0300,-,-,-,"A+ - SA - Nueva coleccion 2026",,,,,,0,,,00:00:00,,,,,,,0,0,,,,,,
2026-07-28,2026-07-28,"Ad6 - Secuencia - Nueva coleccion 202666 - Copia",inactive,,,,"Con el presupuesto de la campaña",0,0,0,0,0,0,,"En curso","7 días tras clic, 1 día tras visualización o 1 día tras visualización activa",0,ABSOLUTE_OCPM,2026-08-22T19:14:35-0300,-,-,-,"A+ - Publicos Personalizados  - Sale",,,,,,0,,,00:00:00,,,,,,,0,0,,,,,,
2026-07-28,2026-07-28,"Ad4 - Imagen - Sale",inactive,,,,"Con el presupuesto de la campaña",0,0,0,0,0,0,,"En curso","7 días tras clic, 1 día tras visualización o 1 día tras visualización activa",0,ABSOLUTE_OCPM,2026-08-22T19:14:35-0300,-,-,-,"A+ - Publicos Personalizados  - Sale",,,,,,0,,,00:00:00,,,,,,,0,0,,,,,,
2026-07-28,2026-07-28,"Ad6 - Secuencia - Nueva coleccion 2026 - Copia",inactive,,,,"Con el presupuesto de la campaña",0,0,0,0,0,0,,"En curso","7 días tras clic, 1 día tras visualización o 1 día tras visualización activa",0,ABSOLUTE_OCPM,2026-08-24T22:24:38-0300,-,-,-,"A+ - SA - Nueva coleccion 2026",,,,,,0,,,00:00:00,,,,,,,0,0,,,,,,
2026-07-28,2026-07-28,"Ad3 - Video - Sale",inactive,,,,"Con el presupuesto de la campaña",0,0,0,0,0,0,,"En curso","7 días tras clic, 1 día tras visualización o 1 día tras visualización activa",0,ABSOLUTE_OCPM,2026-08-22T19:14:35-0300,-,-,-,"A+ - Publicos Personalizados  - Sale",,,,,,0,,,00:00:00,,,,,,,0,0,,,,,,
2026-07-28,2026-07-28,"Ad5 - Video - Sale - Copia",not_delivering,,,,"Con el presupuesto de la campaña",0,0,0,0,0,0,,"En curso","7 días tras clic, 1 día tras visualización o 1 día tras visualización activa",0,ABSOLUTE_OCPM,2026-08-22T19:14:35-0300,-,-,-,"A+ - Publicos Personalizados  - Sale",,,,,,0,,,00:00:00,,,,,,,0,0,,,,,,
2026-07-28,2026-07-28,"Ad1 - Video - Sale",inactive,,,,"Con el presupuesto de la campaña",0,0,0,0,0,0,,"En curso","7 días tras clic, 1 día tras visualización o 1 día tras visualización activa",0,ABSOLUTE_OCPM,2026-08-22T19:14:35-0300,-,-,-,"A+ - Publicos Personalizados  - Sale",,,,,,0,,,00:00:00,,,,,,,0,0,,,,,,
2026-07-27,2026-07-27,"Ad6 - Secuencia - Nueva coleccion 202666 - Copia 2",inactive,,,,"Con el presupuesto de la campaña",0,0,0,0,0,0,,"En curso","7 días tras clic, 1 día tras visualización o 1 día tras visualización activa",0,ABSOLUTE_OCPM,2026-08-22T19:14:35-0300,-,-,-,"A+ - Publicos Personalizados  - Sale",,,,,,0,,,00:00:00,,,,,,,0,0,,,,,,
2026-07-27,2026-07-27,"Ad6 - Secuencia - Nueva coleccion 202666 - Copia 7",active,,,,"Con el presupuesto de la campaña",0,1129.47,88,81,1.08642,12834.886364,,"En curso","7 días tras clic, 1 día tras visualización o 1 día tras visualización activa",0,ABSOLUTE_OCPM,2026-08-24T22:24:38-0300,-,-,-,"A+ - SA - Nueva coleccion 2026",,,,,,0,,,00:00:00,,,,,,,0,0,,,,,,
2026-07-27,2026-07-27,"Ad6 - Secuencia - Nueva coleccion 2026 - Copia 2",inactive,,,,"Con el presupuesto de la campaña",0,0,0,0,0,0,,"En curso","7 días tras clic, 1 día tras visualización o 1 día tras visualización activa",0,ABSOLUTE_OCPM,2026-08-24T22:24:38-0300,-,-,-,"A+ - SA - Nueva coleccion 2026",,,,,,0,,,00:00:00,,,,,,,0,0,,,,,,
2026-07-27,2026-07-27,"Ad6 - Secuencia - Nueva coleccion 202666 - Copia 6",inactive,,,,"Con el presupuesto de la campaña",0,0,0,0,0,0,,"En curso","7 días tras clic, 1 día tras visualización o 1 día tras visualización activa",0,ABSOLUTE_OCPM,2026-08-22T19:14:35-0300,-,-,-,"A+ - Publicos Personalizados  - Sale",,,,,,0,,,00:00:00,,,,,,,0,0,,,,,,
2026-07-27,2026-07-27,1,inactive,,,,"Con el presupuesto de la campaña",0,0,0,0,0,0,,"En curso","7 días tras clic, 1 día tras visualización o 1 día tras visualización activa",0,ABSOLUTE_OCPM,2026-08-22T19:14:35-0300,-,-,-,"A+ - Publicos Personalizados  - Sale",,,,,,0,,,00:00:00,,,,,,,0,0,,,,,,
2026-07-27,2026-07-27,"Ad3 - Angulo Producto Fit",active,,,,"Con el presupuesto de la campaña",0,0,0,0,0,0,,"En curso","7 días tras clic o 1 día tras visualización",0,ABSOLUTE_OCPM,2026-08-22T06:31:57-0300,-,-,-,"A+ - Prospecting - Angulos Nuevos (Anticipo-Viaje-Producto)",,,,,,0,,,00:00:00,,,,,,,0,0,,,,,,
2026-07-27,2026-07-27,"Ad6 - Secuencia - Nueva coleccion 202666 - Copia 3",inactive,,,,"Con el presupuesto de la campaña",0,0,0,0,0,0,,"En curso","7 días tras clic, 1 día tras visualización o 1 día tras visualización activa",0,ABSOLUTE_OCPM,2026-08-22T19:14:35-0300,-,-,-,"A+ - Publicos Personalizados  - Sale",,,,,,0,,,00:00:00,,,,,,,0,0,,,,,,
2026-07-27,2026-07-27,"Ad6 - Secuencia - Nueva coleccion 202666 - Copia 6",active,,,,"Con el presupuesto de la campaña",0,2528.73,468,389,1.203085,5403.269231,,"En curso","7 días tras clic, 1 día tras visualización o 1 día tras visualización activa",0,ABSOLUTE_OCPM,2026-08-24T22:24:38-0300,-,-,-,"A+ - SA - Nueva coleccion 2026",,,,,,3.084833,17,,00:00:00,,,,,,3.632479,3.341902,4.91453,148.748824,16,7,,,
2026-07-27,2026-07-27,"Ad2 - Angulo Viaje",active,,,,"Con el presupuesto de la campaña",0,0,0,0,0,0,,"En curso","7 días tras clic o 1 día tras visualización",0,ABSOLUTE_OCPM,2026-08-22T06:31:57-0300,-,-,-,"A+ - Prospecting - Angulos Nuevos (Anticipo-Viaje-Producto)",,,,,,0,,,00:00:00,,,,,,,0,0,,,,,,
2026-07-27,2026-07-27,"Secuencia imagenes 1 - Minimal SS25 - Copia 2",inactive,,,,"Con el presupuesto de la campaña",0,0,0,0,0,0,,"En curso","7 días tras clic, 1 día tras visualización o 1 día tras visualización activa",0,ABSOLUTE_OCPM,2026-08-22T19:14:35-0300,-,-,-,"A+ - Publicos Personalizados  - Sale",,,,,,0,,,00:00:00,,,,,,,0,0,,,,,,
2026-07-27,2026-07-27,"Ad6 - Secuencia - Nueva coleccion 202666 - Copia 9",active,,,,"Con el presupuesto de la campaña",0,2838.19,77,74,1.040541,36859.61039,,"En curso","7 días tras clic, 1 día tras visualización o 1 día tras visualización activa",0,ABSOLUTE_OCPM,2026-08-24T22:24:38-0300,-,-,-,"A+ - SA - Nueva coleccion 2026",,,,,,4.054054,4,,00:00:00,,,,,,5.194805,5.405405,9.090909,709.5475,3,,,,
2026-07-27,2026-07-27,"Ad1 - Angulo Anticipo Temporada",active,,,,"Con el presupuesto de la campaña",0,0,0,0,0,0,,"En curso","7 días tras clic o 1 día tras visualización",0,ABSOLUTE_OCPM,2026-08-22T06:31:57-0300,-,-,-,"A+ - Prospecting - Angulos Nuevos (Anticipo-Viaje-Producto)",,,,,,0,,,00:00:00,,,,,,,0,0,,,,,,
2026-07-27,2026-07-27,"Ad6 - Secuencia - Nueva coleccion 2026 - Copia 3",inactive,,,,"Con el presupuesto de la campaña",0,0,0,0,0,0,,"En curso","7 días tras clic, 1 día tras visualización o 1 día tras visualización activa",0,ABSOLUTE_OCPM,2026-08-22T19:14:35-0300,-,-,-,"A+ - Publicos Personalizados  - Sale",,,,,,0,,,00:00:00,,,,,,,0,0,,,,,,
2026-07-27,2026-07-27,"Ad6 - Secuencia - Nueva coleccion 202666 - Copia 10",active,,,,"Con el presupuesto de la campaña",0,0,0,0,0,0,,"En curso","7 días tras clic, 1 día tras visualización o 1 día tras visualización activa",0,ABSOLUTE_OCPM,2026-08-24T22:24:38-0300,-,-,-,"A+ - SA - Nueva coleccion 2026",,,,,,0,,,00:00:00,,,,,,,0,0,,,,1,,
2026-07-27,2026-07-27,"Ad6 - Secuencia - Nueva coleccion 202666 - Copia 12",active,,,,"Con el presupuesto de la campaña",0,0,0,0,0,0,,"En curso","7 días tras clic, 1 día tras visualización o 1 día tras visualización activa",0,ABSOLUTE_OCPM,2026-08-24T22:24:38-0300,-,-,-,"A+ - SA - Nueva coleccion 2026",,,,,,0,,,00:00:00,,,,,,,0,0,,,,,,
2026-07-27,2026-07-27,"Ad5 - Video - Sale - Copia 2",inactive,,,,"Con el presupuesto de la campaña",0,0,0,0,0,0,,"En curso","7 días tras clic, 1 día tras visualización o 1 día tras visualización activa",0,ABSOLUTE_OCPM,2026-08-22T19:14:35-0300,-,-,-,"A+ - Publicos Personalizados  - Sale",,,,,,0,,,00:00:00,,,,,,,0,0,,,,,,
2026-07-27,2026-07-27,"Ad6 - Secuencia - Nueva coleccion 202666 - Copia 7",inactive,,,,"Con el presupuesto de la campaña",0,0,0,0,0,0,,"En curso","7 días tras clic, 1 día tras visualización o 1 día tras visualización activa",0,ABSOLUTE_OCPM,2026-08-24T22:24:38-0300,-,-,-,"A+ - SA - Nueva coleccion 2026",,,,,,0,,,00:00:00,,,,,,,0,0,,,,,,
2026-07-27,2026-07-27,"Ad6 - Secuencia - Nueva coleccion 202666 - Copia 5",not_delivering,,,,"Con el presupuesto de la campaña",0,67.43,11,11,1,6130,,"En curso","7 días tras clic, 1 día tras visualización o 1 día tras visualización activa",0,ABSOLUTE_OCPM,2026-08-22T19:14:35-0300,-,-,-,"A+ - Publicos Personalizados  - Sale",,,,,,0,,,00:00:00,,,,,,,0,0,,,,,,
2026-07-27,2026-07-27,"Ad6 - Secuencia - Nueva coleccion 2026 - Copia 3",inactive,,,,"Con el presupuesto de la campaña",0,0,0,0,0,0,,"En curso","7 días tras clic, 1 día tras visualización o 1 día tras visualización activa",0,ABSOLUTE_OCPM,2026-08-22T19:14:35-0300,-,-,-,"A+ - Publicos Personalizados  - Sale",,,,,,0,,,00:00:00,,,,,,,0,0,,,,,,
2026-07-27,2026-07-27,"Ad6 - Secuencia - Nueva coleccion 202666 - Copia 9",active,,,,"Con el presupuesto de la campaña",0,0,0,0,0,0,,"En curso","7 días tras clic, 1 día tras visualización o 1 día tras visualización activa",0,ABSOLUTE_OCPM,2026-08-24T22:24:38-0300,-,-,-,"A+ - SA - Nueva coleccion 2026",,,,,,0,,,00:00:00,,,,,,,0,0,,,,,,
2026-07-27,2026-07-27,"Ad6 - Secuencia - Nueva coleccion 202666 - Copia 11",active,,,,"Con el presupuesto de la campaña",0,60129.36,7978,5491,1.452923,7536.896465,,"En curso","7 días tras clic, 1 día tras visualización o 1 día tras visualización activa",0,ABSOLUTE_OCPM,2026-08-24T22:24:38-0300,-,-,-,"A+ - SA - Nueva coleccion 2026",,,,,,3.205245,216,5,2,16,6,4,3,3,2.707445,3.970133,3.747806,278.376667,202,35,1,,
2026-07-27,2026-07-27,"Ad5 - Video - Sale - Copia 3",inactive,,,,"Con el presupuesto de la campaña",0,0,0,0,0,0,,"En curso","7 días tras clic, 1 día tras visualización o 1 día tras visualización activa",0,ABSOLUTE_OCPM,2026-08-22T19:14:35-0300,-,-,-,"A+ - Publicos Personalizados  - Sale",,,,,,0,,,00:00:00,,,,,,,0,0,,,,,,
2026-07-27,2026-07-27,"Ad6 - Secuencia - Nueva coleccion 202666 - Copia 6",active,,,,"Con el presupuesto de la campaña",0,330.46,59,57,1.035088,5601.016949,,"En curso","7 días tras clic, 1 día tras visualización o 1 día tras visualización activa",0,ABSOLUTE_OCPM,2026-08-24T22:24:38-0300,-,-,-,"A+ - SA - Nueva coleccion 2026",,,,,,3.508772,2,,00:00:00,,,,,,3.389831,3.508772,3.389831,165.23,,,,,
2026-07-27,2026-07-27,"Ad6 - Secuencia - Nueva coleccion 202666 - Copia 4",inactive,,,,"Con el presupuesto de la campaña",0,0,0,0,0,0,,"En curso","7 días tras clic, 1 día tras visualización o 1 día tras visualización activa",0,ABSOLUTE_OCPM,2026-08-22T19:14:35-0300,-,-,-,"A+ - Publicos Personalizados  - Sale",,,,,,0,,,00:00:00,,,,,,,0,0,,,,,,
2026-07-27,2026-07-27,"Ad6 - Video - Sale - Copia",inactive,,,,"Con el presupuesto de la campaña",0,0,0,0,0,0,,"En curso","7 días tras clic, 1 día tras visualización o 1 día tras visualización activa",0,ABSOLUTE_OCPM,2026-08-22T19:14:35-0300,-,-,-,"A+ - Publicos Personalizados  - Sale",,,,,,0,,,00:00:00,,,,,,,0,0,,,,,,
2026-07-27,2026-07-27,"Ad6 - Secuencia - Nueva coleccion 202666 - Copia 3",inactive,,,,"Con el presupuesto de la campaña",0,302.45,46,46,1,6575,,"En curso","7 días tras clic, 1 día tras visualización o 1 día tras visualización activa",0,ABSOLUTE_OCPM,2026-08-22T19:14:35-0300,-,-,-,"A+ - Publicos Personalizados  - Sale",,,,,,0,,,00:00:00,,,,,,,2.173913,2.173913,,,,,,
2026-07-27,2026-07-27,"Ad6 - Secuencia - Nueva coleccion 202666 - Copia 4",inactive,,,,"Con el presupuesto de la campaña",0,0,0,0,0,0,,"En curso","7 días tras clic, 1 día tras visualización o 1 día tras visualización activa",0,ABSOLUTE_OCPM,2026-08-22T19:14:35-0300,-,-,-,"A+ - Publicos Personalizados  - Sale",,,,,,0,,,00:00:00,,,,,,,0,0,,,,,,
2026-07-27,2026-07-27,"Ad7 - Video - Sale",inactive,,,,"Con el presupuesto de la campaña",0,0,0,0,0,0,,"En curso","7 días tras clic, 1 día tras visualización o 1 día tras visualización activa",0,ABSOLUTE_OCPM,2026-08-22T19:14:35-0300,-,-,-,"A+ - Publicos Personalizados  - Sale",,,,,,0,,,00:00:00,,,,,,,0,0,,,,,,
2026-07-27,2026-07-27,"Ad6 - Secuencia - Nueva coleccion 202666 - Copia 8",active,,,,"Con el presupuesto de la campaña",0,415.52,54,50,1.08,7694.814815,,"En curso","7 días tras clic, 1 día tras visualización o 1 día tras visualización activa",0,ABSOLUTE_OCPM,2026-08-24T22:24:38-0300,-,-,-,"A+ - SA - Nueva coleccion 2026",,,,,,2,1,,00:00:00,,,,,,1.851852,2,1.851852,415.52,,,,,
2026-07-27,2026-07-27,"Ad6 - Secuencia - Nueva coleccion 202666 - Copia 7",inactive,,,,"Con el presupuesto de la campaña",0,0,0,0,0,0,,"En curso","7 días tras clic, 1 día tras visualización o 1 día tras visualización activa",0,ABSOLUTE_OCPM,2026-08-22T19:14:35-0300,-,-,-,"A+ - Publicos Personalizados  - Sale",,,,,,0,,,00:00:00,,,,,,,0,0,,,,,,
2026-07-27,2026-07-27,"Ad6 - Video - Sale",inactive,,,,"Con el presupuesto de la campaña",0,0,0,0,0,0,,"En curso","7 días tras clic, 1 día tras visualización o 1 día tras visualización activa",0,ABSOLUTE_OCPM,2026-08-22T19:14:35-0300,-,-,-,"A+ - Publicos Personalizados  - Sale",,,,,,0,,,00:00:00,,,,,,,0,0,,,,,,
2026-07-27,2026-07-27,"Ad6 - Secuencia - Nueva coleccion 202666 - Copia 6",inactive,,,,"Con el presupuesto de la campaña",0,0,0,0,0,0,,"En curso","7 días tras clic, 1 día tras visualización o 1 día tras visualización activa",0,ABSOLUTE_OCPM,2026-08-24T22:24:38-0300,-,-,-,"A+ - SA - Nueva coleccion 2026",,,,,,0,,,00:00:00,,,,,,,0,0,,,,,,
2026-07-27,2026-07-27,"Ad6 - Secuencia - Nueva coleccion 202666 - Copia 7",inactive,,,,"Con el presupuesto de la campaña",0,0,0,0,0,0,,"En curso","7 días tras clic, 1 día tras visualización o 1 día tras visualización activa",0,ABSOLUTE_OCPM,2026-08-24T22:24:38-0300,-,-,-,"A+ - SA - Nueva coleccion 2026",,,,,,0,,,00:00:00,,,,,,,0,0,,,,,,
2026-07-27,2026-07-27,"Ad5 - Video - Sale",inactive,,,,"Con el presupuesto de la campaña",0,0,0,0,0,0,,"En curso","7 días tras clic, 1 día tras visualización o 1 día tras visualización activa",0,ABSOLUTE_OCPM,2026-08-22T19:14:35-0300,-,-,-,"A+ - Publicos Personalizados  - Sale",,,,,,0,,,00:00:00,,,,,,,0,0,,,,,,
2026-07-27,2026-07-27,"Ad6 - Secuencia - Nueva coleccion 202666 - Copia 5",not_delivering,,,,"Con el presupuesto de la campaña",0,13.1,4,4,1,3275,,"En curso","7 días tras clic, 1 día tras visualización o 1 día tras visualización activa",0,ABSOLUTE_OCPM,2026-08-24T22:24:38-0300,-,-,-,"A+ - SA - Nueva coleccion 2026",,,,,,0,,,00:00:00,,,,,,,0,0,,3,,,,
2026-07-27,2026-07-27,"Ad6 - Secuencia - Nueva coleccion 202666 - Copia 2",inactive,,,,"Con el presupuesto de la campaña",0,0,0,0,0,0,,"En curso","7 días tras clic, 1 día tras visualización o 1 día tras visualización activa",0,ABSOLUTE_OCPM,2026-08-22T19:14:35-0300,-,-,-,"A+ - Publicos Personalizados  - Sale",,,,,,0,,,00:00:00,,,,,,,0,0,,,,,,
2026-07-27,2026-07-27,"Ad2 - Video - Sale",inactive,,,,"Con el presupuesto de la campaña",0,0,0,0,0,0,,"En curso","7 días tras clic, 1 día tras visualización o 1 día tras visualización activa",0,ABSOLUTE_OCPM,2026-08-22T19:14:35-0300,-,-,-,"A+ - Publicos Personalizados  - Sale",,,,,,0,,,00:00:00,,,,,,,0,0,,,,,,
2026-07-27,2026-07-27,"Ad6 - Secuencia - Nueva coleccion 202666 - Copia 2",inactive,,,,"Con el presupuesto de la campaña",0,0,0,0,0,0,,"En curso","7 días tras clic, 1 día tras visualización o 1 día tras visualización activa",0,ABSOLUTE_OCPM,2026-08-22T19:14:35-0300,-,-,-,"A+ - Publicos Personalizados  - Sale",,,,,,0,,,00:00:00,,,,,,,0,0,,,,,,
2026-07-27,2026-07-27,"Ad6 - Secuencia - Nueva coleccion 202666 - Copia 2",inactive,,,,"Con el presupuesto de la campaña",0,0,0,0,0,0,,"En curso","7 días tras clic, 1 día tras visualización o 1 día tras visualización activa",0,ABSOLUTE_OCPM,2026-08-24T22:24:38-0300,-,-,-,"A+ - SA - Nueva coleccion 2026",,,,,,0,,,00:00:00,,,,,,,0,0,,,,,,
2026-07-27,2026-07-27,"Ad6 - Secuencia - Nueva coleccion 202666 - Copia 4",inactive,,,,"Con el presupuesto de la campaña",0,0,0,0,0,0,,"En curso","7 días tras clic, 1 día tras visualización o 1 día tras visualización activa",0,ABSOLUTE_OCPM,2026-08-24T22:24:38-0300,-,-,-,"A+ - SA - Nueva coleccion 2026",,,,,,0,,,00:00:00,,,,,,,0,0,,,,,,
2026-07-27,2026-07-27,"Ad6 - Secuencia - Nueva coleccion 2026 - Copia 3",active,,,,"Con el presupuesto de la campaña",0,0,0,0,0,0,,"En curso","7 días tras clic, 1 día tras visualización o 1 día tras visualización activa",0,ABSOLUTE_OCPM,2026-08-24T22:24:38-0300,-,-,-,"A+ - SA - Nueva coleccion 2026",,,,,,0,,,00:00:00,,,,,,,0,0,,,,,,
2026-07-27,2026-07-27,"Ad6 - Secuencia - Nueva coleccion 202666 - Copia 4",not_delivering,,,,"Con el presupuesto de la campaña",0,0,0,0,0,0,,"En curso","7 días tras clic, 1 día tras visualización o 1 día tras visualización activa",0,ABSOLUTE_OCPM,2026-08-24T22:24:38-0300,-,-,-,"A+ - SA - Nueva coleccion 2026",,,,,,0,,,00:00:00,,,,,,,0,0,,,,,,
2026-07-27,2026-07-27,"Ad6 - Secuencia - Nueva coleccion 202666 - Copia 4",inactive,,,,"Con el presupuesto de la campaña",0,0,0,0,0,0,,"En curso","7 días tras clic, 1 día tras visualización o 1 día tras visualización activa",0,ABSOLUTE_OCPM,2026-08-22T19:14:35-0300,-,-,-,"A+ - Publicos Personalizados  - Sale",,,,,,0,,,00:00:00,,,,,,,0,0,,,,,,
2026-07-27,2026-07-27,"Ad6 - Secuencia - Nueva coleccion 202666 - Copia 3",inactive,,,,"Con el presupuesto de la campaña",0,0,0,0,0,0,,"En curso","7 días tras clic, 1 día tras visualización o 1 día tras visualización activa",0,ABSOLUTE_OCPM,2026-08-22T19:14:35-0300,-,-,-,"A+ - Publicos Personalizados  - Sale",,,,,,0,,,00:00:00,,,,,,,0,0,,,,,,
2026-07-27,2026-07-27,"Ad6 - Secuencia - Nueva coleccion 202666 - Copia 6",inactive,,,,"Con el presupuesto de la campaña",0,0,0,0,0,0,,"En curso","7 días tras clic, 1 día tras visualización o 1 día tras visualización activa",0,ABSOLUTE_OCPM,2026-08-22T19:14:35-0300,-,-,-,"A+ - Publicos Personalizados  - Sale",,,,,,0,,,00:00:00,,,,,,,0,0,,,,,,
2026-07-27,2026-07-27,"Ad6 - Secuencia - Nueva coleccion 202666 - Copia 3",inactive,,,,"Con el presupuesto de la campaña",0,0,0,0,0,0,,"En curso","7 días tras clic, 1 día tras visualización o 1 día tras visualización activa",0,ABSOLUTE_OCPM,2026-08-24T22:24:38-0300,-,-,-,"A+ - SA - Nueva coleccion 2026",,,,,,0,,,00:00:00,,,,,,,0,0,,,,,,
2026-07-27,2026-07-27,"Ad6 - Secuencia - Nueva coleccion 202666 - Copia 4",inactive,,,,"Con el presupuesto de la campaña",0,0,0,0,0,0,,"En curso","7 días tras clic, 1 día tras visualización o 1 día tras visualización activa",0,ABSOLUTE_OCPM,2026-08-22T19:14:35-0300,-,-,-,"A+ - Publicos Personalizados  - Sale",,,,,,0,,,00:00:00,,,,,,,0,0,,,,,,
2026-07-27,2026-07-27,"Ad6 - Secuencia - Nueva coleccion 202666 - Copia 2",inactive,,,,"Con el presupuesto de la campaña",0,376.08,40,39,1.025641,9402,,"En curso","7 días tras clic, 1 día tras visualización o 1 día tras visualización activa",0,ABSOLUTE_OCPM,2026-08-24T22:24:38-0300,-,-,-,"A+ - SA - Nueva coleccion 2026",,,,,,2.564103,2,,00:00:00,,,,,,5,5.128205,5,188.04,1,1,,,
2026-07-27,2026-07-27,"Ad6 - Secuencia - Nueva coleccion 202666 - Copia 3",not_delivering,1,actions:offsite_conversion.fb_pixel_purchase,11171.83,"Con el presupuesto de la campaña",0,11171.83,778,676,1.150888,14359.678663,1,"En curso","7 días tras clic, 1 día tras visualización o 1 día tras visualización activa",0,ABSOLUTE_OCPM,2026-08-22T19:14:35-0300,Promedio,Promedio,"Por debajo del promedio - 35% de los anuncios menos relevantes","A+ - Publicos Personalizados  - Sale",33.110959,369910,369910,33.11095854,action_values:offsite_conversion.fb_pixel_purchase,1.923077,14,,00:00:00,,,,,,1.799486,2.662722,2.827764,797.987857,11,11,1,,
2026-07-27,2026-07-27,"Ad6 - Secuencia - Nueva coleccion 2026 - Copia 4",active,,,,"Con el presupuesto de la campaña",0,0,0,0,0,0,,"En curso","7 días tras clic, 1 día tras visualización o 1 día tras visualización activa",0,ABSOLUTE_OCPM,2026-08-24T22:24:38-0300,-,-,-,"A+ - SA - Nueva coleccion 2026",,,,,,0,,,00:00:00,,,,,,,0,0,,,,,,
2026-07-27,2026-07-27,"Ad6 - Secuencia - Nueva coleccion 202666 - Copia 2",inactive,,,,"Con el presupuesto de la campaña",0,0,0,0,0,0,,"En curso","7 días tras clic, 1 día tras visualización o 1 día tras visualización activa",0,ABSOLUTE_OCPM,2026-08-22T19:14:35-0300,-,-,-,"A+ - Publicos Personalizados  - Sale",,,,,,0,,,00:00:00,,,,,,,0,0,,,,,,
2026-07-27,2026-07-27,"Ad6 - Secuencia - Nueva coleccion 202666 - Copia",inactive,,,,"Con el presupuesto de la campaña",0,2025.49,184,160,1.15,11008.097826,,"En curso","7 días tras clic, 1 día tras visualización o 1 día tras visualización activa",0,ABSOLUTE_OCPM,2026-08-24T22:24:38-0300,-,-,-,"A+ - SA - Nueva coleccion 2026",,,,,,5,8,,00:00:00,,,,,,4.347826,6.875,7.608696,253.18625,7,2,,,
2026-07-27,2026-07-27,"Ad5 - Video - Sale - Copia 3",inactive,,,,"Con el presupuesto de la campaña",0,0,0,0,0,0,,"En curso","7 días tras clic, 1 día tras visualización o 1 día tras visualización activa",0,ABSOLUTE_OCPM,2026-08-22T19:14:35-0300,-,-,-,"A+ - Publicos Personalizados  - Sale",,,,,,0,,,00:00:00,,,,,,,0,0,,,,,,
2026-07-27,2026-07-27,"Ad6 - Secuencia - Nueva coleccion 202666 - Copia 5",not_delivering,,,,"Con el presupuesto de la campaña",0,11751.58,888,675,1.315556,13233.761261,,"En curso","7 días tras clic, 1 día tras visualización o 1 día tras visualización activa",0,ABSOLUTE_OCPM,2026-08-22T19:14:35-0300,Promedio,Promedio,"Por debajo del promedio - 35% de los anuncios menos relevantes","A+ - Publicos Personalizados  - Sale",,,,,,2.37037,16,,00:00:00,,,,,,1.801802,3.407407,2.927928,734.47375,11,3,1,,
2026-07-27,2026-07-27,"Ad5 - Video - Sale - Copia 2",inactive,,,,"Con el presupuesto de la campaña",0,0,0,0,0,0,,"En curso","7 días tras clic, 1 día tras visualización o 1 día tras visualización activa",0,ABSOLUTE_OCPM,2026-08-22T19:14:35-0300,-,-,-,"A+ - Publicos Personalizados  - Sale",,,,,,0,,,00:00:00,,,,,,,0,0,,,,,,
2026-07-27,2026-07-27,"Ad6 - Secuencia - Nueva coleccion 202666 - Copia 2",inactive,,,,"Con el presupuesto de la campaña",0,0,0,0,0,0,,"En curso","7 días tras clic, 1 día tras visualización o 1 día tras visualización activa",0,ABSOLUTE_OCPM,2026-08-22T19:14:35-0300,-,-,-,"A+ - Publicos Personalizados  - Sale",,,,,,0,,,00:00:00,,,,,,,0,0,,,,,,
2026-07-27,2026-07-27,"Ad6 - Secuencia - Nueva coleccion 2026 - Copia",inactive,,,,"Con el presupuesto de la campaña",0,0,0,0,0,0,,"En curso","7 días tras clic, 1 día tras visualización o 1 día tras visualización activa",0,ABSOLUTE_OCPM,2026-08-24T22:24:38-0300,-,-,-,"A+ - SA - Nueva coleccion 2026",,,,,,0,,,00:00:00,,,,,,,0,0,,,,,,
2026-07-27,2026-07-27,"Ad6 - Secuencia - Nueva coleccion 202666 - Copia",inactive,,,,"Con el presupuesto de la campaña",0,766.97,58,48,1.208333,13223.62069,,"En curso","7 días tras clic, 1 día tras visualización o 1 día tras visualización activa",0,ABSOLUTE_OCPM,2026-08-22T19:14:35-0300,-,-,-,"A+ - Publicos Personalizados  - Sale",,,,,,2.083333,1,19,3,23,15,5,4,4,1.724138,6.25,5.172414,766.97,1,,,,
2026-07-27,2026-07-27,"Ad4 - Imagen - Sale",inactive,,,,"Con el presupuesto de la campaña",0,0,0,0,0,0,,"En curso","7 días tras clic, 1 día tras visualización o 1 día tras visualización activa",0,ABSOLUTE_OCPM,2026-08-22T19:14:35-0300,-,-,-,"A+ - Publicos Personalizados  - Sale",,,,,,0,,,00:00:00,,,,,,,0,0,,,,,,
2026-07-27,2026-07-27,"Ad6 - Secuencia - Nueva coleccion 2026 - Copia",inactive,,,,"Con el presupuesto de la campaña",0,0,0,0,0,0,,"En curso","7 días tras clic, 1 día tras visualización o 1 día tras visualización activa",0,ABSOLUTE_OCPM,2026-08-24T22:24:38-0300,-,-,-,"A+ - SA - Nueva coleccion 2026",,,,,,0,,,00:00:00,,,,,,,0,0,,,,,,
2026-07-27,2026-07-27,"Ad3 - Video - Sale",inactive,,,,"Con el presupuesto de la campaña",0,0,0,0,0,0,,"En curso","7 días tras clic, 1 día tras visualización o 1 día tras visualización activa",0,ABSOLUTE_OCPM,2026-08-22T19:14:35-0300,-,-,-,"A+ - Publicos Personalizados  - Sale",,,,,,0,,,00:00:00,,,,,,,0,0,,,,,,
2026-07-27,2026-07-27,"Ad5 - Video - Sale - Copia",not_delivering,,,,"Con el presupuesto de la campaña",0,0,0,0,0,0,,"En curso","7 días tras clic, 1 día tras visualización o 1 día tras visualización activa",0,ABSOLUTE_OCPM,2026-08-22T19:14:35-0300,-,-,-,"A+ - Publicos Personalizados  - Sale",,,,,,0,,,00:00:00,,,,,,,0,0,,,,,,
2026-07-27,2026-07-27,"Ad1 - Video - Sale",inactive,,,,"Con el presupuesto de la campaña",0,0,0,0,0,0,,"En curso","7 días tras clic, 1 día tras visualización o 1 día tras visualización activa",0,ABSOLUTE_OCPM,2026-08-22T19:14:35-0300,-,-,-,"A+ - Publicos Personalizados  - Sale",,,,,,0,,,00:00:00,,,,,,,0,0,,,,,,
