"Inicio del informe","Fin del informe","Nombre del anuncio","Entrega del anuncio","Configuración de atribución",Resultados,"Indicador de resultado",Alcance,Frecuencia,"Costo por resultados","Presupuesto del conjunto de anuncios","Tipo de presupuesto del conjunto de anuncios","Importe gastado (ARS)",Finalización,"Clasificación de calidad","Clasificación del porcentaje de interacción","Clasificación del porcentaje de conversiones",Impresiones,"CPM (costo por mil impresiones) (ARS)","Clics en el enlace",shop_clicks,"CPC (costo por clic en el enlace) (ARS)","CTR (porcentaje de clics en el enlace)","Clics (todos)","CTR (todos)","CPC (todos) (ARS)","Visitas a la página de destino","Costo por visita a la página de destino (ARS)","Artículos agregados al carrito","Pagos iniciados",Compras,"Valor de conversión de compras","ROAS de resultados","Indicador de ROAS de resultado","Reproducciones de video de 3 segundos",ThruPlays,"Reproducciones de video hasta el 25%","Reproducciones de video hasta el 50%","Reproducciones de video hasta el 75%","Reproducciones de video hasta el 100%","Tiempo promedio de reproducción del video","Resultados (iniciales)","Indicador de resultados (iniciales)"
2026-08-25,2026-08-25,"Orgullosamente argentinas",active,"7 días tras clic, 1 día tras visualización o 1 día tras visualización activa",,,11,1.090909,,15000,Diario,51.06,"En curso",-,-,-,12,4255,3,,17.02,25,2,16.666667,25.53,2,25.53,,,,,,,2,1,2,2,1,1,5,,
2026-08-25,2026-08-25,"Cardigam Roma",active,"7 días tras clic, 1 día tras visualización o 1 día tras visualización activa",,,0,0,,15000,Diario,0,"En curso",-,-,-,0,0,,,,,0,0,0,,,,,,,,,,,,,,,00:00:00,,
2026-08-25,2026-08-25,"Catalogo + Video 5",active,"7 días tras clic, 1 día tras visualización o 1 día tras visualización activa",,,0,0,,15000,Diario,0,"En curso",-,-,-,0,0,,,,,0,0,0,,,,,,,,,,,,,,,00:00:00,,
2026-08-25,2026-08-25,"Catalogo + Video 4",active,"7 días tras clic, 1 día tras visualización o 1 día tras visualización activa",,,0,0,,15000,Diario,0,"En curso",-,-,-,0,0,,,,,0,0,0,,,,,,,,,,,,,,,00:00:00,,
2026-08-25,2026-08-25,"Catalogo + Video 3",active,"7 días tras clic, 1 día tras visualización o 1 día tras visualización activa",,,0,0,,15000,Diario,0,"En curso",-,-,-,0,0,,,,,0,0,0,,,,,,,,,,,,,,,00:00:00,,
2026-08-25,2026-08-25,"Catalogo + Video 2",active,"7 días tras clic, 1 día tras visualización o 1 día tras visualización activa",2,actions:offsite_conversion.fb_pixel_purchase,1410,1.248227,6190.085,15000,Diario,12380.17,"En curso",-,-,-,1760,7034.1875,60,,206.336167,3.409091,95,5.397727,130.317579,56,221.074464,21,8,2,110600.4,8.93367377,action_values:offsite_conversion.fb_pixel_purchase,349,69,336,150,104,68,2,,
2026-08-25,2026-08-25,"Catalogo + Video 1",active,"7 días tras clic, 1 día tras visualización o 1 día tras visualización activa",1,actions:offsite_conversion.fb_pixel_purchase,239,1.439331,3342.03,15000,Diario,3342.03,"En curso",-,-,-,344,9715.203488,11,,303.820909,3.197674,12,3.488372,278.5025,10,334.203,,1,1,55445.4,16.59033581,action_values:offsite_conversion.fb_pixel_purchase,45,6,29,15,6,5,3,,
2026-08-25,2026-08-25,"wtf arg | 13/02",inactive,"7 días tras clic, 1 día tras visualización o 1 día tras visualización activa",,,0,0,,5000,Diario,0,"En curso",-,-,-,0,0,,,,,0,0,0,,,,,,,,,,,,,,,00:00:00,,
2026-08-25,2026-08-25,"Cardigan  | 07/08",inactive,"7 días tras clic, 1 día tras visualización o 1 día tras visualización activa",,,0,0,,3000,Diario,0,"En curso",-,-,-,0,0,,,,,0,0,0,,,,,,,,,,,,,,,00:00:00,,
2026-08-25,2026-08-25,"SW ARG2  | 07/08 ULTIMOS",inactive,"7 días tras clic, 1 día tras visualización o 1 día tras visualización activa",,,0,0,,3000,Diario,0,"En curso",-,-,-,0,0,,,,,0,0,0,,,,,,,,,,,,,,,00:00:00,,
2026-08-25,2026-08-25,"Reviews | 06/08",not_delivering,"1 día tras clic",,,0,0,,1750,Diario,0,"En curso",-,-,-,0,0,,,,,0,0,0,,,,,,,,,,,,,,,00:00:00,,
2026-08-25,2026-08-25,"ANA TIK TOK | 06/08",not_delivering,"1 día tras clic",,,0,0,,1750,Diario,0,"En curso",-,-,-,0,0,,,,,0,0,0,,,,,,,,,,,,,,,00:00:00,,
2026-08-25,2026-08-25,"SW ARG2 | 06/08",inactive,"1 día tras clic",,,0,0,,1750,Diario,0,"En curso",-,-,-,0,0,,,,,0,0,0,,,,,,,,,,,,,,,00:00:00,,
2026-08-25,2026-08-25,"3x2 estatico | 05/08",inactive,"7 días tras clic, 1 día tras visualización o 1 día tras visualización activa",,,0,0,,5000,Diario,0,"En curso",-,-,-,0,0,,,,,0,0,0,,,,,,,,,,,,,,,00:00:00,,
2026-08-25,2026-08-25,"3x2 historia | 05/08",inactive,"7 días tras clic, 1 día tras visualización o 1 día tras visualización activa",,,0,0,,5000,Diario,0,"En curso",-,-,-,0,0,,,,,0,0,0,,,,,,,,,,,,,,,00:00:00,,
2026-08-25,2026-08-25,"3X2 feed | 05/08",inactive,"7 días tras clic, 1 día tras visualización o 1 día tras visualización activa",,,0,0,,5000,Diario,0,"En curso",-,-,-,0,0,,,,,0,0,0,,,,,,,,,,,,,,,00:00:00,,
2026-08-25,2026-08-25,"SW ARG2  | 03/08 ULTIMOS",inactive,"7 días tras clic, 1 día tras visualización o 1 día tras visualización activa",,,0,0,,3450,Diario,0,"En curso",-,-,-,0,0,,,,,0,0,0,,,,,,,,,,,,,,,00:00:00,,
2026-08-25,2026-08-25,"SW ARG2  | 03/08",inactive,"7 días tras clic, 1 día tras visualización o 1 día tras visualización activa",,,0,0,,3450,Diario,0,"En curso",-,-,-,0,0,,,,,0,0,0,,,,,,,,,,,,,,,00:00:00,,
2026-08-25,2026-08-25,"SW ARG2  | 30/07",inactive,"7 días tras clic, 1 día tras visualización o 1 día tras visualización activa",,,0,0,,2500,Diario,0,"En curso",-,-,-,0,0,,,,,0,0,0,,,,,,,,,,,,,,,00:00:00,,
2026-08-25,2026-08-25,"SW ARG02 | 29/07",inactive,"7 días tras clic, 1 día tras visualización o 1 día tras visualización activa",,,0,0,,2500,Diario,0,"En curso",-,-,-,0,0,,,,,0,0,0,,,,,,,,,,,,,,,00:00:00,,
2026-08-25,2026-08-25,"Catalogo | 28/07",inactive,"7 días tras clic, 1 día tras visualización o 1 día tras visualización activa",,,0,0,,2500,Diario,0,"En curso",-,-,-,0,0,,,,,0,0,0,,,,,,,,,,,,,,,00:00:00,,
2026-08-25,2026-08-25,"AD01 Sofia | 27/07",inactive,"7 días tras clic o 1 día tras visualización",,,0,0,,2500,Diario,0,"En curso",-,-,-,0,0,,,,,0,0,0,,,,,,,,,,,,,,,00:00:00,,
2026-08-25,2026-08-25,"3x2 Invierno | 24/07",inactive,"7 días tras clic, 1 día tras visualización o 1 día tras visualización activa",,,0,0,,3000,Diario,0,"En curso",-,-,-,0,0,,,,,0,0,0,,,,,,,,,,,,,,,00:00:00,,
2026-08-25,2026-08-25,"SW ARG02 | 23/07",inactive,"7 días tras clic, 1 día tras visualización o 1 día tras visualización activa",,,0,0,,2500,Diario,0,"En curso",-,-,-,0,0,,,,,0,0,0,,,,,,,,,,,,,,,00:00:00,,
2026-08-25,2026-08-25,"SW ARG02 | 22/07 Carrusel",inactive,"7 días tras clic, 1 día tras visualización o 1 día tras visualización activa",,,0,0,,2875,Diario,0,"En curso",-,-,-,0,0,,,,,0,0,0,,,,,,,,,,,,,,,00:00:00,,
2026-08-25,2026-08-25,"SW ARG02 | 22/07",inactive,"7 días tras clic, 1 día tras visualización o 1 día tras visualización activa",,,0,0,,2875,Diario,0,"En curso",-,-,-,0,0,,,,,0,0,0,,,,,,,,,,,,,,,00:00:00,,
2026-08-25,2026-08-25,"SW ARG | 19/07",inactive,"7 días tras clic, 1 día tras visualización o 1 día tras visualización activa",,,0,0,,2300,Diario,0,"En curso",-,-,-,0,0,,,,,0,0,0,,,,,,,,,,,,,,,00:00:00,,
2026-08-25,2026-08-25,"Sweater AFA  cupón | 10/07",inactive,"7 días tras clic, 1 día tras visualización o 1 día tras visualización activa",,,0,0,,2300,Diario,0,"En curso",-,-,-,0,0,,,,,0,0,0,,,,,,,,,,,,,,,00:00:00,,
2026-08-25,2026-08-25,"Ana tik tok | 06/07",inactive,"7 días tras clic, 1 día tras visualización o 1 día tras visualización activa",,,0,0,,3000,Diario,0,"En curso",-,-,-,0,0,,,,,0,0,0,,,,,,,,,,,,,,,00:00:00,,
2026-08-25,2026-08-25,"SW AFA | 02/07",inactive,"7 días tras clic, 1 día tras visualización o 1 día tras visualización activa",,,0,0,,3849,Diario,0,"En curso",-,-,-,0,0,,,,,0,0,0,,,,,,,,,,,,,,,00:00:00,,
2026-08-25,2026-08-25,"SW AFA | 30/06",inactive,"7 días tras clic, 1 día tras visualización o 1 día tras visualización activa",,,0,0,,2000,Diario,0,"En curso",-,-,-,0,0,,,,,0,0,0,,,,,,,,,,,,,,,00:00:00,,
2026-08-25,2026-08-25,"SW AFA | 30/06",not_delivering,"7 días tras clic, 1 día tras visualización o 1 día tras visualización activa",,,0,0,,2000,Diario,0,"En curso",-,-,-,0,0,,,,,0,0,0,,,,,,,,,,,,,,,00:00:00,,
2026-08-25,2026-08-25,"SW SOL | 27/06",inactive,"7 días tras clic, 1 día tras visualización o 1 día tras visualización activa",,,0,0,,3499,Diario,0,"En curso",-,-,-,0,0,,,,,0,0,0,,,,,,,,,,,,,,,00:00:00,,
2026-08-25,2026-08-25,"SW SOL | 19/06",inactive,"7 días tras clic, 1 día tras visualización o 1 día tras visualización activa",,,0,0,,2645,Diario,0,"En curso",-,-,-,0,0,,,,,0,0,0,,,,,,,,,,,,,,,00:00:00,,
2026-08-25,2026-08-25,"Ana tik tok",inactive,"7 días tras clic, 1 día tras visualización o 1 día tras visualización activa",,,0,0,,7781,Diario,0,"En curso",-,-,-,0,0,,,,,0,0,0,,,,,,,,,,,,,,,00:00:00,,
2026-08-24,2026-08-24,"Orgullosamente argentinas",active,"7 días tras clic, 1 día tras visualización o 1 día tras visualización activa",,,0,0,,15000,Diario,0,"En curso",-,-,-,0,0,,,,,0,0,0,,,,,,,,,,,,,,,00:00:00,,
2026-08-24,2026-08-24,"Cardigam Roma",active,"7 días tras clic, 1 día tras visualización o 1 día tras visualización activa",,,0,0,,15000,Diario,0,"En curso",-,-,-,0,0,,,,,0,0,0,,,,,,,,,,,,,,,00:00:00,,
2026-08-24,2026-08-24,"Catalogo + Video 5",active,"7 días tras clic, 1 día tras visualización o 1 día tras visualización activa",,,4,1,,15000,Diario,6.42,"En curso",-,-,-,4,1605,,,,,0,0,0,,,,,,,,,,,,,,,1,,
2026-08-24,2026-08-24,"Catalogo + Video 4",active,"7 días tras clic, 1 día tras visualización o 1 día tras visualización activa",,,0,0,,15000,Diario,0,"En curso",-,-,-,0,0,,,,,0,0,0,,,,,,,,,,,,,,,00:00:00,,
2026-08-24,2026-08-24,"Catalogo + Video 3",active,"7 días tras clic, 1 día tras visualización o 1 día tras visualización activa",,,1,1,,15000,Diario,18.47,"En curso",-,-,-,1,18470,,,,,0,0,0,,,,,,,,,1,,1,,,,6,,
2026-08-24,2026-08-24,"Catalogo + Video 2",active,"7 días tras clic, 1 día tras visualización o 1 día tras visualización activa",2,actions:offsite_conversion.fb_pixel_purchase,2082,1.207493,7510.58,15000,Diario,15021.16,"En curso",-,-,-,2514,5975.003978,104,,144.434231,4.136834,156,6.205251,96.289487,100,150.2116,35,7,2,115917,7.71691401,action_values:offsite_conversion.fb_pixel_purchase,488,118,472,231,161,116,2,,
2026-08-24,2026-08-24,"Catalogo + Video 1",active,"7 días tras clic, 1 día tras visualización o 1 día tras visualización activa",,,178,1.337079,,15000,Diario,3374.23,"En curso",-,-,-,238,14177.436975,10,,337.423,4.201681,15,6.302521,224.948667,10,337.423,1,,,,,,34,8,28,17,9,6,3,,
2026-08-24,2026-08-24,"wtf arg | 13/02",inactive,"7 días tras clic, 1 día tras visualización o 1 día tras visualización activa",,,0,0,,5000,Diario,0,"En curso",-,-,-,0,0,,,,,0,0,0,,,,,,,,,,,,,,,00:00:00,,
2026-08-24,2026-08-24,"Cardigan  | 07/08",inactive,"7 días tras clic, 1 día tras visualización o 1 día tras visualización activa",,,0,0,,3000,Diario,0,"En curso",-,-,-,0,0,,,,,0,0,0,,,,,,,,,,,,,,,00:00:00,,
2026-08-24,2026-08-24,"SW ARG2  | 07/08 ULTIMOS",inactive,"7 días tras clic, 1 día tras visualización o 1 día tras visualización activa",,,0,0,,3000,Diario,0,"En curso",-,-,-,0,0,,,,,0,0,0,,,,,,,,,,,,,,,00:00:00,,
2026-08-24,2026-08-24,"Reviews | 06/08",not_delivering,"1 día tras clic",,,0,0,,1750,Diario,0,"En curso",-,-,-,0,0,,,,,0,0,0,,,,,,,,,,,,,,,00:00:00,,
2026-08-24,2026-08-24,"ANA TIK TOK | 06/08",not_delivering,"1 día tras clic",,,0,0,,1750,Diario,0,"En curso",-,-,-,0,0,,,,,0,0,0,,,,,,,,,,,,,,,00:00:00,,
2026-08-24,2026-08-24,"SW ARG2 | 06/08",inactive,"1 día tras clic",,,0,0,,1750,Diario,0,"En curso",-,-,-,0,0,,,,,0,0,0,,,,,,,,,,,,,,,00:00:00,,
2026-08-24,2026-08-24,"3x2 estatico | 05/08",inactive,"7 días tras clic, 1 día tras visualización o 1 día tras visualización activa",,,0,0,,5000,Diario,0,"En curso",-,-,-,0,0,,,,,0,0,0,,,,,,,,,,,,,,,00:00:00,,
2026-08-24,2026-08-24,"3x2 historia | 05/08",inactive,"7 días tras clic, 1 día tras visualización o 1 día tras visualización activa",,,0,0,,5000,Diario,0,"En curso",-,-,-,0,0,,,,,0,0,0,,,,,,,,,,,,,,,00:00:00,,
2026-08-24,2026-08-24,"3X2 feed | 05/08",inactive,"7 días tras clic, 1 día tras visualización o 1 día tras visualización activa",,,0,0,,5000,Diario,0,"En curso",-,-,-,0,0,,,,,0,0,0,,,,,,,,,,,,,,,00:00:00,,
2026-08-24,2026-08-24,"SW ARG2  | 03/08 ULTIMOS",inactive,"7 días tras clic, 1 día tras visualización o 1 día tras visualización activa",,,0,0,,3450,Diario,0,"En curso",-,-,-,0,0,,,,,0,0,0,,,,,,,,,,,,,,,00:00:00,,
2026-08-24,2026-08-24,"SW ARG2  | 03/08",inactive,"7 días tras clic, 1 día tras visualización o 1 día tras visualización activa",,,0,0,,3450,Diario,0,"En curso",-,-,-,0,0,,,,,0,0,0,,,,,,,,,,,,,,,00:00:00,,
2026-08-24,2026-08-24,"SW ARG2  | 30/07",inactive,"7 días tras clic, 1 día tras visualización o 1 día tras visualización activa",,,0,0,,2500,Diario,0,"En curso",-,-,-,0,0,,,,,0,0,0,,,,,,,,,,,,,,,00:00:00,,
2026-08-24,2026-08-24,"SW ARG02 | 29/07",inactive,"7 días tras clic, 1 día tras visualización o 1 día tras visualización activa",,,0,0,,2500,Diario,0,"En curso",-,-,-,0,0,,,,,0,0,0,,,,,,,,,,,,,,,00:00:00,,
2026-08-24,2026-08-24,"Catalogo | 28/07",inactive,"7 días tras clic, 1 día tras visualización o 1 día tras visualización activa",,,0,0,,2500,Diario,0,"En curso",-,-,-,0,0,,,,,0,0,0,,,,,,,,,,,,,,,00:00:00,,
2026-08-24,2026-08-24,"AD01 Sofia | 27/07",inactive,"7 días tras clic o 1 día tras visualización",,,0,0,,2500,Diario,0,"En curso",-,-,-,0,0,,,,,0,0,0,,,,,,,,,,,,,,,00:00:00,,
2026-08-24,2026-08-24,"3x2 Invierno | 24/07",inactive,"7 días tras clic, 1 día tras visualización o 1 día tras visualización activa",,,0,0,,3000,Diario,0,"En curso",-,-,-,0,0,,,,,0,0,0,,,,,,,,,,,,,,,00:00:00,,
2026-08-24,2026-08-24,"SW ARG02 | 23/07",inactive,"7 días tras clic, 1 día tras visualización o 1 día tras visualización activa",,,0,0,,2500,Diario,0,"En curso",-,-,-,0,0,,,,,0,0,0,,,,,,,,,,,,,,,00:00:00,,
2026-08-24,2026-08-24,"SW ARG02 | 22/07 Carrusel",inactive,"7 días tras clic, 1 día tras visualización o 1 día tras visualización activa",,,0,0,,2875,Diario,0,"En curso",-,-,-,0,0,,,,,0,0,0,,,,,,,,,,,,,,,00:00:00,,
2026-08-24,2026-08-24,"SW ARG02 | 22/07",inactive,"7 días tras clic, 1 día tras visualización o 1 día tras visualización activa",,,0,0,,2875,Diario,0,"En curso",-,-,-,0,0,,,,,0,0,0,,,,,,,,,,,,,,,00:00:00,,
2026-08-24,2026-08-24,"SW ARG | 19/07",inactive,"7 días tras clic, 1 día tras visualización o 1 día tras visualización activa",,,0,0,,2300,Diario,0,"En curso",-,-,-,0,0,,,,,0,0,0,,,,,,,,,,,,,,,00:00:00,,
2026-08-24,2026-08-24,"Sweater AFA  cupón | 10/07",inactive,"7 días tras clic, 1 día tras visualización o 1 día tras visualización activa",,,0,0,,2300,Diario,0,"En curso",-,-,-,0,0,,,,,0,0,0,,,,,,,,,,,,,,,00:00:00,,
2026-08-24,2026-08-24,"Ana tik tok | 06/07",inactive,"7 días tras clic, 1 día tras visualización o 1 día tras visualización activa",,,0,0,,3000,Diario,0,"En curso",-,-,-,0,0,,,,,0,0,0,,,,,,,,,,,,,,,00:00:00,,
2026-08-24,2026-08-24,"SW AFA | 02/07",inactive,"7 días tras clic, 1 día tras visualización o 1 día tras visualización activa",,,0,0,,3849,Diario,0,"En curso",-,-,-,0,0,,,,,0,0,0,,,,,,,,,,,,,,,00:00:00,,
2026-08-24,2026-08-24,"SW AFA | 30/06",inactive,"7 días tras clic, 1 día tras visualización o 1 día tras visualización activa",,,0,0,,2000,Diario,0,"En curso",-,-,-,0,0,,,,,0,0,0,,,,,,,,,,,,,,,00:00:00,,
2026-08-24,2026-08-24,"SW AFA | 30/06",not_delivering,"7 días tras clic, 1 día tras visualización o 1 día tras visualización activa",,,0,0,,2000,Diario,0,"En curso",-,-,-,0,0,,,,,0,0,0,,,,,,,,,,,,,,,00:00:00,,
2026-08-24,2026-08-24,"SW SOL | 27/06",inactive,"7 días tras clic, 1 día tras visualización o 1 día tras visualización activa",,,0,0,,3499,Diario,0,"En curso",-,-,-,0,0,,,,,0,0,0,,,,,,,,,,,,,,,00:00:00,,
2026-08-24,2026-08-24,"SW SOL | 19/06",inactive,"7 días tras clic, 1 día tras visualización o 1 día tras visualización activa",,,0,0,,2645,Diario,0,"En curso",-,-,-,0,0,,,,,0,0,0,,,,,,,,,,,,,,,00:00:00,,
2026-08-24,2026-08-24,"Ana tik tok",inactive,"7 días tras clic, 1 día tras visualización o 1 día tras visualización activa",,,0,0,,7781,Diario,0,"En curso",-,-,-,0,0,,,,,0,0,0,,,,,,,,,,,,,,,00:00:00,,
2026-08-23,2026-08-23,"Orgullosamente argentinas",active,"7 días tras clic, 1 día tras visualización o 1 día tras visualización activa",,,23,1.043478,,15000,Diario,196.47,"En curso",-,-,-,24,8186.25,2,,98.235,8.333333,2,8.333333,98.235,2,98.235,,,,,,,4,2,4,3,2,2,5,,
2026-08-23,2026-08-23,"Cardigam Roma",active,"7 días tras clic, 1 día tras visualización o 1 día tras visualización activa",,,3,1,,15000,Diario,4.96,"En curso",-,-,-,3,1653.333333,,,,,0,0,0,,,,,,,,,2,1,2,1,1,1,6,,
2026-08-23,2026-08-23,"Catalogo + Video 5",active,"7 días tras clic, 1 día tras visualización o 1 día tras visualización activa",,,6,1,,15000,Diario,22.37,"En curso",-,-,-,6,3728.333333,,,,,0,0,0,1,22.37,,,,,,,,,,,,,1,,
2026-08-23,2026-08-23,"Catalogo + Video 4",active,"7 días tras clic, 1 día tras visualización o 1 día tras visualización activa",,,0,0,,15000,Diario,0,"En curso",-,-,-,0,0,,,,,0,0,0,,,,,,,,,,,,,,,00:00:00,,
2026-08-23,2026-08-23,"Catalogo + Video 3",active,"7 días tras clic, 1 día tras visualización o 1 día tras visualización activa",,,0,0,,15000,Diario,0,"En curso",-,-,-,0,0,,,,,0,0,0,,,,,,,,,,,,,,,00:00:00,,
2026-08-23,2026-08-23,"Catalogo + Video 2",active,"7 días tras clic, 1 día tras visualización o 1 día tras visualización activa",,,2649,1.208003,,15000,Diario,15121.04,"En curso",-,-,-,3200,4725.325,140,,108.007429,4.375,210,6.5625,72.004952,137,110.372555,29,1,,,,,670,144,645,306,207,144,3,,
2026-08-23,2026-08-23,"Catalogo + Video 1",active,"7 días tras clic, 1 día tras visualización o 1 día tras visualización activa",,,284,1.369718,,15000,Diario,3463.2,"En curso",-,-,-,389,8902.827764,13,,266.4,3.341902,19,4.884319,182.273684,11,314.836364,12,1,,,,,76,19,54,37,18,11,3,,
2026-08-23,2026-08-23,"wtf arg | 13/02",inactive,"7 días tras clic, 1 día tras visualización o 1 día tras visualización activa",,,0,0,,5000,Diario,0,"En curso",-,-,-,0,0,,,,,0,0,0,,,,,,,,,,,,,,,00:00:00,,
2026-08-23,2026-08-23,"Cardigan  | 07/08",inactive,"7 días tras clic, 1 día tras visualización o 1 día tras visualización activa",,,0,0,,3000,Diario,0,"En curso",-,-,-,0,0,,,,,0,0,0,,,,,,,,,,,,,,,00:00:00,,
2026-08-23,2026-08-23,"SW ARG2  | 07/08 ULTIMOS",inactive,"7 días tras clic, 1 día tras visualización o 1 día tras visualización activa",,,0,0,,3000,Diario,0,"En curso",-,-,-,0,0,,,,,0,0,0,,,,,,,,,,,,,,,00:00:00,,
2026-08-23,2026-08-23,"Reviews | 06/08",not_delivering,"1 día tras clic",,,0,0,,1750,Diario,0,"En curso",-,-,-,0,0,,,,,0,0,0,,,,,,,,,,,,,,,00:00:00,,
2026-08-23,2026-08-23,"ANA TIK TOK | 06/08",not_delivering,"1 día tras clic",,,0,0,,1750,Diario,0,"En curso",-,-,-,0,0,,,,,0,0,0,,,,,,,,,,,,,,,00:00:00,,
2026-08-23,2026-08-23,"SW ARG2 | 06/08",inactive,"1 día tras clic",,,0,0,,1750,Diario,0,"En curso",-,-,-,0,0,,,,,0,0,0,,,,,,,,,,,,,,,00:00:00,,
2026-08-23,2026-08-23,"3x2 estatico | 05/08",inactive,"7 días tras clic, 1 día tras visualización o 1 día tras visualización activa",,,0,0,,5000,Diario,0,"En curso",-,-,-,0,0,,,,,0,0,0,,,,,,,,,,,,,,,00:00:00,,
2026-08-23,2026-08-23,"3x2 historia | 05/08",inactive,"7 días tras clic, 1 día tras visualización o 1 día tras visualización activa",,,0,0,,5000,Diario,0,"En curso",-,-,-,0,0,,,,,0,0,0,,,,,,,,,,,,,,,00:00:00,,
2026-08-23,2026-08-23,"3X2 feed | 05/08",inactive,"7 días tras clic, 1 día tras visualización o 1 día tras visualización activa",,,0,0,,5000,Diario,0,"En curso",-,-,-,0,0,,,,,0,0,0,,,,,,,,,,,,,,,00:00:00,,
2026-08-23,2026-08-23,"SW ARG2  | 03/08 ULTIMOS",inactive,"7 días tras clic, 1 día tras visualización o 1 día tras visualización activa",,,0,0,,3450,Diario,0,"En curso",-,-,-,0,0,,,,,0,0,0,,,,,,,,,,,,,,,00:00:00,,
2026-08-23,2026-08-23,"SW ARG2  | 03/08",inactive,"7 días tras clic, 1 día tras visualización o 1 día tras visualización activa",,,0,0,,3450,Diario,0,"En curso",-,-,-,0,0,,,,,0,0,0,,,,,,,,,,,,,,,00:00:00,,
2026-08-23,2026-08-23,"SW ARG2  | 30/07",inactive,"7 días tras clic, 1 día tras visualización o 1 día tras visualización activa",,,0,0,,2500,Diario,0,"En curso",-,-,-,0,0,,,,,0,0,0,,,,,,,,,,,,,,,00:00:00,,
2026-08-23,2026-08-23,"SW ARG02 | 29/07",inactive,"7 días tras clic, 1 día tras visualización o 1 día tras visualización activa",,,0,0,,2500,Diario,0,"En curso",-,-,-,0,0,,,,,0,0,0,,,,,,,,,,,,,,,00:00:00,,
2026-08-23,2026-08-23,"Catalogo | 28/07",inactive,"7 días tras clic, 1 día tras visualización o 1 día tras visualización activa",,,0,0,,2500,Diario,0,"En curso",-,-,-,0,0,,,,,0,0,0,,,,,,,,,,,,,,,00:00:00,,
2026-08-23,2026-08-23,"AD01 Sofia | 27/07",inactive,"7 días tras clic o 1 día tras visualización",,,0,0,,2500,Diario,0,"En curso",-,-,-,0,0,,,,,0,0,0,,,,,,,,,,,,,,,00:00:00,,
2026-08-23,2026-08-23,"3x2 Invierno | 24/07",inactive,"7 días tras clic, 1 día tras visualización o 1 día tras visualización activa",,,0,0,,3000,Diario,0,"En curso",-,-,-,0,0,,,,,0,0,0,,,,,,,,,,,,,,,00:00:00,,
2026-08-23,2026-08-23,"SW ARG02 | 23/07",inactive,"7 días tras clic, 1 día tras visualización o 1 día tras visualización activa",,,0,0,,2500,Diario,0,"En curso",-,-,-,0,0,,,,,0,0,0,,,,,,,,,,,,,,,00:00:00,,
2026-08-23,2026-08-23,"SW ARG02 | 22/07 Carrusel",inactive,"7 días tras clic, 1 día tras visualización o 1 día tras visualización activa",,,0,0,,2875,Diario,0,"En curso",-,-,-,0,0,,,,,0,0,0,,,,,,,,,,,,,,,00:00:00,,
2026-08-23,2026-08-23,"SW ARG02 | 22/07",inactive,"7 días tras clic, 1 día tras visualización o 1 día tras visualización activa",,,0,0,,2875,Diario,0,"En curso",-,-,-,0,0,,,,,0,0,0,,,,,,,,,,,,,,,00:00:00,,
2026-08-23,2026-08-23,"SW ARG | 19/07",inactive,"7 días tras clic, 1 día tras visualización o 1 día tras visualización activa",,,0,0,,2300,Diario,0,"En curso",-,-,-,0,0,,,,,0,0,0,,,,,,,,,,,,,,,00:00:00,,
2026-08-23,2026-08-23,"Sweater AFA  cupón | 10/07",inactive,"7 días tras clic, 1 día tras visualización o 1 día tras visualización activa",,,0,0,,2300,Diario,0,"En curso",-,-,-,0,0,,,,,0,0,0,,,,,,,,,,,,,,,00:00:00,,
2026-08-23,2026-08-23,"Ana tik tok | 06/07",inactive,"7 días tras clic, 1 día tras visualización o 1 día tras visualización activa",,,0,0,,3000,Diario,0,"En curso",-,-,-,0,0,,,,,0,0,0,,,,,,,,,,,,,,,00:00:00,,
2026-08-23,2026-08-23,"SW AFA | 02/07",inactive,"7 días tras clic, 1 día tras visualización o 1 día tras visualización activa",,,0,0,,3849,Diario,0,"En curso",-,-,-,0,0,,,,,0,0,0,,,,,,,,,,,,,,,00:00:00,,
2026-08-23,2026-08-23,"SW AFA | 30/06",inactive,"7 días tras clic, 1 día tras visualización o 1 día tras visualización activa",,,0,0,,2000,Diario,0,"En curso",-,-,-,0,0,,,,,0,0,0,,,,,,,,,,,,,,,00:00:00,,
2026-08-23,2026-08-23,"SW AFA | 30/06",not_delivering,"7 días tras clic, 1 día tras visualización o 1 día tras visualización activa",,,0,0,,2000,Diario,0,"En curso",-,-,-,0,0,,,,,0,0,0,,,,,,,,,,,,,,,00:00:00,,
2026-08-23,2026-08-23,"SW SOL | 27/06",inactive,"7 días tras clic, 1 día tras visualización o 1 día tras visualización activa",,,0,0,,3499,Diario,0,"En curso",-,-,-,0,0,,,,,0,0,0,,,,,,,,,,,,,,,00:00:00,,
2026-08-23,2026-08-23,"SW SOL | 19/06",inactive,"7 días tras clic, 1 día tras visualización o 1 día tras visualización activa",,,0,0,,2645,Diario,0,"En curso",-,-,-,0,0,,,,,0,0,0,,,,,,,,,,,,,,,00:00:00,,
2026-08-23,2026-08-23,"Ana tik tok",inactive,"7 días tras clic, 1 día tras visualización o 1 día tras visualización activa",,,0,0,,7781,Diario,0,"En curso",-,-,-,0,0,,,,,0,0,0,,,,,,,,,,,,,,,00:00:00,,
2026-08-22,2026-08-22,"Orgullosamente argentinas",active,"7 días tras clic, 1 día tras visualización o 1 día tras visualización activa",,,35,1.142857,,15000,Diario,311.82,"En curso",-,-,-,40,7795.5,2,,155.91,5,4,10,77.955,2,155.91,,,,,,,10,3,9,4,3,3,3,,
2026-08-22,2026-08-22,"Cardigam Roma",active,"7 días tras clic, 1 día tras visualización o 1 día tras visualización activa",,,21,1.047619,,15000,Diario,70.38,"En curso",-,-,-,22,3199.090909,,,,,0,0,0,,,,,,,,,7,1,9,4,3,1,3,,
2026-08-22,2026-08-22,"Catalogo + Video 5",active,"7 días tras clic, 1 día tras visualización o 1 día tras visualización activa",,,63,1.079365,,15000,Diario,575.86,"En curso",-,-,-,68,8468.529412,2,,287.93,2.941176,5,7.352941,115.172,3,191.953333,,,,,,,20,3,10,6,3,3,3,,
2026-08-22,2026-08-22,"Catalogo + Video 4",active,"7 días tras clic, 1 día tras visualización o 1 día tras visualización activa",,,13,1,,15000,Diario,171.19,"En curso",-,-,-,13,13168.461538,,,,,0,0,0,,,,,,,,,1,,1,,,,3,,
2026-08-22,2026-08-22,"Catalogo + Video 3",active,"7 días tras clic, 1 día tras visualización o 1 día tras visualización activa",,,6,1.166667,,15000,Diario,55.08,"En curso",-,-,-,7,7868.571429,,,,,0,0,0,,,,,,,,,,,,,,,0,,
2026-08-22,2026-08-22,"Catalogo + Video 2",active,"7 días tras clic, 1 día tras visualización o 1 día tras visualización activa",,,3002,1.164224,,15000,Diario,13483.32,"En curso",-,-,-,3495,3857.888412,139,,97.002302,3.97711,208,5.951359,64.823654,135,99.876444,45,2,,,,,763,165,735,361,241,164,2,,
2026-08-22,2026-08-22,"Catalogo + Video 1",active,"7 días tras clic, 1 día tras visualización o 1 día tras visualización activa",,,47,1.382979,,15000,Diario,518.14,"En curso",-,-,-,65,7971.384615,3,,172.713333,4.615385,3,4.615385,172.713333,2,259.07,,,,,,,10,3,7,3,3,1,2,,
2026-08-22,2026-08-22,"wtf arg | 13/02",inactive,"7 días tras clic, 1 día tras visualización o 1 día tras visualización activa",,,0,0,,5000,Diario,0,"En curso",-,-,-,0,0,,,,,0,0,0,,,,,,,,,,,,,,,00:00:00,,
2026-08-22,2026-08-22,"Cardigan  | 07/08",inactive,"7 días tras clic, 1 día tras visualización o 1 día tras visualización activa",,,0,0,,3000,Diario,0,"En curso",-,-,-,0,0,,,,,0,0,0,,,,,,,,,,,,,,,00:00:00,,
2026-08-22,2026-08-22,"SW ARG2  | 07/08 ULTIMOS",inactive,"7 días tras clic, 1 día tras visualización o 1 día tras visualización activa",,,0,0,,3000,Diario,0,"En curso",-,-,-,0,0,,,,,0,0,0,,,,,,,,,,,,,,,00:00:00,,
2026-08-22,2026-08-22,"Reviews | 06/08",not_delivering,"1 día tras clic",,,0,0,,1750,Diario,0,"En curso",-,-,-,0,0,,,,,0,0,0,,,,,,,,,,,,,,,00:00:00,,
2026-08-22,2026-08-22,"ANA TIK TOK | 06/08",not_delivering,"1 día tras clic",,,0,0,,1750,Diario,0,"En curso",-,-,-,0,0,,,,,0,0,0,,,,,,,,,,,,,,,00:00:00,,
2026-08-22,2026-08-22,"SW ARG2 | 06/08",inactive,"1 día tras clic",,,0,0,,1750,Diario,0,"En curso",-,-,-,0,0,,,,,0,0,0,,,,,,,,,,,,,,,00:00:00,,
2026-08-22,2026-08-22,"3x2 estatico | 05/08",inactive,"7 días tras clic, 1 día tras visualización o 1 día tras visualización activa",,,0,0,,5000,Diario,0,"En curso",-,-,-,0,0,,,,,0,0,0,,,,,,,,,,,,,,,00:00:00,,
2026-08-22,2026-08-22,"3x2 historia | 05/08",inactive,"7 días tras clic, 1 día tras visualización o 1 día tras visualización activa",,,0,0,,5000,Diario,0,"En curso",-,-,-,0,0,,,,,0,0,0,,,,,,,,,,,,,,,00:00:00,,
2026-08-22,2026-08-22,"3X2 feed | 05/08",inactive,"7 días tras clic, 1 día tras visualización o 1 día tras visualización activa",,,0,0,,5000,Diario,0,"En curso",-,-,-,0,0,,,,,0,0,0,,,,,,,,,,,,,,,00:00:00,,
2026-08-22,2026-08-22,"SW ARG2  | 03/08 ULTIMOS",inactive,"7 días tras clic, 1 día tras visualización o 1 día tras visualización activa",,,0,0,,3450,Diario,0,"En curso",-,-,-,0,0,,,,,0,0,0,,,,,,,,,,,,,,,00:00:00,,
2026-08-22,2026-08-22,"SW ARG2  | 03/08",inactive,"7 días tras clic, 1 día tras visualización o 1 día tras visualización activa",,,0,0,,3450,Diario,0,"En curso",-,-,-,0,0,,,,,0,0,0,,,,,,,,,,,,,,,00:00:00,,
2026-08-22,2026-08-22,"SW ARG2  | 30/07",inactive,"7 días tras clic, 1 día tras visualización o 1 día tras visualización activa",,,0,0,,2500,Diario,0,"En curso",-,-,-,0,0,,,,,0,0,0,,,,,,,,,,,,,,,00:00:00,,
2026-08-22,2026-08-22,"SW ARG02 | 29/07",inactive,"7 días tras clic, 1 día tras visualización o 1 día tras visualización activa",,,0,0,,2500,Diario,0,"En curso",-,-,-,0,0,,,,,0,0,0,,,,,,,,,,,,,,,00:00:00,,
2026-08-22,2026-08-22,"Catalogo | 28/07",inactive,"7 días tras clic, 1 día tras visualización o 1 día tras visualización activa",,,0,0,,2500,Diario,0,"En curso",-,-,-,0,0,,,,,0,0,0,,,,,,,,,,,,,,,00:00:00,,
2026-08-22,2026-08-22,"AD01 Sofia | 27/07",inactive,"7 días tras clic o 1 día tras visualización",,,0,0,,2500,Diario,0,"En curso",-,-,-,0,0,,,,,0,0,0,,,,,,,,,,,,,,,00:00:00,,
2026-08-22,2026-08-22,"3x2 Invierno | 24/07",inactive,"7 días tras clic, 1 día tras visualización o 1 día tras visualización activa",,,0,0,,3000,Diario,0,"En curso",-,-,-,0,0,,,,,0,0,0,,,,,,,,,,,,,,,00:00:00,,
2026-08-22,2026-08-22,"SW ARG02 | 23/07",inactive,"7 días tras clic, 1 día tras visualización o 1 día tras visualización activa",,,0,0,,2500,Diario,0,"En curso",-,-,-,0,0,,,,,0,0,0,,,,,,,,,,,,,,,00:00:00,,
2026-08-22,2026-08-22,"SW ARG02 | 22/07 Carrusel",inactive,"7 días tras clic, 1 día tras visualización o 1 día tras visualización activa",,,0,0,,2875,Diario,0,"En curso",-,-,-,0,0,,,,,0,0,0,,,,,,,,,,,,,,,00:00:00,,
2026-08-22,2026-08-22,"SW ARG02 | 22/07",inactive,"7 días tras clic, 1 día tras visualización o 1 día tras visualización activa",,,0,0,,2875,Diario,0,"En curso",-,-,-,0,0,,,,,0,0,0,,,,,,,,,,,,,,,00:00:00,,
2026-08-22,2026-08-22,"SW ARG | 19/07",inactive,"7 días tras clic, 1 día tras visualización o 1 día tras visualización activa",,,0,0,,2300,Diario,0,"En curso",-,-,-,0,0,,,,,0,0,0,,,,,,,,,,,,,,,00:00:00,,
2026-08-22,2026-08-22,"Sweater AFA  cupón | 10/07",inactive,"7 días tras clic, 1 día tras visualización o 1 día tras visualización activa",,,0,0,,2300,Diario,0,"En curso",-,-,-,0,0,,,,,0,0,0,,,,,,,,,,,,,,,00:00:00,,
2026-08-22,2026-08-22,"Ana tik tok | 06/07",inactive,"7 días tras clic, 1 día tras visualización o 1 día tras visualización activa",,,0,0,,3000,Diario,0,"En curso",-,-,-,0,0,,,,,0,0,0,,,,,,,,,,,,,,,00:00:00,,
2026-08-22,2026-08-22,"SW AFA | 02/07",inactive,"7 días tras clic, 1 día tras visualización o 1 día tras visualización activa",,,0,0,,3849,Diario,0,"En curso",-,-,-,0,0,,,,,0,0,0,,,,,,,,,,,,,,,00:00:00,,
2026-08-22,2026-08-22,"SW AFA | 30/06",inactive,"7 días tras clic, 1 día tras visualización o 1 día tras visualización activa",,,0,0,,2000,Diario,0,"En curso",-,-,-,0,0,,,,,0,0,0,,,,,,,,,,,,,,,00:00:00,,
2026-08-22,2026-08-22,"SW AFA | 30/06",not_delivering,"7 días tras clic, 1 día tras visualización o 1 día tras visualización activa",,,0,0,,2000,Diario,0,"En curso",-,-,-,0,0,,,,,0,0,0,,,,,,,,,,,,,,,00:00:00,,
2026-08-22,2026-08-22,"SW SOL | 27/06",inactive,"7 días tras clic, 1 día tras visualización o 1 día tras visualización activa",,,0,0,,3499,Diario,0,"En curso",-,-,-,0,0,,,,,0,0,0,,,,,,,,,,,,,,,00:00:00,,
2026-08-22,2026-08-22,"SW SOL | 19/06",inactive,"7 días tras clic, 1 día tras visualización o 1 día tras visualización activa",,,0,0,,2645,Diario,0,"En curso",-,-,-,0,0,,,,,0,0,0,,,,,,,,,,,,,,,00:00:00,,
2026-08-22,2026-08-22,"Ana tik tok",inactive,"7 días tras clic, 1 día tras visualización o 1 día tras visualización activa",,,0,0,,7781,Diario,0,"En curso",-,-,-,0,0,,,,,0,0,0,,,,,,,,,,,,,,,00:00:00,,
2026-08-21,2026-08-21,"Orgullosamente argentinas",active,"7 días tras clic, 1 día tras visualización o 1 día tras visualización activa",,,60,1.133333,,15000,Diario,580.94,"En curso",-,-,-,68,8543.235294,2,,290.47,2.941176,2,2.941176,290.47,2,290.47,,,,,,,9,2,7,5,3,2,2,,
2026-08-21,2026-08-21,"Cardigam Roma",active,"7 días tras clic, 1 día tras visualización o 1 día tras visualización activa",,,1,1,,15000,Diario,3.26,"En curso",-,-,-,1,3260,,,,,0,0,0,,,,,,,,,,,,,,,1,,
2026-08-21,2026-08-21,"Catalogo + Video 5",active,"7 días tras clic, 1 día tras visualización o 1 día tras visualización activa",,,40,1.2,,15000,Diario,219.88,"En curso",-,-,-,48,4580.833333,2,,109.94,4.166667,2,4.166667,109.94,2,109.94,,,,,,,,,,,,,00:00:00,,
2026-08-21,2026-08-21,"Catalogo + Video 4",active,"7 días tras clic, 1 día tras visualización o 1 día tras visualización activa",,,4,1,,15000,Diario,5.78,"En curso",-,-,-,4,1445,,,,,0,0,0,,,,,,,,,,,,,,,00:00:00,,
2026-08-21,2026-08-21,"Catalogo + Video 3",active,"7 días tras clic, 1 día tras visualización o 1 día tras visualización activa",,,10,1.1,,15000,Diario,45.2,"En curso",-,-,-,11,4109.090909,,,,,0,0,0,,,,,,,,,,,,,,,00:00:00,,
2026-08-21,2026-08-21,"Catalogo + Video 2",active,"7 días tras clic, 1 día tras visualización o 1 día tras visualización activa",1,actions:offsite_conversion.fb_pixel_purchase,2625,1.067429,10035.48,15000,Diario,10035.48,"En curso",-,-,-,2802,3581.541756,105,,95.576,3.747323,155,5.531763,64.745032,98,102.402857,11,,1,81144.4,8.08575175,action_values:offsite_conversion.fb_pixel_purchase,552,104,533,258,163,104,2,,
2026-08-21,2026-08-21,"Catalogo + Video 1",active,"7 días tras clic, 1 día tras visualización o 1 día tras visualización activa",,,769,1.397919,,15000,Diario,6427.53,"En curso",-,-,-,1075,5979.097674,33,,194.773636,3.069767,42,3.906977,153.036429,28,229.554643,3,,,,,,103,23,74,36,22,9,3,,
2026-08-21,2026-08-21,"wtf arg | 13/02",inactive,"7 días tras clic, 1 día tras visualización o 1 día tras visualización activa",,,0,0,,5000,Diario,0,"En curso",-,-,-,0,0,,,,,0,0,0,1,0,,,,,,,,,,,,,00:00:00,,
2026-08-21,2026-08-21,"Cardigan  | 07/08",inactive,"7 días tras clic, 1 día tras visualización o 1 día tras visualización activa",,,0,0,,3000,Diario,0,"En curso",-,-,-,0,0,,,,,0,0,0,,,,,,,,,,,,,,,00:00:00,,
2026-08-21,2026-08-21,"SW ARG2  | 07/08 ULTIMOS",inactive,"7 días tras clic, 1 día tras visualización o 1 día tras visualización activa",,,0,0,,3000,Diario,0,"En curso",-,-,-,0,0,,,,,0,0,0,,,,,,,,,,,,,,,00:00:00,,
2026-08-21,2026-08-21,"Reviews | 06/08",not_delivering,"1 día tras clic",,,0,0,,1750,Diario,0,"En curso",-,-,-,0,0,,,,,0,0,0,,,,,,,,,,,,,,,00:00:00,,
2026-08-21,2026-08-21,"ANA TIK TOK | 06/08",not_delivering,"1 día tras clic",20,profile_visit_view,241,1,29.849,1750,Diario,596.98,"En curso",-,-,-,241,2477.095436,20,,29.849,8.298755,19,7.883817,31.42,8,74.6225,,,,,,,83,22,54,25,17,15,5,,
2026-08-21,2026-08-21,"SW ARG2 | 06/08",inactive,"1 día tras clic",,,0,0,,1750,Diario,0,"En curso",-,-,-,0,0,,,,,0,0,0,,,,,,,,,,,,,,,00:00:00,,
2026-08-21,2026-08-21,"3x2 estatico | 05/08",inactive,"7 días tras clic, 1 día tras visualización o 1 día tras visualización activa",,,0,0,,5000,Diario,0,"En curso",-,-,-,0,0,,,,,0,0,0,,,,,,,,,,,,,,,00:00:00,,
2026-08-21,2026-08-21,"3x2 historia | 05/08",inactive,"7 días tras clic, 1 día tras visualización o 1 día tras visualización activa",,,0,0,,5000,Diario,0,"En curso",-,-,-,0,0,,,,,0,0,0,,,,,,,,,,,,,,,00:00:00,,
2026-08-21,2026-08-21,"3X2 feed | 05/08",inactive,"7 días tras clic, 1 día tras visualización o 1 día tras visualización activa",,,0,0,,5000,Diario,0,"En curso",-,-,-,0,0,,,,,0,0,0,,,,,,,,,,,,,,,00:00:00,,
2026-08-21,2026-08-21,"SW ARG2  | 03/08 ULTIMOS",inactive,"7 días tras clic, 1 día tras visualización o 1 día tras visualización activa",,,0,0,,3450,Diario,0,"En curso",-,-,-,0,0,,,,,0,0,0,,,,,,,,,,,,,,,00:00:00,,
2026-08-21,2026-08-21,"SW ARG2  | 03/08",inactive,"7 días tras clic, 1 día tras visualización o 1 día tras visualización activa",,,0,0,,3450,Diario,0,"En curso",-,-,-,0,0,,,,,0,0,0,,,,,,,,,,,,,,,00:00:00,,
2026-08-21,2026-08-21,"SW ARG2  | 30/07",inactive,"7 días tras clic, 1 día tras visualización o 1 día tras visualización activa",,,0,0,,2500,Diario,0,"En curso",-,-,-,0,0,,,,,0,0,0,,,,,,,,,,,,,,,00:00:00,,
2026-08-21,2026-08-21,"SW ARG02 | 29/07",inactive,"7 días tras clic, 1 día tras visualización o 1 día tras visualización activa",,,0,0,,2500,Diario,0,"En curso",-,-,-,0,0,,,,,0,0,0,,,,,,,,,,,,,,,00:00:00,,
2026-08-21,2026-08-21,"Catalogo | 28/07",inactive,"7 días tras clic, 1 día tras visualización o 1 día tras visualización activa",,,0,0,,2500,Diario,0,"En curso",-,-,-,0,0,,,,,0,0,0,,,,,,,,,,,,,,,00:00:00,,
2026-08-21,2026-08-21,"AD01 Sofia | 27/07",inactive,"7 días tras clic o 1 día tras visualización",,,0,0,,2500,Diario,0,"En curso",-,-,-,0,0,,,,,0,0,0,,,,,,,,,,,,,,,00:00:00,,
2026-08-21,2026-08-21,"3x2 Invierno | 24/07",inactive,"7 días tras clic, 1 día tras visualización o 1 día tras visualización activa",,,0,0,,3000,Diario,0,"En curso",-,-,-,0,0,,,,,0,0,0,,,,,,,,,,,,,,,00:00:00,,
2026-08-21,2026-08-21,"SW ARG02 | 23/07",inactive,"7 días tras clic, 1 día tras visualización o 1 día tras visualización activa",,,0,0,,2500,Diario,0,"En curso",-,-,-,0,0,,,,,0,0,0,,,,,,,,,,,,,,,00:00:00,,
2026-08-21,2026-08-21,"SW ARG02 | 22/07 Carrusel",inactive,"7 días tras clic, 1 día tras visualización o 1 día tras visualización activa",,,0,0,,2875,Diario,0,"En curso",-,-,-,0,0,,,,,0,0,0,,,,,,,,,,,,,,,00:00:00,,
2026-08-21,2026-08-21,"SW ARG02 | 22/07",inactive,"7 días tras clic, 1 día tras visualización o 1 día tras visualización activa",,,0,0,,2875,Diario,0,"En curso",-,-,-,0,0,,,,,0,0,0,,,,,,,,,,,,,,,00:00:00,,
2026-08-21,2026-08-21,"SW ARG | 19/07",inactive,"7 días tras clic, 1 día tras visualización o 1 día tras visualización activa",,,0,0,,2300,Diario,0,"En curso",-,-,-,0,0,,,,,0,0,0,,,,,,,,,,,,,,,00:00:00,,
2026-08-21,2026-08-21,"Sweater AFA  cupón | 10/07",inactive,"7 días tras clic, 1 día tras visualización o 1 día tras visualización activa",,,0,0,,2300,Diario,0,"En curso",-,-,-,0,0,,,,,0,0,0,,,,,,,,,,,,,,,00:00:00,,
2026-08-21,2026-08-21,"Ana tik tok | 06/07",inactive,"7 días tras clic, 1 día tras visualización o 1 día tras visualización activa",,,0,0,,3000,Diario,0,"En curso",-,-,-,0,0,,,,,0,0,0,,,,,,,,,,,,,,,00:00:00,,
2026-08-21,2026-08-21,"SW AFA | 02/07",inactive,"7 días tras clic, 1 día tras visualización o 1 día tras visualización activa",,,0,0,,3849,Diario,0,"En curso",-,-,-,0,0,,,,,0,0,0,,,,,,,,,,,,,,,00:00:00,,
2026-08-21,2026-08-21,"SW AFA | 30/06",inactive,"7 días tras clic, 1 día tras visualización o 1 día tras visualización activa",,,0,0,,2000,Diario,0,"En curso",-,-,-,0,0,,,,,0,0,0,,,,,,,,,,,,,,,00:00:00,,
2026-08-21,2026-08-21,"SW AFA | 30/06",not_delivering,"7 días tras clic, 1 día tras visualización o 1 día tras visualización activa",,,0,0,,2000,Diario,0,"En curso",-,-,-,0,0,,,,,0,0,0,,,,,,,,,,,,,,,00:00:00,,
2026-08-21,2026-08-21,"SW SOL | 27/06",inactive,"7 días tras clic, 1 día tras visualización o 1 día tras visualización activa",,,0,0,,3499,Diario,0,"En curso",-,-,-,0,0,,,,,0,0,0,,,,,,,,,,,,,,,00:00:00,,
2026-08-21,2026-08-21,"SW SOL | 19/06",inactive,"7 días tras clic, 1 día tras visualización o 1 día tras visualización activa",,,0,0,,2645,Diario,0,"En curso",-,-,-,0,0,,,,,0,0,0,,,,,,,,,,,,,,,00:00:00,,
2026-08-21,2026-08-21,"Ana tik tok",inactive,"7 días tras clic, 1 día tras visualización o 1 día tras visualización activa",,,0,0,,7781,Diario,0,"En curso",-,-,-,0,0,,,,,0,0,0,,,,,,,,,,,,,,,00:00:00,,
2026-08-20,2026-08-20,"Orgullosamente argentinas",active,"7 días tras clic, 1 día tras visualización o 1 día tras visualización activa",,,0,0,,15000,Diario,0,"En curso",-,-,-,0,0,,,,,0,0,0,,,,,,,,,,,,,,,00:00:00,,
2026-08-20,2026-08-20,"Cardigam Roma",active,"7 días tras clic, 1 día tras visualización o 1 día tras visualización activa",,,0,0,,15000,Diario,0,"En curso",-,-,-,0,0,,,,,0,0,0,,,,,,,,,,,,,,,00:00:00,,
2026-08-20,2026-08-20,"Catalogo + Video 5",active,"7 días tras clic, 1 día tras visualización o 1 día tras visualización activa",,,0,0,,15000,Diario,0,"En curso",-,-,-,0,0,,,,,0,0,0,,,,,,,,,,,,,,,00:00:00,,
2026-08-20,2026-08-20,"Catalogo + Video 4",active,"7 días tras clic, 1 día tras visualización o 1 día tras visualización activa",,,0,0,,15000,Diario,0,"En curso",-,-,-,0,0,,,,,0,0,0,,,,,,,,,,,,,,,00:00:00,,
2026-08-20,2026-08-20,"Catalogo + Video 3",active,"7 días tras clic, 1 día tras visualización o 1 día tras visualización activa",,,0,0,,15000,Diario,0,"En curso",-,-,-,0,0,,,,,0,0,0,,,,,,,,,,,,,,,00:00:00,,
2026-08-20,2026-08-20,"Catalogo + Video 2",active,"7 días tras clic, 1 día tras visualización o 1 día tras visualización activa",,,0,0,,15000,Diario,0,"En curso",-,-,-,0,0,,,,,0,0,0,,,,,,,,,,,,,,,00:00:00,,
2026-08-20,2026-08-20,"Catalogo + Video 1",active,"7 días tras clic, 1 día tras visualización o 1 día tras visualización activa",,,0,0,,15000,Diario,0,"En curso",-,-,-,0,0,,,,,0,0,0,,,,,,,,,,,,,,,00:00:00,,
2026-08-20,2026-08-20,"wtf arg | 13/02",inactive,"7 días tras clic, 1 día tras visualización o 1 día tras visualización activa",,,0,0,,5000,Diario,0,"En curso",-,-,-,0,0,,,,,0,0,0,,,,,,,,,,,,,,,00:00:00,,
2026-08-20,2026-08-20,"Cardigan  | 07/08",inactive,"7 días tras clic, 1 día tras visualización o 1 día tras visualización activa",,,0,0,,3000,Diario,0,"En curso",-,-,-,0,0,,,,,0,0,0,,,,,,,,,,,,,,,00:00:00,,
2026-08-20,2026-08-20,"SW ARG2  | 07/08 ULTIMOS",inactive,"7 días tras clic, 1 día tras visualización o 1 día tras visualización activa",,,0,0,,3000,Diario,0,"En curso",-,-,-,0,0,,,,,0,0,0,,,,,,,,,,,,,,,00:00:00,,
2026-08-20,2026-08-20,"Reviews | 06/08",not_delivering,"1 día tras clic",,,0,0,,1750,Diario,0,"En curso",-,-,-,0,0,,,,,0,0,0,,,,,,,,,,,,,,,00:00:00,,
2026-08-20,2026-08-20,"ANA TIK TOK | 06/08",not_delivering,"1 día tras clic",40,profile_visit_view,634,1,37.394,1750,Diario,1495.76,"En curso",-,-,-,634,2359.242902,43,,34.785116,6.782334,40,6.309148,37.394,16,93.485,,,,,,,209,44,114,61,33,27,4,,
2026-08-20,2026-08-20,"SW ARG2 | 06/08",inactive,"1 día tras clic",,,0,0,,1750,Diario,0,"En curso",-,-,-,0,0,,,,,0,0,0,,,,,,,,,,,,,,,00:00:00,,
2026-08-20,2026-08-20,"3x2 estatico | 05/08",inactive,"7 días tras clic, 1 día tras visualización o 1 día tras visualización activa",,,0,0,,5000,Diario,0,"En curso",-,-,-,0,0,,,,,0,0,0,,,,,,,,,,,,,,,00:00:00,,
2026-08-20,2026-08-20,"3x2 historia | 05/08",inactive,"7 días tras clic, 1 día tras visualización o 1 día tras visualización activa",,,0,0,,5000,Diario,0,"En curso",-,-,-,0,0,,,,,0,0,0,,,,,,,,,,,,,,,00:00:00,,
2026-08-20,2026-08-20,"3X2 feed | 05/08",inactive,"7 días tras clic, 1 día tras visualización o 1 día tras visualización activa",,,0,0,,5000,Diario,0,"En curso",-,-,-,0,0,,,,,0,0,0,,,,,,,,,,,,,,,00:00:00,,
2026-08-20,2026-08-20,"SW ARG2  | 03/08 ULTIMOS",inactive,"7 días tras clic, 1 día tras visualización o 1 día tras visualización activa",,,0,0,,3450,Diario,0,"En curso",-,-,-,0,0,,,,,0,0,0,,,,,,,,,,,,,,,00:00:00,,
2026-08-20,2026-08-20,"SW ARG2  | 03/08",inactive,"7 días tras clic, 1 día tras visualización o 1 día tras visualización activa",,,0,0,,3450,Diario,0,"En curso",-,-,-,0,0,,,,,0,0,0,,,,,,,,,,,,,,,00:00:00,,
2026-08-20,2026-08-20,"SW ARG2  | 30/07",inactive,"7 días tras clic, 1 día tras visualización o 1 día tras visualización activa",,,0,0,,2500,Diario,0,"En curso",-,-,-,0,0,,,,,0,0,0,,,,,,,,,,,,,,,00:00:00,,
2026-08-20,2026-08-20,"SW ARG02 | 29/07",inactive,"7 días tras clic, 1 día tras visualización o 1 día tras visualización activa",,,0,0,,2500,Diario,0,"En curso",-,-,-,0,0,,,,,0,0,0,,,,,,,,,,,,,,,00:00:00,,
2026-08-20,2026-08-20,"Catalogo | 28/07",inactive,"7 días tras clic, 1 día tras visualización o 1 día tras visualización activa",,,0,0,,2500,Diario,0,"En curso",-,-,-,0,0,,,,,0,0,0,,,,,,,,,,,,,,,00:00:00,,
2026-08-20,2026-08-20,"AD01 Sofia | 27/07",inactive,"7 días tras clic o 1 día tras visualización",,,0,0,,2500,Diario,0,"En curso",-,-,-,0,0,,,,,0,0,0,,,,,,,,,,,,,,,00:00:00,,
2026-08-20,2026-08-20,"3x2 Invierno | 24/07",inactive,"7 días tras clic, 1 día tras visualización o 1 día tras visualización activa",,,0,0,,3000,Diario,0,"En curso",-,-,-,0,0,,,,,0,0,0,,,,,,,,,,,,,,,00:00:00,,
2026-08-20,2026-08-20,"SW ARG02 | 23/07",inactive,"7 días tras clic, 1 día tras visualización o 1 día tras visualización activa",,,0,0,,2500,Diario,0,"En curso",-,-,-,0,0,,,,,0,0,0,,,,,,,,,,,,,,,00:00:00,,
2026-08-20,2026-08-20,"SW ARG02 | 22/07 Carrusel",inactive,"7 días tras clic, 1 día tras visualización o 1 día tras visualización activa",,,0,0,,2875,Diario,0,"En curso",-,-,-,0,0,,,,,0,0,0,,,,,,,,,,,,,,,00:00:00,,
2026-08-20,2026-08-20,"SW ARG02 | 22/07",inactive,"7 días tras clic, 1 día tras visualización o 1 día tras visualización activa",,,0,0,,2875,Diario,0,"En curso",-,-,-,0,0,,,,,0,0,0,,,,,,,,,,,,,,,00:00:00,,
2026-08-20,2026-08-20,"SW ARG | 19/07",inactive,"7 días tras clic, 1 día tras visualización o 1 día tras visualización activa",,,0,0,,2300,Diario,0,"En curso",-,-,-,0,0,,,,,0,0,0,,,,,,,,,,,,,,,00:00:00,,
2026-08-20,2026-08-20,"Sweater AFA  cupón | 10/07",inactive,"7 días tras clic, 1 día tras visualización o 1 día tras visualización activa",,,0,0,,2300,Diario,0,"En curso",-,-,-,0,0,,,,,0,0,0,,,,,,,,,,,,,,,00:00:00,,
2026-08-20,2026-08-20,"Ana tik tok | 06/07",inactive,"7 días tras clic, 1 día tras visualización o 1 día tras visualización activa",,,0,0,,3000,Diario,0,"En curso",-,-,-,0,0,,,,,0,0,0,,,,,,,,,,,,,,,00:00:00,,
2026-08-20,2026-08-20,"SW AFA | 02/07",inactive,"7 días tras clic, 1 día tras visualización o 1 día tras visualización activa",,,0,0,,3849,Diario,0,"En curso",-,-,-,0,0,,,,,0,0,0,,,,,,,,,,,,,,,00:00:00,,
2026-08-20,2026-08-20,"SW AFA | 30/06",inactive,"7 días tras clic, 1 día tras visualización o 1 día tras visualización activa",,,0,0,,2000,Diario,0,"En curso",-,-,-,0,0,,,,,0,0,0,,,,,,,,,,,,,,,00:00:00,,
2026-08-20,2026-08-20,"SW AFA | 30/06",not_delivering,"7 días tras clic, 1 día tras visualización o 1 día tras visualización activa",,,0,0,,2000,Diario,0,"En curso",-,-,-,0,0,,,,,0,0,0,,,,,,,,,,,,,,,00:00:00,,
2026-08-20,2026-08-20,"SW SOL | 27/06",inactive,"7 días tras clic, 1 día tras visualización o 1 día tras visualización activa",,,0,0,,3499,Diario,0,"En curso",-,-,-,0,0,,,,,0,0,0,,,,,,,,,,,,,,,00:00:00,,
2026-08-20,2026-08-20,"SW SOL | 19/06",inactive,"7 días tras clic, 1 día tras visualización o 1 día tras visualización activa",,,0,0,,2645,Diario,0,"En curso",-,-,-,0,0,,,,,0,0,0,,,,,,,,,,,,,,,00:00:00,,
2026-08-20,2026-08-20,"Ana tik tok",inactive,"7 días tras clic, 1 día tras visualización o 1 día tras visualización activa",,,0,0,,7781,Diario,0,"En curso",-,-,-,0,0,,,,,0,0,0,,,,,,,,,,,,,,,00:00:00,,
2026-08-19,2026-08-19,"Orgullosamente argentinas",active,"7 días tras clic, 1 día tras visualización o 1 día tras visualización activa",,,0,0,,15000,Diario,0,"En curso",-,-,-,0,0,,,,,0,0,0,,,,,,,,,,,,,,,00:00:00,,
2026-08-19,2026-08-19,"Cardigam Roma",active,"7 días tras clic, 1 día tras visualización o 1 día tras visualización activa",,,0,0,,15000,Diario,0,"En curso",-,-,-,0,0,,,,,0,0,0,,,,,,,,,,,,,,,00:00:00,,
2026-08-19,2026-08-19,"Catalogo + Video 5",active,"7 días tras clic, 1 día tras visualización o 1 día tras visualización activa",,,0,0,,15000,Diario,0,"En curso",-,-,-,0,0,,,,,0,0,0,,,,,,,,,,,,,,,00:00:00,,
2026-08-19,2026-08-19,"Catalogo + Video 4",active,"7 días tras clic, 1 día tras visualización o 1 día tras visualización activa",,,0,0,,15000,Diario,0,"En curso",-,-,-,0,0,,,,,0,0,0,,,,,,,,,,,,,,,00:00:00,,
2026-08-19,2026-08-19,"Catalogo + Video 3",active,"7 días tras clic, 1 día tras visualización o 1 día tras visualización activa",,,0,0,,15000,Diario,0,"En curso",-,-,-,0,0,,,,,0,0,0,,,,,,,,,,,,,,,00:00:00,,
2026-08-19,2026-08-19,"Catalogo + Video 2",active,"7 días tras clic, 1 día tras visualización o 1 día tras visualización activa",,,0,0,,15000,Diario,0,"En curso",-,-,-,0,0,,,,,0,0,0,,,,,,,,,,,,,,,00:00:00,,
2026-08-19,2026-08-19,"Catalogo + Video 1",active,"7 días tras clic, 1 día tras visualización o 1 día tras visualización activa",,,0,0,,15000,Diario,0,"En curso",-,-,-,0,0,,,,,0,0,0,,,,,,,,,,,,,,,00:00:00,,
2026-08-19,2026-08-19,"wtf arg | 13/02",inactive,"7 días tras clic, 1 día tras visualización o 1 día tras visualización activa",,,446,1.147982,,5000,Diario,3199.47,"En curso",Promedio,Promedio,"Por debajo del promedio - 35% de los anuncios menos relevantes",512,6248.964844,9,,355.496667,1.757813,11,2.148438,290.860909,10,319.947,,,,,,,,,,,,,00:00:00,,
2026-08-19,2026-08-19,"Cardigan  | 07/08",inactive,"7 días tras clic, 1 día tras visualización o 1 día tras visualización activa",,,0,0,,3000,Diario,0,"En curso",-,-,-,0,0,,,,,0,0,0,,,,,,,,,,,,,,,00:00:00,,
2026-08-19,2026-08-19,"SW ARG2  | 07/08 ULTIMOS",inactive,"7 días tras clic, 1 día tras visualización o 1 día tras visualización activa",,,0,0,,3000,Diario,0,"En curso",-,-,-,0,0,,,,,0,0,0,,,,,,,,,,,,,,,00:00:00,,
2026-08-19,2026-08-19,"Reviews | 06/08",not_delivering,"1 día tras clic",,,0,0,,1750,Diario,0,"En curso",-,-,-,0,0,,,,,0,0,0,,,,,,,,,,,,,,,00:00:00,,
2026-08-19,2026-08-19,"ANA TIK TOK | 06/08",not_delivering,"1 día tras clic",69,profile_visit_view,1019,1,27.30710145,1750,Diario,1884.19,"En curso","Por encima del promedio",-,-,1019,1849.0579,70,,26.917,6.86948,67,6.575074,28.122239,27,69.784815,3,,,,,,286,76,171,94,54,42,4,,
2026-08-19,2026-08-19,"SW ARG2 | 06/08",inactive,"1 día tras clic",,,0,0,,1750,Diario,0,"En curso",-,-,-,0,0,,,,,0,0,0,,,,,,,,,,,,,,,00:00:00,,
2026-08-19,2026-08-19,"3x2 estatico | 05/08",inactive,"7 días tras clic, 1 día tras visualización o 1 día tras visualización activa",,,0,0,,5000,Diario,0,"En curso",-,-,-,0,0,,,,,0,0,0,,,,,,,,,,,,,,,00:00:00,,
2026-08-19,2026-08-19,"3x2 historia | 05/08",inactive,"7 días tras clic, 1 día tras visualización o 1 día tras visualización activa",,,0,0,,5000,Diario,0,"En curso",-,-,-,0,0,,,,,0,0,0,,,,,,,,,,,,,,,00:00:00,,
2026-08-19,2026-08-19,"3X2 feed | 05/08",inactive,"7 días tras clic, 1 día tras visualización o 1 día tras visualización activa",,,0,0,,5000,Diario,0,"En curso",-,-,-,0,0,,,,,0,0,0,,,,,,,,,,,,,,,00:00:00,,
2026-08-19,2026-08-19,"SW ARG2  | 03/08 ULTIMOS",inactive,"7 días tras clic, 1 día tras visualización o 1 día tras visualización activa",,,0,0,,3450,Diario,0,"En curso",-,-,-,0,0,,,,,0,0,0,,,,,,,,,,,,,,,00:00:00,,
2026-08-19,2026-08-19,"SW ARG2  | 03/08",inactive,"7 días tras clic, 1 día tras visualización o 1 día tras visualización activa",,,0,0,,3450,Diario,0,"En curso",-,-,-,0,0,,,,,0,0,0,,,,,,,,,,,,,,,00:00:00,,
2026-08-19,2026-08-19,"SW ARG2  | 30/07",inactive,"7 días tras clic, 1 día tras visualización o 1 día tras visualización activa",,,0,0,,2500,Diario,0,"En curso",-,-,-,0,0,,,,,0,0,0,,,,,,,,,,,,,,,00:00:00,,
2026-08-19,2026-08-19,"SW ARG02 | 29/07",inactive,"7 días tras clic, 1 día tras visualización o 1 día tras visualización activa",,,0,0,,2500,Diario,0,"En curso",-,-,-,0,0,,,,,0,0,0,,,,,,,,,,,,,,,00:00:00,,
2026-08-19,2026-08-19,"Catalogo | 28/07",inactive,"7 días tras clic, 1 día tras visualización o 1 día tras visualización activa",,,0,0,,2500,Diario,0,"En curso",-,-,-,0,0,,,,,0,0,0,,,,,,,,,,,,,,,00:00:00,,
2026-08-19,2026-08-19,"AD01 Sofia | 27/07",inactive,"7 días tras clic o 1 día tras visualización",,,0,0,,2500,Diario,0,"En curso",-,-,-,0,0,,,,,0,0,0,,,,,,,,,,,,,,,00:00:00,,
2026-08-19,2026-08-19,"3x2 Invierno | 24/07",inactive,"7 días tras clic, 1 día tras visualización o 1 día tras visualización activa",,,0,0,,3000,Diario,0,"En curso",-,-,-,0,0,,,,,0,0,0,,,,,,,,,,,,,,,00:00:00,,
2026-08-19,2026-08-19,"SW ARG02 | 23/07",inactive,"7 días tras clic, 1 día tras visualización o 1 día tras visualización activa",,,0,0,,2500,Diario,0,"En curso",-,-,-,0,0,,,,,0,0,0,,,,,,,,,,,,,,,00:00:00,,
2026-08-19,2026-08-19,"SW ARG02 | 22/07 Carrusel",inactive,"7 días tras clic, 1 día tras visualización o 1 día tras visualización activa",,,0,0,,2875,Diario,0,"En curso",-,-,-,0,0,,,,,0,0,0,,,,,,,,,,,,,,,00:00:00,,
2026-08-19,2026-08-19,"SW ARG02 | 22/07",inactive,"7 días tras clic, 1 día tras visualización o 1 día tras visualización activa",,,0,0,,2875,Diario,0,"En curso",-,-,-,0,0,,,,,0,0,0,,,,,,,,,,,,,,,00:00:00,,
2026-08-19,2026-08-19,"SW ARG | 19/07",inactive,"7 días tras clic, 1 día tras visualización o 1 día tras visualización activa",,,0,0,,2300,Diario,0,"En curso",-,-,-,0,0,,,,,0,0,0,,,,,,,,,,,,,,,00:00:00,,
2026-08-19,2026-08-19,"Sweater AFA  cupón | 10/07",inactive,"7 días tras clic, 1 día tras visualización o 1 día tras visualización activa",,,0,0,,2300,Diario,0,"En curso",-,-,-,0,0,,,,,0,0,0,,,,,,,,,,,,,,,00:00:00,,
2026-08-19,2026-08-19,"Ana tik tok | 06/07",inactive,"7 días tras clic, 1 día tras visualización o 1 día tras visualización activa",,,0,0,,3000,Diario,0,"En curso",-,-,-,0,0,,,,,0,0,0,,,,,,,,,,,,,,,00:00:00,,
2026-08-19,2026-08-19,"SW AFA | 02/07",inactive,"7 días tras clic, 1 día tras visualización o 1 día tras visualización activa",,,0,0,,3849,Diario,0,"En curso",-,-,-,0,0,,,,,0,0,0,,,,,,,,,,,,,,,00:00:00,,
2026-08-19,2026-08-19,"SW AFA | 30/06",inactive,"7 días tras clic, 1 día tras visualización o 1 día tras visualización activa",,,0,0,,2000,Diario,0,"En curso",-,-,-,0,0,,,,,0,0,0,,,,,,,,,,,,,,,00:00:00,,
2026-08-19,2026-08-19,"SW AFA | 30/06",not_delivering,"7 días tras clic, 1 día tras visualización o 1 día tras visualización activa",,,0,0,,2000,Diario,0,"En curso",-,-,-,0,0,,,,,0,0,0,,,,,,,,,,,,,,,00:00:00,,
2026-08-19,2026-08-19,"SW SOL | 27/06",inactive,"7 días tras clic, 1 día tras visualización o 1 día tras visualización activa",,,0,0,,3499,Diario,0,"En curso",-,-,-,0,0,,,,,0,0,0,,,,,,,,,,,,,,,00:00:00,,
2026-08-19,2026-08-19,"SW SOL | 19/06",inactive,"7 días tras clic, 1 día tras visualización o 1 día tras visualización activa",,,0,0,,2645,Diario,0,"En curso",-,-,-,0,0,,,,,0,0,0,,,,,,,,,,,,,,,00:00:00,,
2026-08-19,2026-08-19,"Ana tik tok",inactive,"7 días tras clic, 1 día tras visualización o 1 día tras visualización activa",,,0,0,,7781,Diario,0,"En curso",-,-,-,0,0,,,,,0,0,0,,,,,,,,,,,,,,,00:00:00,,
2026-08-18,2026-08-18,"Orgullosamente argentinas",active,"7 días tras clic, 1 día tras visualización o 1 día tras visualización activa",,,0,0,,15000,Diario,0,"En curso",-,-,-,0,0,,,,,0,0,0,,,,,,,,,,,,,,,00:00:00,,
2026-08-18,2026-08-18,"Cardigam Roma",active,"7 días tras clic, 1 día tras visualización o 1 día tras visualización activa",,,0,0,,15000,Diario,0,"En curso",-,-,-,0,0,,,,,0,0,0,,,,,,,,,,,,,,,00:00:00,,
2026-08-18,2026-08-18,"Catalogo + Video 5",active,"7 días tras clic, 1 día tras visualización o 1 día tras visualización activa",,,0,0,,15000,Diario,0,"En curso",-,-,-,0,0,,,,,0,0,0,,,,,,,,,,,,,,,00:00:00,,
2026-08-18,2026-08-18,"Catalogo + Video 4",active,"7 días tras clic, 1 día tras visualización o 1 día tras visualización activa",,,0,0,,15000,Diario,0,"En curso",-,-,-,0,0,,,,,0,0,0,,,,,,,,,,,,,,,00:00:00,,
2026-08-18,2026-08-18,"Catalogo + Video 3",active,"7 días tras clic, 1 día tras visualización o 1 día tras visualización activa",,,0,0,,15000,Diario,0,"En curso",-,-,-,0,0,,,,,0,0,0,,,,,,,,,,,,,,,00:00:00,,
2026-08-18,2026-08-18,"Catalogo + Video 2",active,"7 días tras clic, 1 día tras visualización o 1 día tras visualización activa",,,0,0,,15000,Diario,0,"En curso",-,-,-,0,0,,,,,0,0,0,,,,,,,,,,,,,,,00:00:00,,
2026-08-18,2026-08-18,"Catalogo + Video 1",active,"7 días tras clic, 1 día tras visualización o 1 día tras visualización activa",,,0,0,,15000,Diario,0,"En curso",-,-,-,0,0,,,,,0,0,0,,,,,,,,,,,,,,,00:00:00,,
2026-08-18,2026-08-18,"wtf arg | 13/02",inactive,"7 días tras clic, 1 día tras visualización o 1 día tras visualización activa",,,488,1.202869,,5000,Diario,4100.13,"En curso",Promedio,Promedio,Promedio,587,6984.889267,23,,178.266522,3.918228,32,5.451448,128.129063,20,205.0065,,,,,,,,,,,,,00:00:00,,
2026-08-18,2026-08-18,"Cardigan  | 07/08",inactive,"7 días tras clic, 1 día tras visualización o 1 día tras visualización activa",,,0,0,,3000,Diario,0,"En curso",-,-,-,0,0,,,,,0,0,0,,,,,,,,,,,,,,,00:00:00,,
2026-08-18,2026-08-18,"SW ARG2  | 07/08 ULTIMOS",inactive,"7 días tras clic, 1 día tras visualización o 1 día tras visualización activa",,,0,0,,3000,Diario,0,"En curso",-,-,-,0,0,,,,,0,0,0,,,,,,,,,,,,,,,00:00:00,,
2026-08-18,2026-08-18,"Reviews | 06/08",not_delivering,"1 día tras clic",,,0,0,,1750,Diario,0,"En curso",-,-,-,0,0,,,,,0,0,0,,,,,,,,,,,,,,,00:00:00,,
2026-08-18,2026-08-18,"ANA TIK TOK | 06/08",not_delivering,"1 día tras clic",45,profile_visit_view,709,1.035261,30.74088889,1750,Diario,1383.34,"En curso",-,-,-,734,1884.659401,45,,30.740889,6.13079,44,5.99455,31.439545,17,81.372941,,,,,,,207,54,131,67,31,25,4,,
2026-08-18,2026-08-18,"SW ARG2 | 06/08",inactive,"1 día tras clic",,,0,0,,1750,Diario,0,"En curso",-,-,-,0,0,,,,,0,0,0,,,,,,,,,,,,,,,00:00:00,,
2026-08-18,2026-08-18,"3x2 estatico | 05/08",inactive,"7 días tras clic, 1 día tras visualización o 1 día tras visualización activa",,,0,0,,5000,Diario,0,"En curso",-,-,-,0,0,,,,,0,0,0,,,,,,,,,,,,,,,00:00:00,,
2026-08-18,2026-08-18,"3x2 historia | 05/08",inactive,"7 días tras clic, 1 día tras visualización o 1 día tras visualización activa",,,0,0,,5000,Diario,0,"En curso",-,-,-,0,0,,,,,0,0,0,,,,,,,,,,,,,,,00:00:00,,
2026-08-18,2026-08-18,"3X2 feed | 05/08",inactive,"7 días tras clic, 1 día tras visualización o 1 día tras visualización activa",,,0,0,,5000,Diario,0,"En curso",-,-,-,0,0,,,,,0,0,0,,,,,,,,,,,,,,,00:00:00,,
2026-08-18,2026-08-18,"SW ARG2  | 03/08 ULTIMOS",inactive,"7 días tras clic, 1 día tras visualización o 1 día tras visualización activa",,,0,0,,3450,Diario,0,"En curso",-,-,-,0,0,,,,,0,0,0,,,,,,,,,,,,,,,00:00:00,,
2026-08-18,2026-08-18,"SW ARG2  | 03/08",inactive,"7 días tras clic, 1 día tras visualización o 1 día tras visualización activa",,,0,0,,3450,Diario,0,"En curso",-,-,-,0,0,,,,,0,0,0,,,,,,,,,,,,,,,00:00:00,,
2026-08-18,2026-08-18,"SW ARG2  | 30/07",inactive,"7 días tras clic, 1 día tras visualización o 1 día tras visualización activa",,,0,0,,2500,Diario,0,"En curso",-,-,-,0,0,,,,,0,0,0,,,,,,,,,,,,,,,00:00:00,,
2026-08-18,2026-08-18,"SW ARG02 | 29/07",inactive,"7 días tras clic, 1 día tras visualización o 1 día tras visualización activa",,,0,0,,2500,Diario,0,"En curso",-,-,-,0,0,,,,,0,0,0,,,,,,,,,,,,,,,00:00:00,,
2026-08-18,2026-08-18,"Catalogo | 28/07",inactive,"7 días tras clic, 1 día tras visualización o 1 día tras visualización activa",,,0,0,,2500,Diario,0,"En curso",-,-,-,0,0,,,,,0,0,0,,,,,,,,,,,,,,,00:00:00,,
2026-08-18,2026-08-18,"AD01 Sofia | 27/07",inactive,"7 días tras clic o 1 día tras visualización",,,0,0,,2500,Diario,0,"En curso",-,-,-,0,0,,,,,0,0,0,,,,,,,,,,,,,,,00:00:00,,
2026-08-18,2026-08-18,"3x2 Invierno | 24/07",inactive,"7 días tras clic, 1 día tras visualización o 1 día tras visualización activa",,,0,0,,3000,Diario,0,"En curso",-,-,-,0,0,,,,,0,0,0,,,,,,,,,,,,,,,00:00:00,,
2026-08-18,2026-08-18,"SW ARG02 | 23/07",inactive,"7 días tras clic, 1 día tras visualización o 1 día tras visualización activa",,,0,0,,2500,Diario,0,"En curso",-,-,-,0,0,,,,,0,0,0,,,,,,,,,,,,,,,00:00:00,,
2026-08-18,2026-08-18,"SW ARG02 | 22/07 Carrusel",inactive,"7 días tras clic, 1 día tras visualización o 1 día tras visualización activa",,,0,0,,2875,Diario,0,"En curso",-,-,-,0,0,,,,,0,0,0,,,,,,,,,,,,,,,00:00:00,,
2026-08-18,2026-08-18,"SW ARG02 | 22/07",inactive,"7 días tras clic, 1 día tras visualización o 1 día tras visualización activa",,,0,0,,2875,Diario,0,"En curso",-,-,-,0,0,,,,,0,0,0,,,,,,,,,,,,,,,00:00:00,,
2026-08-18,2026-08-18,"SW ARG | 19/07",inactive,"7 días tras clic, 1 día tras visualización o 1 día tras visualización activa",,,0,0,,2300,Diario,0,"En curso",-,-,-,0,0,,,,,0,0,0,,,,,,,,,,,,,,,00:00:00,,
2026-08-18,2026-08-18,"Sweater AFA  cupón | 10/07",inactive,"7 días tras clic, 1 día tras visualización o 1 día tras visualización activa",,,0,0,,2300,Diario,0,"En curso",-,-,-,0,0,,,,,0,0,0,,,,,,,,,,,,,,,00:00:00,,
2026-08-18,2026-08-18,"Ana tik tok | 06/07",inactive,"7 días tras clic, 1 día tras visualización o 1 día tras visualización activa",,,0,0,,3000,Diario,0,"En curso",-,-,-,0,0,,,,,0,0,0,,,,,,,,,,,,,,,00:00:00,,
2026-08-18,2026-08-18,"SW AFA | 02/07",inactive,"7 días tras clic, 1 día tras visualización o 1 día tras visualización activa",,,0,0,,3849,Diario,0,"En curso",-,-,-,0,0,,,,,0,0,0,,,,,,,,,,,,,,,00:00:00,,
2026-08-18,2026-08-18,"SW AFA | 30/06",inactive,"7 días tras clic, 1 día tras visualización o 1 día tras visualización activa",,,0,0,,2000,Diario,0,"En curso",-,-,-,0,0,,,,,0,0,0,,,,,,,,,,,,,,,00:00:00,,
2026-08-18,2026-08-18,"SW AFA | 30/06",not_delivering,"7 días tras clic, 1 día tras visualización o 1 día tras visualización activa",,,0,0,,2000,Diario,0,"En curso",-,-,-,0,0,,,,,0,0,0,,,,,,,,,,,,,,,00:00:00,,
2026-08-18,2026-08-18,"SW SOL | 27/06",inactive,"7 días tras clic, 1 día tras visualización o 1 día tras visualización activa",,,0,0,,3499,Diario,0,"En curso",-,-,-,0,0,,,,,0,0,0,,,,,,,,,,,,,,,00:00:00,,
2026-08-18,2026-08-18,"SW SOL | 19/06",inactive,"7 días tras clic, 1 día tras visualización o 1 día tras visualización activa",,,0,0,,2645,Diario,0,"En curso",-,-,-,0,0,,,,,0,0,0,,,,,,,,,,,,,,,00:00:00,,
2026-08-18,2026-08-18,"Ana tik tok",inactive,"7 días tras clic, 1 día tras visualización o 1 día tras visualización activa",,,0,0,,7781,Diario,0,"En curso",-,-,-,0,0,,,,,0,0,0,,,,,,,,,,,,,,,00:00:00,,
2026-08-17,2026-08-17,"Orgullosamente argentinas",active,"7 días tras clic, 1 día tras visualización o 1 día tras visualización activa",,,0,0,,15000,Diario,0,"En curso",-,-,-,0,0,,,,,0,0,0,,,,,,,,,,,,,,,00:00:00,,
2026-08-17,2026-08-17,"Cardigam Roma",active,"7 días tras clic, 1 día tras visualización o 1 día tras visualización activa",,,0,0,,15000,Diario,0,"En curso",-,-,-,0,0,,,,,0,0,0,,,,,,,,,,,,,,,00:00:00,,
2026-08-17,2026-08-17,"Catalogo + Video 5",active,"7 días tras clic, 1 día tras visualización o 1 día tras visualización activa",,,0,0,,15000,Diario,0,"En curso",-,-,-,0,0,,,,,0,0,0,,,,,,,,,,,,,,,00:00:00,,
2026-08-17,2026-08-17,"Catalogo + Video 4",active,"7 días tras clic, 1 día tras visualización o 1 día tras visualización activa",,,0,0,,15000,Diario,0,"En curso",-,-,-,0,0,,,,,0,0,0,,,,,,,,,,,,,,,00:00:00,,
2026-08-17,2026-08-17,"Catalogo + Video 3",active,"7 días tras clic, 1 día tras visualización o 1 día tras visualización activa",,,0,0,,15000,Diario,0,"En curso",-,-,-,0,0,,,,,0,0,0,,,,,,,,,,,,,,,00:00:00,,
2026-08-17,2026-08-17,"Catalogo + Video 2",active,"7 días tras clic, 1 día tras visualización o 1 día tras visualización activa",,,0,0,,15000,Diario,0,"En curso",-,-,-,0,0,,,,,0,0,0,,,,,,,,,,,,,,,00:00:00,,
2026-08-17,2026-08-17,"Catalogo + Video 1",active,"7 días tras clic, 1 día tras visualización o 1 día tras visualización activa",,,0,0,,15000,Diario,0,"En curso",-,-,-,0,0,,,,,0,0,0,,,,,,,,,,,,,,,00:00:00,,
2026-08-17,2026-08-17,"wtf arg | 13/02",inactive,"7 días tras clic, 1 día tras visualización o 1 día tras visualización activa",,,964,1.306017,,5000,Diario,6882.58,"En curso",Promedio,Promedio,Promedio,1259,5466.703733,43,,160.06,3.415409,51,4.050834,134.952549,43,160.06,2,,,,,,9,3,9,6,5,3,2,,
2026-08-17,2026-08-17,"Cardigan  | 07/08",inactive,"7 días tras clic, 1 día tras visualización o 1 día tras visualización activa",,,0,0,,3000,Diario,0,"En curso",-,-,-,0,0,,,,,0,0,0,,,5,,,,,,,,,,,,00:00:00,,
2026-08-17,2026-08-17,"SW ARG2  | 07/08 ULTIMOS",inactive,"7 días tras clic, 1 día tras visualización o 1 día tras visualización activa",,,0,0,,3000,Diario,0,"En curso",-,-,-,0,0,,,,,0,0,0,,,,,,,,,,,,,,,00:00:00,,
2026-08-17,2026-08-17,"Reviews | 06/08",not_delivering,"1 día tras clic",,,0,0,,1750,Diario,0,"En curso",-,-,-,0,0,,,,,0,0,0,,,,,,,,,,,,,,,00:00:00,,
2026-08-17,2026-08-17,"ANA TIK TOK | 06/08",not_delivering,"1 día tras clic",81,profile_visit_view,1010,1.024752,24.56345679,1750,Diario,1989.64,"En curso","Por encima del promedio",-,-,1035,1922.357488,83,,23.971566,8.019324,78,7.536232,25.508205,34,58.518824,1,,,,,,318,74,187,95,53,35,4,,
2026-08-17,2026-08-17,"SW ARG2 | 06/08",inactive,"1 día tras clic",,,0,0,,1750,Diario,0,"En curso",-,-,-,0,0,,,,,0,0,0,,,,,,,,,,,,,,,00:00:00,,
2026-08-17,2026-08-17,"3x2 estatico | 05/08",inactive,"7 días tras clic, 1 día tras visualización o 1 día tras visualización activa",,,0,0,,5000,Diario,0,"En curso",-,-,-,0,0,,,,,0,0,0,,,,,,,,,,,,,,,00:00:00,,
2026-08-17,2026-08-17,"3x2 historia | 05/08",inactive,"7 días tras clic, 1 día tras visualización o 1 día tras visualización activa",,,0,0,,5000,Diario,0,"En curso",-,-,-,0,0,,,,,0,0,0,,,,,,,,,,,,,,,00:00:00,,
2026-08-17,2026-08-17,"3X2 feed | 05/08",inactive,"7 días tras clic, 1 día tras visualización o 1 día tras visualización activa",,,0,0,,5000,Diario,0,"En curso",-,-,-,0,0,,,,,0,0,0,,,,,,,,,,,,,,,00:00:00,,
2026-08-17,2026-08-17,"SW ARG2  | 03/08 ULTIMOS",inactive,"7 días tras clic, 1 día tras visualización o 1 día tras visualización activa",,,0,0,,3450,Diario,0,"En curso",-,-,-,0,0,,,,,0,0,0,,,,,,,,,,,,,,,00:00:00,,
2026-08-17,2026-08-17,"SW ARG2  | 03/08",inactive,"7 días tras clic, 1 día tras visualización o 1 día tras visualización activa",,,0,0,,3450,Diario,0,"En curso",-,-,-,0,0,,,,,0,0,0,,,,,,,,,,,,,,,00:00:00,,
2026-08-17,2026-08-17,"SW ARG2  | 30/07",inactive,"7 días tras clic, 1 día tras visualización o 1 día tras visualización activa",,,0,0,,2500,Diario,0,"En curso",-,-,-,0,0,,,,,0,0,0,,,,,,,,,,,,,,,00:00:00,,
2026-08-17,2026-08-17,"SW ARG02 | 29/07",inactive,"7 días tras clic, 1 día tras visualización o 1 día tras visualización activa",,,0,0,,2500,Diario,0,"En curso",-,-,-,0,0,,,,,0,0,0,,,,,,,,,,,,,,,00:00:00,,
2026-08-17,2026-08-17,"Catalogo | 28/07",inactive,"7 días tras clic, 1 día tras visualización o 1 día tras visualización activa",,,0,0,,2500,Diario,0,"En curso",-,-,-,0,0,,,,,0,0,0,,,,,,,,,,,,,,,00:00:00,,
2026-08-17,2026-08-17,"AD01 Sofia | 27/07",inactive,"7 días tras clic o 1 día tras visualización",,,0,0,,2500,Diario,0,"En curso",-,-,-,0,0,,,,,0,0,0,,,,,,,,,,,,,,,00:00:00,,
2026-08-17,2026-08-17,"3x2 Invierno | 24/07",inactive,"7 días tras clic, 1 día tras visualización o 1 día tras visualización activa",,,0,0,,3000,Diario,0,"En curso",-,-,-,0,0,,,,,0,0,0,,,,,,,,,,,,,,,00:00:00,,
2026-08-17,2026-08-17,"SW ARG02 | 23/07",inactive,"7 días tras clic, 1 día tras visualización o 1 día tras visualización activa",,,0,0,,2500,Diario,0,"En curso",-,-,-,0,0,,,,,0,0,0,,,,,,,,,,,,,,,00:00:00,,
2026-08-17,2026-08-17,"SW ARG02 | 22/07 Carrusel",inactive,"7 días tras clic, 1 día tras visualización o 1 día tras visualización activa",,,0,0,,2875,Diario,0,"En curso",-,-,-,0,0,,,,,0,0,0,,,,,,,,,,,,,,,00:00:00,,
2026-08-17,2026-08-17,"SW ARG02 | 22/07",inactive,"7 días tras clic, 1 día tras visualización o 1 día tras visualización activa",,,0,0,,2875,Diario,0,"En curso",-,-,-,0,0,,,,,0,0,0,,,,,,,,,,,,,,,00:00:00,,
2026-08-17,2026-08-17,"SW ARG | 19/07",inactive,"7 días tras clic, 1 día tras visualización o 1 día tras visualización activa",,,0,0,,2300,Diario,0,"En curso",-,-,-,0,0,,,,,0,0,0,,,,,,,,,,,,,,,00:00:00,,
2026-08-17,2026-08-17,"Sweater AFA  cupón | 10/07",inactive,"7 días tras clic, 1 día tras visualización o 1 día tras visualización activa",,,0,0,,2300,Diario,0,"En curso",-,-,-,0,0,,,,,0,0,0,,,,,,,,,,,,,,,00:00:00,,
2026-08-17,2026-08-17,"Ana tik tok | 06/07",inactive,"7 días tras clic, 1 día tras visualización o 1 día tras visualización activa",,,0,0,,3000,Diario,0,"En curso",-,-,-,0,0,,,,,0,0,0,,,,,,,,,,,,,,,00:00:00,,
2026-08-17,2026-08-17,"SW AFA | 02/07",inactive,"7 días tras clic, 1 día tras visualización o 1 día tras visualización activa",,,0,0,,3849,Diario,0,"En curso",-,-,-,0,0,,,,,0,0,0,,,,,,,,,,,,,,,00:00:00,,
2026-08-17,2026-08-17,"SW AFA | 30/06",inactive,"7 días tras clic, 1 día tras visualización o 1 día tras visualización activa",,,0,0,,2000,Diario,0,"En curso",-,-,-,0,0,,,,,0,0,0,,,,,,,,,,,,,,,00:00:00,,
2026-08-17,2026-08-17,"SW AFA | 30/06",not_delivering,"7 días tras clic, 1 día tras visualización o 1 día tras visualización activa",,,0,0,,2000,Diario,0,"En curso",-,-,-,0,0,,,,,0,0,0,,,,,,,,,,,,,,,00:00:00,,
2026-08-17,2026-08-17,"SW SOL | 27/06",inactive,"7 días tras clic, 1 día tras visualización o 1 día tras visualización activa",,,0,0,,3499,Diario,0,"En curso",-,-,-,0,0,,,,,0,0,0,,,,,,,,,,,,,,,00:00:00,,
2026-08-17,2026-08-17,"SW SOL | 19/06",inactive,"7 días tras clic, 1 día tras visualización o 1 día tras visualización activa",,,0,0,,2645,Diario,0,"En curso",-,-,-,0,0,,,,,0,0,0,,,,,,,,,,,,,,,00:00:00,,
2026-08-17,2026-08-17,"Ana tik tok",inactive,"7 días tras clic, 1 día tras visualización o 1 día tras visualización activa",,,0,0,,7781,Diario,0,"En curso",-,-,-,0,0,,,,,0,0,0,,,,,,,,,,,,,,,00:00:00,,
2026-08-16,2026-08-16,"Orgullosamente argentinas",active,"7 días tras clic, 1 día tras visualización o 1 día tras visualización activa",,,0,0,,15000,Diario,0,"En curso",-,-,-,0,0,,,,,0,0,0,,,,,,,,,,,,,,,00:00:00,,
2026-08-16,2026-08-16,"Cardigam Roma",active,"7 días tras clic, 1 día tras visualización o 1 día tras visualización activa",,,0,0,,15000,Diario,0,"En curso",-,-,-,0,0,,,,,0,0,0,,,,,,,,,,,,,,,00:00:00,,
2026-08-16,2026-08-16,"Catalogo + Video 5",active,"7 días tras clic, 1 día tras visualización o 1 día tras visualización activa",,,0,0,,15000,Diario,0,"En curso",-,-,-,0,0,,,,,0,0,0,,,,,,,,,,,,,,,00:00:00,,
2026-08-16,2026-08-16,"Catalogo + Video 4",active,"7 días tras clic, 1 día tras visualización o 1 día tras visualización activa",,,0,0,,15000,Diario,0,"En curso",-,-,-,0,0,,,,,0,0,0,,,,,,,,,,,,,,,00:00:00,,
2026-08-16,2026-08-16,"Catalogo + Video 3",active,"7 días tras clic, 1 día tras visualización o 1 día tras visualización activa",,,0,0,,15000,Diario,0,"En curso",-,-,-,0,0,,,,,0,0,0,,,,,,,,,,,,,,,00:00:00,,
2026-08-16,2026-08-16,"Catalogo + Video 2",active,"7 días tras clic, 1 día tras visualización o 1 día tras visualización activa",,,0,0,,15000,Diario,0,"En curso",-,-,-,0,0,,,,,0,0,0,,,,,,,,,,,,,,,00:00:00,,
2026-08-16,2026-08-16,"Catalogo + Video 1",active,"7 días tras clic, 1 día tras visualización o 1 día tras visualización activa",,,0,0,,15000,Diario,0,"En curso",-,-,-,0,0,,,,,0,0,0,,,,,,,,,,,,,,,00:00:00,,
2026-08-16,2026-08-16,"wtf arg | 13/02",inactive,"7 días tras clic, 1 día tras visualización o 1 día tras visualización activa",,,423,1.070922,,5000,Diario,2372.51,"En curso",-,-,-,453,5237.328918,10,,237.251,2.207506,14,3.090508,169.465,9,263.612222,,,,,,,25,6,25,14,8,6,3,,
2026-08-16,2026-08-16,"Cardigan  | 07/08",inactive,"7 días tras clic, 1 día tras visualización o 1 día tras visualización activa",,,0,0,,3000,Diario,0,"En curso",-,-,-,0,0,,,,,0,0,0,,,,,,,,,,,,,,,00:00:00,,
2026-08-16,2026-08-16,"SW ARG2  | 07/08 ULTIMOS",inactive,"7 días tras clic, 1 día tras visualización o 1 día tras visualización activa",,,0,0,,3000,Diario,0,"En curso",-,-,-,0,0,,,,,0,0,0,,,,,,,,,,,,,,,00:00:00,,
2026-08-16,2026-08-16,"Reviews | 06/08",not_delivering,"1 día tras clic",,,0,0,,1750,Diario,0,"En curso",-,-,-,0,0,,,,,0,0,0,,,,,,,,,,,,,,,00:00:00,,
2026-08-16,2026-08-16,"ANA TIK TOK | 06/08",not_delivering,"1 día tras clic",63,profile_visit_view,964,1.007261,29.32603175,1750,Diario,1847.54,"En curso","Por encima del promedio",-,-,971,1902.718847,62,,29.799032,6.38517,61,6.282183,30.287541,32,57.735625,,,,,,,292,78,180,93,61,44,5,,
2026-08-16,2026-08-16,"SW ARG2 | 06/08",inactive,"1 día tras clic",,,0,0,,1750,Diario,0,"En curso",-,-,-,0,0,,,,,0,0,0,,,,,,,,,,,,,,,00:00:00,,
2026-08-16,2026-08-16,"3x2 estatico | 05/08",inactive,"7 días tras clic, 1 día tras visualización o 1 día tras visualización activa",,,0,0,,5000,Diario,0,"En curso",-,-,-,0,0,,,,,0,0,0,,,,,,,,,,,,,,,00:00:00,,
2026-08-16,2026-08-16,"3x2 historia | 05/08",inactive,"7 días tras clic, 1 día tras visualización o 1 día tras visualización activa",,,0,0,,5000,Diario,0,"En curso",-,-,-,0,0,,,,,0,0,0,,,,,,,,,,,,,,,00:00:00,,
2026-08-16,2026-08-16,"3X2 feed | 05/08",inactive,"7 días tras clic, 1 día tras visualización o 1 día tras visualización activa",,,0,0,,5000,Diario,0,"En curso",-,-,-,0,0,,,,,0,0,0,,,,,,,,,,,,,,,00:00:00,,
2026-08-16,2026-08-16,"SW ARG2  | 03/08 ULTIMOS",inactive,"7 días tras clic, 1 día tras visualización o 1 día tras visualización activa",,,0,0,,3450,Diario,0,"En curso",-,-,-,0,0,,,,,0,0,0,,,,,,,,,,,,,,,00:00:00,,
2026-08-16,2026-08-16,"SW ARG2  | 03/08",inactive,"7 días tras clic, 1 día tras visualización o 1 día tras visualización activa",,,0,0,,3450,Diario,0,"En curso",-,-,-,0,0,,,,,0,0,0,,,,,,,,,,,,,,,00:00:00,,
2026-08-16,2026-08-16,"SW ARG2  | 30/07",inactive,"7 días tras clic, 1 día tras visualización o 1 día tras visualización activa",,,0,0,,2500,Diario,0,"En curso",-,-,-,0,0,,,,,0,0,0,,,,,,,,,,,,,,,00:00:00,,
2026-08-16,2026-08-16,"SW ARG02 | 29/07",inactive,"7 días tras clic, 1 día tras visualización o 1 día tras visualización activa",,,0,0,,2500,Diario,0,"En curso",-,-,-,0,0,,,,,0,0,0,,,,,,,,,,,,,,,00:00:00,,
2026-08-16,2026-08-16,"Catalogo | 28/07",inactive,"7 días tras clic, 1 día tras visualización o 1 día tras visualización activa",,,0,0,,2500,Diario,0,"En curso",-,-,-,0,0,,,,,0,0,0,,,,,,,,,,,,,,,00:00:00,,
2026-08-16,2026-08-16,"AD01 Sofia | 27/07",inactive,"7 días tras clic o 1 día tras visualización",,,0,0,,2500,Diario,0,"En curso",-,-,-,0,0,,,,,0,0,0,,,,,,,,,,,,,,,00:00:00,,
2026-08-16,2026-08-16,"3x2 Invierno | 24/07",inactive,"7 días tras clic, 1 día tras visualización o 1 día tras visualización activa",,,0,0,,3000,Diario,0,"En curso",-,-,-,0,0,,,,,0,0,0,,,,,,,,,,,,,,,00:00:00,,
2026-08-16,2026-08-16,"SW ARG02 | 23/07",inactive,"7 días tras clic, 1 día tras visualización o 1 día tras visualización activa",,,0,0,,2500,Diario,0,"En curso",-,-,-,0,0,,,,,0,0,0,,,,,,,,,,,,,,,00:00:00,,
2026-08-16,2026-08-16,"SW ARG02 | 22/07 Carrusel",inactive,"7 días tras clic, 1 día tras visualización o 1 día tras visualización activa",,,0,0,,2875,Diario,0,"En curso",-,-,-,0,0,,,,,0,0,0,,,,,,,,,,,,,,,00:00:00,,
2026-08-16,2026-08-16,"SW ARG02 | 22/07",inactive,"7 días tras clic, 1 día tras visualización o 1 día tras visualización activa",,,0,0,,2875,Diario,0,"En curso",-,-,-,0,0,,,,,0,0,0,,,,,,,,,,,,,,,00:00:00,,
2026-08-16,2026-08-16,"SW ARG | 19/07",inactive,"7 días tras clic, 1 día tras visualización o 1 día tras visualización activa",,,0,0,,2300,Diario,0,"En curso",-,-,-,0,0,,,,,0,0,0,,,,,,,,,,,,,,,00:00:00,,
2026-08-16,2026-08-16,"Sweater AFA  cupón | 10/07",inactive,"7 días tras clic, 1 día tras visualización o 1 día tras visualización activa",,,0,0,,2300,Diario,0,"En curso",-,-,-,0,0,,,,,0,0,0,,,,,,,,,,,,,,,00:00:00,,
2026-08-16,2026-08-16,"Ana tik tok | 06/07",inactive,"7 días tras clic, 1 día tras visualización o 1 día tras visualización activa",,,0,0,,3000,Diario,0,"En curso",-,-,-,0,0,,,,,0,0,0,,,,,,,,,,,,,,,00:00:00,,
2026-08-16,2026-08-16,"SW AFA | 02/07",inactive,"7 días tras clic, 1 día tras visualización o 1 día tras visualización activa",,,0,0,,3849,Diario,0,"En curso",-,-,-,0,0,,,,,0,0,0,,,,,,,,,,,,,,,00:00:00,,
2026-08-16,2026-08-16,"SW AFA | 30/06",inactive,"7 días tras clic, 1 día tras visualización o 1 día tras visualización activa",,,0,0,,2000,Diario,0,"En curso",-,-,-,0,0,,,,,0,0,0,,,,,,,,,,,,,,,00:00:00,,
2026-08-16,2026-08-16,"SW AFA | 30/06",not_delivering,"7 días tras clic, 1 día tras visualización o 1 día tras visualización activa",,,0,0,,2000,Diario,0,"En curso",-,-,-,0,0,,,,,0,0,0,,,,,,,,,,,,,,,00:00:00,,
2026-08-16,2026-08-16,"SW SOL | 27/06",inactive,"7 días tras clic, 1 día tras visualización o 1 día tras visualización activa",,,0,0,,3499,Diario,0,"En curso",-,-,-,0,0,,,,,0,0,0,,,,,,,,,,,,,,,00:00:00,,
2026-08-16,2026-08-16,"SW SOL | 19/06",inactive,"7 días tras clic, 1 día tras visualización o 1 día tras visualización activa",,,0,0,,2645,Diario,0,"En curso",-,-,-,0,0,,,,,0,0,0,,,,,,,,,,,,,,,00:00:00,,
2026-08-16,2026-08-16,"Ana tik tok",inactive,"7 días tras clic, 1 día tras visualización o 1 día tras visualización activa",,,0,0,,7781,Diario,0,"En curso",-,-,-,0,0,,,,,0,0,0,,,,,,,,,,,,,,,00:00:00,,
2026-08-15,2026-08-15,"Orgullosamente argentinas",active,"7 días tras clic, 1 día tras visualización o 1 día tras visualización activa",,,0,0,,15000,Diario,0,"En curso",-,-,-,0,0,,,,,0,0,0,,,,,,,,,,,,,,,00:00:00,,
2026-08-15,2026-08-15,"Cardigam Roma",active,"7 días tras clic, 1 día tras visualización o 1 día tras visualización activa",,,0,0,,15000,Diario,0,"En curso",-,-,-,0,0,,,,,0,0,0,,,,,,,,,,,,,,,00:00:00,,
2026-08-15,2026-08-15,"Catalogo + Video 5",active,"7 días tras clic, 1 día tras visualización o 1 día tras visualización activa",,,0,0,,15000,Diario,0,"En curso",-,-,-,0,0,,,,,0,0,0,,,,,,,,,,,,,,,00:00:00,,
2026-08-15,2026-08-15,"Catalogo + Video 4",active,"7 días tras clic, 1 día tras visualización o 1 día tras visualización activa",,,0,0,,15000,Diario,0,"En curso",-,-,-,0,0,,,,,0,0,0,,,,,,,,,,,,,,,00:00:00,,
2026-08-15,2026-08-15,"Catalogo + Video 3",active,"7 días tras clic, 1 día tras visualización o 1 día tras visualización activa",,,0,0,,15000,Diario,0,"En curso",-,-,-,0,0,,,,,0,0,0,,,,,,,,,,,,,,,00:00:00,,
2026-08-15,2026-08-15,"Catalogo + Video 2",active,"7 días tras clic, 1 día tras visualización o 1 día tras visualización activa",,,0,0,,15000,Diario,0,"En curso",-,-,-,0,0,,,,,0,0,0,,,,,,,,,,,,,,,00:00:00,,
2026-08-15,2026-08-15,"Catalogo + Video 1",active,"7 días tras clic, 1 día tras visualización o 1 día tras visualización activa",,,0,0,,15000,Diario,0,"En curso",-,-,-,0,0,,,,,0,0,0,,,,,,,,,,,,,,,00:00:00,,
2026-08-15,2026-08-15,"wtf arg | 13/02",inactive,"7 días tras clic, 1 día tras visualización o 1 día tras visualización activa",,,0,0,,5000,Diario,0,"En curso",-,-,-,0,0,,,,,0,0,0,,,,,,,,,,,,,,,00:00:00,,
2026-08-15,2026-08-15,"Cardigan  | 07/08",inactive,"7 días tras clic, 1 día tras visualización o 1 día tras visualización activa",,,0,0,,3000,Diario,0,"En curso",-,-,-,0,0,,,,,0,0,0,,,,,,,,,,,,,,,00:00:00,,
2026-08-15,2026-08-15,"SW ARG2  | 07/08 ULTIMOS",inactive,"7 días tras clic, 1 día tras visualización o 1 día tras visualización activa",,,0,0,,3000,Diario,0,"En curso",-,-,-,0,0,,,,,0,0,0,,,,,,,,,,,,,,,00:00:00,,
2026-08-15,2026-08-15,"Reviews | 06/08",not_delivering,"1 día tras clic",,,0,0,,1750,Diario,0,"En curso",-,-,-,0,0,,,,,0,0,0,,,,,,,,,,,,,,,00:00:00,,
2026-08-15,2026-08-15,"ANA TIK TOK | 06/08",not_delivering,"1 día tras clic",58,profile_visit_view,893,1,26.32637931,1750,Diario,1526.93,"En curso","Por encima del promedio",-,-,893,1709.888018,57,,26.788246,6.382979,55,6.159015,27.762364,27,56.552963,,,,,,,261,66,148,79,50,40,4,,
2026-08-15,2026-08-15,"SW ARG2 | 06/08",inactive,"1 día tras clic",,,0,0,,1750,Diario,0,"En curso",-,-,-,0,0,,,,,0,0,0,,,,,,,,,,,,,,,00:00:00,,
2026-08-15,2026-08-15,"3x2 estatico | 05/08",inactive,"7 días tras clic, 1 día tras visualización o 1 día tras visualización activa",,,0,0,,5000,Diario,0,"En curso",-,-,-,0,0,,,,,0,0,0,,,,,,,,,,,,,,,00:00:00,,
2026-08-15,2026-08-15,"3x2 historia | 05/08",inactive,"7 días tras clic, 1 día tras visualización o 1 día tras visualización activa",,,0,0,,5000,Diario,0,"En curso",-,-,-,0,0,,,,,0,0,0,,,,,,,,,,,,,,,00:00:00,,
2026-08-15,2026-08-15,"3X2 feed | 05/08",inactive,"7 días tras clic, 1 día tras visualización o 1 día tras visualización activa",,,0,0,,5000,Diario,0,"En curso",-,-,-,0,0,,,,,0,0,0,,,,,,,,,,,,,,,00:00:00,,
2026-08-15,2026-08-15,"SW ARG2  | 03/08 ULTIMOS",inactive,"7 días tras clic, 1 día tras visualización o 1 día tras visualización activa",,,0,0,,3450,Diario,0,"En curso",-,-,-,0,0,,,,,0,0,0,,,,,,,,,,,,,,,00:00:00,,
2026-08-15,2026-08-15,"SW ARG2  | 03/08",inactive,"7 días tras clic, 1 día tras visualización o 1 día tras visualización activa",,,0,0,,3450,Diario,0,"En curso",-,-,-,0,0,,,,,0,0,0,,,,,,,,,,,,,,,00:00:00,,
2026-08-15,2026-08-15,"SW ARG2  | 30/07",inactive,"7 días tras clic, 1 día tras visualización o 1 día tras visualización activa",,,0,0,,2500,Diario,0,"En curso",-,-,-,0,0,,,,,0,0,0,,,,,,,,,,,,,,,00:00:00,,
2026-08-15,2026-08-15,"SW ARG02 | 29/07",inactive,"7 días tras clic, 1 día tras visualización o 1 día tras visualización activa",,,0,0,,2500,Diario,0,"En curso",-,-,-,0,0,,,,,0,0,0,,,,,,,,,,,,,,,00:00:00,,
2026-08-15,2026-08-15,"Catalogo | 28/07",inactive,"7 días tras clic, 1 día tras visualización o 1 día tras visualización activa",,,0,0,,2500,Diario,0,"En curso",-,-,-,0,0,,,,,0,0,0,,,,,,,,,,,,,,,00:00:00,,
2026-08-15,2026-08-15,"AD01 Sofia | 27/07",inactive,"7 días tras clic o 1 día tras visualización",,,0,0,,2500,Diario,0,"En curso",-,-,-,0,0,,,,,0,0,0,,,,,,,,,,,,,,,00:00:00,,
2026-08-15,2026-08-15,"3x2 Invierno | 24/07",inactive,"7 días tras clic, 1 día tras visualización o 1 día tras visualización activa",,,0,0,,3000,Diario,0,"En curso",-,-,-,0,0,,,,,0,0,0,,,,,,,,,,,,,,,00:00:00,,
2026-08-15,2026-08-15,"SW ARG02 | 23/07",inactive,"7 días tras clic, 1 día tras visualización o 1 día tras visualización activa",,,0,0,,2500,Diario,0,"En curso",-,-,-,0,0,,,,,0,0,0,,,,,,,,,,,,,,,00:00:00,,
2026-08-15,2026-08-15,"SW ARG02 | 22/07 Carrusel",inactive,"7 días tras clic, 1 día tras visualización o 1 día tras visualización activa",,,0,0,,2875,Diario,0,"En curso",-,-,-,0,0,,,,,0,0,0,,,,,,,,,,,,,,,00:00:00,,
2026-08-15,2026-08-15,"SW ARG02 | 22/07",inactive,"7 días tras clic, 1 día tras visualización o 1 día tras visualización activa",,,0,0,,2875,Diario,0,"En curso",-,-,-,0,0,,,,,0,0,0,,,,,,,,,,,,,,,00:00:00,,
2026-08-15,2026-08-15,"SW ARG | 19/07",inactive,"7 días tras clic, 1 día tras visualización o 1 día tras visualización activa",,,0,0,,2300,Diario,0,"En curso",-,-,-,0,0,,,,,0,0,0,,,,,,,,,,,,,,,00:00:00,,
2026-08-15,2026-08-15,"Sweater AFA  cupón | 10/07",inactive,"7 días tras clic, 1 día tras visualización o 1 día tras visualización activa",,,0,0,,2300,Diario,0,"En curso",-,-,-,0,0,,,,,0,0,0,,,,,,,,,,,,,,,00:00:00,,
2026-08-15,2026-08-15,"Ana tik tok | 06/07",inactive,"7 días tras clic, 1 día tras visualización o 1 día tras visualización activa",,,0,0,,3000,Diario,0,"En curso",-,-,-,0,0,,,,,0,0,0,,,,,,,,,,,,,,,00:00:00,,
2026-08-15,2026-08-15,"SW AFA | 02/07",inactive,"7 días tras clic, 1 día tras visualización o 1 día tras visualización activa",,,0,0,,3849,Diario,0,"En curso",-,-,-,0,0,,,,,0,0,0,,,,,,,,,,,,,,,00:00:00,,
2026-08-15,2026-08-15,"SW AFA | 30/06",inactive,"7 días tras clic, 1 día tras visualización o 1 día tras visualización activa",,,0,0,,2000,Diario,0,"En curso",-,-,-,0,0,,,,,0,0,0,,,,,,,,,,,,,,,00:00:00,,
2026-08-15,2026-08-15,"SW AFA | 30/06",not_delivering,"7 días tras clic, 1 día tras visualización o 1 día tras visualización activa",,,0,0,,2000,Diario,0,"En curso",-,-,-,0,0,,,,,0,0,0,,,,,,,,,,,,,,,00:00:00,,
2026-08-15,2026-08-15,"SW SOL | 27/06",inactive,"7 días tras clic, 1 día tras visualización o 1 día tras visualización activa",,,0,0,,3499,Diario,0,"En curso",-,-,-,0,0,,,,,0,0,0,,,,,,,,,,,,,,,00:00:00,,
2026-08-15,2026-08-15,"SW SOL | 19/06",inactive,"7 días tras clic, 1 día tras visualización o 1 día tras visualización activa",,,0,0,,2645,Diario,0,"En curso",-,-,-,0,0,,,,,0,0,0,,,,,,,,,,,,,,,00:00:00,,
2026-08-15,2026-08-15,"Ana tik tok",inactive,"7 días tras clic, 1 día tras visualización o 1 día tras visualización activa",,,0,0,,7781,Diario,0,"En curso",-,-,-,0,0,,,,,0,0,0,,,,,,,,,,,,,,,00:00:00,,
2026-08-14,2026-08-14,"Orgullosamente argentinas",active,"7 días tras clic, 1 día tras visualización o 1 día tras visualización activa",,,0,0,,15000,Diario,0,"En curso",-,-,-,0,0,,,,,0,0,0,,,,,,,,,,,,,,,00:00:00,,
2026-08-14,2026-08-14,"Cardigam Roma",active,"7 días tras clic, 1 día tras visualización o 1 día tras visualización activa",,,0,0,,15000,Diario,0,"En curso",-,-,-,0,0,,,,,0,0,0,,,,,,,,,,,,,,,00:00:00,,
2026-08-14,2026-08-14,"Catalogo + Video 5",active,"7 días tras clic, 1 día tras visualización o 1 día tras visualización activa",,,0,0,,15000,Diario,0,"En curso",-,-,-,0,0,,,,,0,0,0,,,,,,,,,,,,,,,00:00:00,,
2026-08-14,2026-08-14,"Catalogo + Video 4",active,"7 días tras clic, 1 día tras visualización o 1 día tras visualización activa",,,0,0,,15000,Diario,0,"En curso",-,-,-,0,0,,,,,0,0,0,,,,,,,,,,,,,,,00:00:00,,
2026-08-14,2026-08-14,"Catalogo + Video 3",active,"7 días tras clic, 1 día tras visualización o 1 día tras visualización activa",,,0,0,,15000,Diario,0,"En curso",-,-,-,0,0,,,,,0,0,0,,,,,,,,,,,,,,,00:00:00,,
2026-08-14,2026-08-14,"Catalogo + Video 2",active,"7 días tras clic, 1 día tras visualización o 1 día tras visualización activa",,,0,0,,15000,Diario,0,"En curso",-,-,-,0,0,,,,,0,0,0,,,,,,,,,,,,,,,00:00:00,,
2026-08-14,2026-08-14,"Catalogo + Video 1",active,"7 días tras clic, 1 día tras visualización o 1 día tras visualización activa",,,0,0,,15000,Diario,0,"En curso",-,-,-,0,0,,,,,0,0,0,,,,,,,,,,,,,,,00:00:00,,
2026-08-14,2026-08-14,"wtf arg | 13/02",inactive,"7 días tras clic, 1 día tras visualización o 1 día tras visualización activa",,,0,0,,5000,Diario,0,"En curso",-,-,-,0,0,,,,,0,0,0,,,,,,,,,,,,,,,00:00:00,,
2026-08-14,2026-08-14,"Cardigan  | 07/08",inactive,"7 días tras clic, 1 día tras visualización o 1 día tras visualización activa",,,0,0,,3000,Diario,0,"En curso",-,-,-,0,0,,,,,0,0,0,,,,,,,,,,,,,,,00:00:00,,
2026-08-14,2026-08-14,"SW ARG2  | 07/08 ULTIMOS",inactive,"7 días tras clic, 1 día tras visualización o 1 día tras visualización activa",,,0,0,,3000,Diario,0,"En curso",-,-,-,0,0,,,,,0,0,0,,,,,,,,,,,,,,,00:00:00,,
2026-08-14,2026-08-14,"Reviews | 06/08",not_delivering,"1 día tras clic",,,0,0,,1750,Diario,0,"En curso",-,-,-,0,0,,,,,0,0,0,,,,,,,,,,,,,,,00:00:00,,
2026-08-14,2026-08-14,"ANA TIK TOK | 06/08",not_delivering,"1 día tras clic",57,profile_visit_view,809,1.02843,27.55245614,1750,Diario,1570.49,"En curso","Por encima del promedio",-,-,832,1887.608173,56,,28.044464,6.730769,53,6.370192,29.631887,16,98.155625,,,,,,,237,62,148,73,47,31,4,,
2026-08-14,2026-08-14,"SW ARG2 | 06/08",inactive,"1 día tras clic",,,0,0,,1750,Diario,0,"En curso",-,-,-,0,0,,,,,0,0,0,,,,,,,,,,,,,,,00:00:00,,
2026-08-14,2026-08-14,"3x2 estatico | 05/08",inactive,"7 días tras clic, 1 día tras visualización o 1 día tras visualización activa",,,0,0,,5000,Diario,0,"En curso",-,-,-,0,0,,,,,0,0,0,,,,,,,,,,,,,,,00:00:00,,
2026-08-14,2026-08-14,"3x2 historia | 05/08",inactive,"7 días tras clic, 1 día tras visualización o 1 día tras visualización activa",,,0,0,,5000,Diario,0,"En curso",-,-,-,0,0,,,,,0,0,0,,,,,,,,,,,,,,,00:00:00,,
2026-08-14,2026-08-14,"3X2 feed | 05/08",inactive,"7 días tras clic, 1 día tras visualización o 1 día tras visualización activa",,,0,0,,5000,Diario,0,"En curso",-,-,-,0,0,,,,,0,0,0,,,,,,,,,,,,,,,00:00:00,,
2026-08-14,2026-08-14,"SW ARG2  | 03/08 ULTIMOS",inactive,"7 días tras clic, 1 día tras visualización o 1 día tras visualización activa",,,0,0,,3450,Diario,0,"En curso",-,-,-,0,0,,,,,0,0,0,,,,,,,,,,,,,,,00:00:00,,
2026-08-14,2026-08-14,"SW ARG2  | 03/08",inactive,"7 días tras clic, 1 día tras visualización o 1 día tras visualización activa",,,0,0,,3450,Diario,0,"En curso",-,-,-,0,0,,,,,0,0,0,,,,,,,,,,,,,,,00:00:00,,
2026-08-14,2026-08-14,"SW ARG2  | 30/07",inactive,"7 días tras clic, 1 día tras visualización o 1 día tras visualización activa",,,0,0,,2500,Diario,0,"En curso",-,-,-,0,0,,,,,0,0,0,,,,,,,,,,,,,,,00:00:00,,
2026-08-14,2026-08-14,"SW ARG02 | 29/07",inactive,"7 días tras clic, 1 día tras visualización o 1 día tras visualización activa",,,0,0,,2500,Diario,0,"En curso",-,-,-,0,0,,,,,0,0,0,,,,,,,,,,,,,,,00:00:00,,
2026-08-14,2026-08-14,"Catalogo | 28/07",inactive,"7 días tras clic, 1 día tras visualización o 1 día tras visualización activa",,,0,0,,2500,Diario,0,"En curso",-,-,-,0,0,,,,,0,0,0,,,,,,,,,,,,,,,00:00:00,,
2026-08-14,2026-08-14,"AD01 Sofia | 27/07",inactive,"7 días tras clic o 1 día tras visualización",,,0,0,,2500,Diario,0,"En curso",-,-,-,0,0,,,,,0,0,0,,,,,,,,,,,,,,,00:00:00,,
2026-08-14,2026-08-14,"3x2 Invierno | 24/07",inactive,"7 días tras clic, 1 día tras visualización o 1 día tras visualización activa",,,0,0,,3000,Diario,0,"En curso",-,-,-,0,0,,,,,0,0,0,,,,,,,,,,,,,,,00:00:00,,
2026-08-14,2026-08-14,"SW ARG02 | 23/07",inactive,"7 días tras clic, 1 día tras visualización o 1 día tras visualización activa",,,0,0,,2500,Diario,0,"En curso",-,-,-,0,0,,,,,0,0,0,,,,,,,,,,,,,,,00:00:00,,
2026-08-14,2026-08-14,"SW ARG02 | 22/07 Carrusel",inactive,"7 días tras clic, 1 día tras visualización o 1 día tras visualización activa",,,0,0,,2875,Diario,0,"En curso",-,-,-,0,0,,,,,0,0,0,,,,,,,,,,,,,,,00:00:00,,
2026-08-14,2026-08-14,"SW ARG02 | 22/07",inactive,"7 días tras clic, 1 día tras visualización o 1 día tras visualización activa",,,0,0,,2875,Diario,0,"En curso",-,-,-,0,0,,,,,0,0,0,,,,,,,,,,,,,,,00:00:00,,
2026-08-14,2026-08-14,"SW ARG | 19/07",inactive,"7 días tras clic, 1 día tras visualización o 1 día tras visualización activa",,,0,0,,2300,Diario,0,"En curso",-,-,-,0,0,,,,,0,0,0,,,,,,,,,,,,,,,00:00:00,,
2026-08-14,2026-08-14,"Sweater AFA  cupón | 10/07",inactive,"7 días tras clic, 1 día tras visualización o 1 día tras visualización activa",,,0,0,,2300,Diario,0,"En curso",-,-,-,0,0,,,,,0,0,0,,,,,,,,,,,,,,,00:00:00,,
2026-08-14,2026-08-14,"Ana tik tok | 06/07",inactive,"7 días tras clic, 1 día tras visualización o 1 día tras visualización activa",,,0,0,,3000,Diario,0,"En curso",-,-,-,0,0,,,,,0,0,0,,,,,,,,,,,,,,,00:00:00,,
2026-08-14,2026-08-14,"SW AFA | 02/07",inactive,"7 días tras clic, 1 día tras visualización o 1 día tras visualización activa",,,0,0,,3849,Diario,0,"En curso",-,-,-,0,0,,,,,0,0,0,,,,,,,,,,,,,,,00:00:00,,
2026-08-14,2026-08-14,"SW AFA | 30/06",inactive,"7 días tras clic, 1 día tras visualización o 1 día tras visualización activa",,,0,0,,2000,Diario,0,"En curso",-,-,-,0,0,,,,,0,0,0,,,,,,,,,,,,,,,00:00:00,,
2026-08-14,2026-08-14,"SW AFA | 30/06",not_delivering,"7 días tras clic, 1 día tras visualización o 1 día tras visualización activa",,,0,0,,2000,Diario,0,"En curso",-,-,-,0,0,,,,,0,0,0,,,,,,,,,,,,,,,00:00:00,,
2026-08-14,2026-08-14,"SW SOL | 27/06",inactive,"7 días tras clic, 1 día tras visualización o 1 día tras visualización activa",,,0,0,,3499,Diario,0,"En curso",-,-,-,0,0,,,,,0,0,0,,,,,,,,,,,,,,,00:00:00,,
2026-08-14,2026-08-14,"SW SOL | 19/06",inactive,"7 días tras clic, 1 día tras visualización o 1 día tras visualización activa",,,0,0,,2645,Diario,0,"En curso",-,-,-,0,0,,,,,0,0,0,,,,,,,,,,,,,,,00:00:00,,
2026-08-14,2026-08-14,"Ana tik tok",inactive,"7 días tras clic, 1 día tras visualización o 1 día tras visualización activa",,,0,0,,7781,Diario,0,"En curso",-,-,-,0,0,,,,,0,0,0,,,,,,,,,,,,,,,00:00:00,,
2026-08-13,2026-08-13,"Orgullosamente argentinas",active,"7 días tras clic, 1 día tras visualización o 1 día tras visualización activa",,,0,0,,15000,Diario,0,"En curso",-,-,-,0,0,,,,,0,0,0,,,,,,,,,,,,,,,00:00:00,,
2026-08-13,2026-08-13,"Cardigam Roma",active,"7 días tras clic, 1 día tras visualización o 1 día tras visualización activa",,,0,0,,15000,Diario,0,"En curso",-,-,-,0,0,,,,,0,0,0,,,,,,,,,,,,,,,00:00:00,,
2026-08-13,2026-08-13,"Catalogo + Video 5",active,"7 días tras clic, 1 día tras visualización o 1 día tras visualización activa",,,0,0,,15000,Diario,0,"En curso",-,-,-,0,0,,,,,0,0,0,,,,,,,,,,,,,,,00:00:00,,
2026-08-13,2026-08-13,"Catalogo + Video 4",active,"7 días tras clic, 1 día tras visualización o 1 día tras visualización activa",,,0,0,,15000,Diario,0,"En curso",-,-,-,0,0,,,,,0,0,0,,,,,,,,,,,,,,,00:00:00,,
2026-08-13,2026-08-13,"Catalogo + Video 3",active,"7 días tras clic, 1 día tras visualización o 1 día tras visualización activa",,,0,0,,15000,Diario,0,"En curso",-,-,-,0,0,,,,,0,0,0,,,,,,,,,,,,,,,00:00:00,,
2026-08-13,2026-08-13,"Catalogo + Video 2",active,"7 días tras clic, 1 día tras visualización o 1 día tras visualización activa",,,0,0,,15000,Diario,0,"En curso",-,-,-,0,0,,,,,0,0,0,,,,,,,,,,,,,,,00:00:00,,
2026-08-13,2026-08-13,"Catalogo + Video 1",active,"7 días tras clic, 1 día tras visualización o 1 día tras visualización activa",,,0,0,,15000,Diario,0,"En curso",-,-,-,0,0,,,,,0,0,0,,,,,,,,,,,,,,,00:00:00,,
2026-08-13,2026-08-13,"wtf arg | 13/02",inactive,"7 días tras clic, 1 día tras visualización o 1 día tras visualización activa",,,0,0,,5000,Diario,0,"En curso",-,-,-,0,0,,,,,0,0,0,,,,,,,,,,,,,,,00:00:00,,
2026-08-13,2026-08-13,"Cardigan  | 07/08",inactive,"7 días tras clic, 1 día tras visualización o 1 día tras visualización activa",,,260,1.053846,,3000,Diario,1716.17,"En curso",-,-,-,274,6263.394161,5,,343.234,1.824818,8,2.919708,214.52125,5,343.234,9,,,,,,54,12,78,38,19,12,2,,
2026-08-13,2026-08-13,"SW ARG2  | 07/08 ULTIMOS",inactive,"7 días tras clic, 1 día tras visualización o 1 día tras visualización activa",,,0,0,,3000,Diario,0,"En curso",-,-,-,0,0,,,,,0,0,0,,,,,,,,,,,,,,,00:00:00,,
2026-08-13,2026-08-13,"Reviews | 06/08",not_delivering,"1 día tras clic",,,0,0,,1750,Diario,0,"En curso",-,-,-,0,0,,,,,0,0,0,,,,,,,,,,,,,,,00:00:00,,
2026-08-13,2026-08-13,"ANA TIK TOK | 06/08",not_delivering,"1 día tras clic",64,profile_visit_view,884,1.027149,28.0565625,1750,Diario,1795.62,"En curso",-,-,-,908,1977.555066,66,,27.206364,7.268722,64,7.048458,28.056563,18,99.756667,10,,,,,,296,74,171,99,56,36,4,,
2026-08-13,2026-08-13,"SW ARG2 | 06/08",inactive,"1 día tras clic",,,0,0,,1750,Diario,0,"En curso",-,-,-,0,0,,,,,0,0,0,,,,,,,,,,,,,,,00:00:00,,
2026-08-13,2026-08-13,"3x2 estatico | 05/08",inactive,"7 días tras clic, 1 día tras visualización o 1 día tras visualización activa",,,0,0,,5000,Diario,0,"En curso",-,-,-,0,0,,,,,0,0,0,,,,,,,,,,,,,,,00:00:00,,
2026-08-13,2026-08-13,"3x2 historia | 05/08",inactive,"7 días tras clic, 1 día tras visualización o 1 día tras visualización activa",,,0,0,,5000,Diario,0,"En curso",-,-,-,0,0,,,,,0,0,0,,,,,,,,,,,,,,,00:00:00,,
2026-08-13,2026-08-13,"3X2 feed | 05/08",inactive,"7 días tras clic, 1 día tras visualización o 1 día tras visualización activa",,,0,0,,5000,Diario,0,"En curso",-,-,-,0,0,,,,,0,0,0,,,,,,,,,,,,,,,00:00:00,,
2026-08-13,2026-08-13,"SW ARG2  | 03/08 ULTIMOS",inactive,"7 días tras clic, 1 día tras visualización o 1 día tras visualización activa",,,0,0,,3450,Diario,0,"En curso",-,-,-,0,0,,,,,0,0,0,,,,,,,,,,,,,,,00:00:00,,
2026-08-13,2026-08-13,"SW ARG2  | 03/08",inactive,"7 días tras clic, 1 día tras visualización o 1 día tras visualización activa",,,0,0,,3450,Diario,0,"En curso",-,-,-,0,0,,,,,0,0,0,,,,,,,,,,,,,,,00:00:00,,
2026-08-13,2026-08-13,"SW ARG2  | 30/07",inactive,"7 días tras clic, 1 día tras visualización o 1 día tras visualización activa",,,0,0,,2500,Diario,0,"En curso",-,-,-,0,0,,,,,0,0,0,,,,,,,,,,,,,,,00:00:00,,
2026-08-13,2026-08-13,"SW ARG02 | 29/07",inactive,"7 días tras clic, 1 día tras visualización o 1 día tras visualización activa",,,0,0,,2500,Diario,0,"En curso",-,-,-,0,0,,,,,0,0,0,,,,,,,,,,,,,,,00:00:00,,
2026-08-13,2026-08-13,"Catalogo | 28/07",inactive,"7 días tras clic, 1 día tras visualización o 1 día tras visualización activa",,,0,0,,2500,Diario,0,"En curso",-,-,-,0,0,,,,,0,0,0,,,,,,,,,,,,,,,00:00:00,,
2026-08-13,2026-08-13,"AD01 Sofia | 27/07",inactive,"7 días tras clic o 1 día tras visualización",,,0,0,,2500,Diario,0,"En curso",-,-,-,0,0,,,,,0,0,0,,,,,,,,,,,,,,,00:00:00,,
2026-08-13,2026-08-13,"3x2 Invierno | 24/07",inactive,"7 días tras clic, 1 día tras visualización o 1 día tras visualización activa",,,0,0,,3000,Diario,0,"En curso",-,-,-,0,0,,,,,0,0,0,,,,,,,,,,,,,,,00:00:00,,
2026-08-13,2026-08-13,"SW ARG02 | 23/07",inactive,"7 días tras clic, 1 día tras visualización o 1 día tras visualización activa",,,0,0,,2500,Diario,0,"En curso",-,-,-,0,0,,,,,0,0,0,,,,,,,,,,,,,,,00:00:00,,
2026-08-13,2026-08-13,"SW ARG02 | 22/07 Carrusel",inactive,"7 días tras clic, 1 día tras visualización o 1 día tras visualización activa",,,0,0,,2875,Diario,0,"En curso",-,-,-,0,0,,,,,0,0,0,,,,,,,,,,,,,,,00:00:00,,
2026-08-13,2026-08-13,"SW ARG02 | 22/07",inactive,"7 días tras clic, 1 día tras visualización o 1 día tras visualización activa",,,0,0,,2875,Diario,0,"En curso",-,-,-,0,0,,,,,0,0,0,,,,,,,,,,,,,,,00:00:00,,
2026-08-13,2026-08-13,"SW ARG | 19/07",inactive,"7 días tras clic, 1 día tras visualización o 1 día tras visualización activa",,,0,0,,2300,Diario,0,"En curso",-,-,-,0,0,,,,,0,0,0,,,,,,,,,,,,,,,00:00:00,,
2026-08-13,2026-08-13,"Sweater AFA  cupón | 10/07",inactive,"7 días tras clic, 1 día tras visualización o 1 día tras visualización activa",,,0,0,,2300,Diario,0,"En curso",-,-,-,0,0,,,,,0,0,0,,,,,,,,,,,,,,,00:00:00,,
2026-08-13,2026-08-13,"Ana tik tok | 06/07",inactive,"7 días tras clic, 1 día tras visualización o 1 día tras visualización activa",,,0,0,,3000,Diario,0,"En curso",-,-,-,0,0,,,,,0,0,0,,,,,,,,,,,,,,,00:00:00,,
2026-08-13,2026-08-13,"SW AFA | 02/07",inactive,"7 días tras clic, 1 día tras visualización o 1 día tras visualización activa",,,0,0,,3849,Diario,0,"En curso",-,-,-,0,0,,,,,0,0,0,,,,,,,,,,,,,,,00:00:00,,
2026-08-13,2026-08-13,"SW AFA | 30/06",inactive,"7 días tras clic, 1 día tras visualización o 1 día tras visualización activa",,,0,0,,2000,Diario,0,"En curso",-,-,-,0,0,,,,,0,0,0,,,,,,,,,,,,,,,00:00:00,,
2026-08-13,2026-08-13,"SW AFA | 30/06",not_delivering,"7 días tras clic, 1 día tras visualización o 1 día tras visualización activa",,,0,0,,2000,Diario,0,"En curso",-,-,-,0,0,,,,,0,0,0,,,,,,,,,,,,,,,00:00:00,,
2026-08-13,2026-08-13,"SW SOL | 27/06",inactive,"7 días tras clic, 1 día tras visualización o 1 día tras visualización activa",,,0,0,,3499,Diario,0,"En curso",-,-,-,0,0,,,,,0,0,0,,,,,,,,,,,,,,,00:00:00,,
2026-08-13,2026-08-13,"SW SOL | 19/06",inactive,"7 días tras clic, 1 día tras visualización o 1 día tras visualización activa",,,0,0,,2645,Diario,0,"En curso",-,-,-,0,0,,,,,0,0,0,,,,,,,,,,,,,,,00:00:00,,
2026-08-13,2026-08-13,"Ana tik tok",inactive,"7 días tras clic, 1 día tras visualización o 1 día tras visualización activa",,,0,0,,7781,Diario,0,"En curso",-,-,-,0,0,,,,,0,0,0,,,,,,,,,,,,,,,00:00:00,,
2026-08-12,2026-08-12,"Orgullosamente argentinas",active,"7 días tras clic, 1 día tras visualización o 1 día tras visualización activa",,,0,0,,15000,Diario,0,"En curso",-,-,-,0,0,,,,,0,0,0,,,,,,,,,,,,,,,00:00:00,,
2026-08-12,2026-08-12,"Cardigam Roma",active,"7 días tras clic, 1 día tras visualización o 1 día tras visualización activa",,,0,0,,15000,Diario,0,"En curso",-,-,-,0,0,,,,,0,0,0,,,,,,,,,,,,,,,00:00:00,,
2026-08-12,2026-08-12,"Catalogo + Video 5",active,"7 días tras clic, 1 día tras visualización o 1 día tras visualización activa",,,0,0,,15000,Diario,0,"En curso",-,-,-,0,0,,,,,0,0,0,,,,,,,,,,,,,,,00:00:00,,
2026-08-12,2026-08-12,"Catalogo + Video 4",active,"7 días tras clic, 1 día tras visualización o 1 día tras visualización activa",,,0,0,,15000,Diario,0,"En curso",-,-,-,0,0,,,,,0,0,0,,,,,,,,,,,,,,,00:00:00,,
2026-08-12,2026-08-12,"Catalogo + Video 3",active,"7 días tras clic, 1 día tras visualización o 1 día tras visualización activa",,,0,0,,15000,Diario,0,"En curso",-,-,-,0,0,,,,,0,0,0,,,,,,,,,,,,,,,00:00:00,,
2026-08-12,2026-08-12,"Catalogo + Video 2",active,"7 días tras clic, 1 día tras visualización o 1 día tras visualización activa",,,0,0,,15000,Diario,0,"En curso",-,-,-,0,0,,,,,0,0,0,,,,,,,,,,,,,,,00:00:00,,
2026-08-12,2026-08-12,"Catalogo + Video 1",active,"7 días tras clic, 1 día tras visualización o 1 día tras visualización activa",,,0,0,,15000,Diario,0,"En curso",-,-,-,0,0,,,,,0,0,0,,,,,,,,,,,,,,,00:00:00,,
2026-08-12,2026-08-12,"wtf arg | 13/02",inactive,"7 días tras clic, 1 día tras visualización o 1 día tras visualización activa",,,0,0,,5000,Diario,0,"En curso",-,-,-,0,0,,,,,0,0,0,,,,,,,,,,,,,,,00:00:00,,
2026-08-12,2026-08-12,"Cardigan  | 07/08",inactive,"7 días tras clic, 1 día tras visualización o 1 día tras visualización activa",,,660,1.056061,,3000,Diario,3972.03,"En curso",-,-,-,697,5698.751793,17,,233.648824,2.439024,28,4.017217,141.858214,18,220.668333,,,,,,,125,30,176,75,48,30,2,,
2026-08-12,2026-08-12,"SW ARG2  | 07/08 ULTIMOS",inactive,"7 días tras clic, 1 día tras visualización o 1 día tras visualización activa",,,321,1.186916,,3000,Diario,2173.86,"En curso",-,-,-,381,5705.669291,7,,310.551429,1.83727,11,2.887139,197.623636,9,241.54,,,,,,,,,,,,,00:00:00,,
2026-08-12,2026-08-12,"Reviews | 06/08",not_delivering,"1 día tras clic",,,0,0,,1750,Diario,0,"En curso",-,-,-,0,0,,,,,0,0,0,,,,,,,,,,,,,,,00:00:00,,
2026-08-12,2026-08-12,"ANA TIK TOK | 06/08",not_delivering,"1 día tras clic",63,profile_visit_view,825,1.061818,26.59238095,1750,Diario,1675.32,"En curso",-,-,-,876,1912.465753,67,,25.004776,7.648402,62,7.077626,27.02129,22,76.150909,5,,,,,,273,76,177,92,60,44,4,,
2026-08-12,2026-08-12,"SW ARG2 | 06/08",inactive,"1 día tras clic",,,0,0,,1750,Diario,0,"En curso",-,-,-,0,0,,,,,0,0,0,,,,,,,,,,,,,,,00:00:00,,
2026-08-12,2026-08-12,"3x2 estatico | 05/08",inactive,"7 días tras clic, 1 día tras visualización o 1 día tras visualización activa",,,0,0,,5000,Diario,0,"En curso",-,-,-,0,0,,,,,0,0,0,,,,,,,,,,,,,,,00:00:00,,
2026-08-12,2026-08-12,"3x2 historia | 05/08",inactive,"7 días tras clic, 1 día tras visualización o 1 día tras visualización activa",,,0,0,,5000,Diario,0,"En curso",-,-,-,0,0,,,,,0,0,0,,,,,,,,,,,,,,,00:00:00,,
2026-08-12,2026-08-12,"3X2 feed | 05/08",inactive,"7 días tras clic, 1 día tras visualización o 1 día tras visualización activa",,,0,0,,5000,Diario,0,"En curso",-,-,-,0,0,,,,,0,0,0,,,,,,,,,,,,,,,00:00:00,,
2026-08-12,2026-08-12,"SW ARG2  | 03/08 ULTIMOS",inactive,"7 días tras clic, 1 día tras visualización o 1 día tras visualización activa",,,0,0,,3450,Diario,0,"En curso",-,-,-,0,0,,,,,0,0,0,,,,,,,,,,,,,,,00:00:00,,
2026-08-12,2026-08-12,"SW ARG2  | 03/08",inactive,"7 días tras clic, 1 día tras visualización o 1 día tras visualización activa",,,0,0,,3450,Diario,0,"En curso",-,-,-,0,0,,,,,0,0,0,,,,,,,,,,,,,,,00:00:00,,
2026-08-12,2026-08-12,"SW ARG2  | 30/07",inactive,"7 días tras clic, 1 día tras visualización o 1 día tras visualización activa",,,0,0,,2500,Diario,0,"En curso",-,-,-,0,0,,,,,0,0,0,,,,,,,,,,,,,,,00:00:00,,
2026-08-12,2026-08-12,"SW ARG02 | 29/07",inactive,"7 días tras clic, 1 día tras visualización o 1 día tras visualización activa",,,0,0,,2500,Diario,0,"En curso",-,-,-,0,0,,,,,0,0,0,,,,,,,,,,,,,,,00:00:00,,
2026-08-12,2026-08-12,"Catalogo | 28/07",inactive,"7 días tras clic, 1 día tras visualización o 1 día tras visualización activa",,,0,0,,2500,Diario,0,"En curso",-,-,-,0,0,,,,,0,0,0,,,,,,,,,,,,,,,00:00:00,,
2026-08-12,2026-08-12,"AD01 Sofia | 27/07",inactive,"7 días tras clic o 1 día tras visualización",,,0,0,,2500,Diario,0,"En curso",-,-,-,0,0,,,,,0,0,0,,,,,,,,,,,,,,,00:00:00,,
2026-08-12,2026-08-12,"3x2 Invierno | 24/07",inactive,"7 días tras clic, 1 día tras visualización o 1 día tras visualización activa",,,0,0,,3000,Diario,0,"En curso",-,-,-,0,0,,,,,0,0,0,,,,,,,,,,,,,,,00:00:00,,
2026-08-12,2026-08-12,"SW ARG02 | 23/07",inactive,"7 días tras clic, 1 día tras visualización o 1 día tras visualización activa",,,0,0,,2500,Diario,0,"En curso",-,-,-,0,0,,,,,0,0,0,,,,,,,,,,,,,,,00:00:00,,
2026-08-12,2026-08-12,"SW ARG02 | 22/07 Carrusel",inactive,"7 días tras clic, 1 día tras visualización o 1 día tras visualización activa",,,0,0,,2875,Diario,0,"En curso",-,-,-,0,0,,,,,0,0,0,,,,,,,,,,,,,,,00:00:00,,
2026-08-12,2026-08-12,"SW ARG02 | 22/07",inactive,"7 días tras clic, 1 día tras visualización o 1 día tras visualización activa",,,0,0,,2875,Diario,0,"En curso",-,-,-,0,0,,,,,0,0,0,,,,,,,,,,,,,,,00:00:00,,
2026-08-12,2026-08-12,"SW ARG | 19/07",inactive,"7 días tras clic, 1 día tras visualización o 1 día tras visualización activa",,,0,0,,2300,Diario,0,"En curso",-,-,-,0,0,,,,,0,0,0,,,,,,,,,,,,,,,00:00:00,,
2026-08-12,2026-08-12,"Sweater AFA  cupón | 10/07",inactive,"7 días tras clic, 1 día tras visualización o 1 día tras visualización activa",,,0,0,,2300,Diario,0,"En curso",-,-,-,0,0,,,,,0,0,0,,,,,,,,,,,,,,,00:00:00,,
2026-08-12,2026-08-12,"Ana tik tok | 06/07",inactive,"7 días tras clic, 1 día tras visualización o 1 día tras visualización activa",,,0,0,,3000,Diario,0,"En curso",-,-,-,0,0,,,,,0,0,0,,,,,,,,,,,,,,,00:00:00,,
2026-08-12,2026-08-12,"SW AFA | 02/07",inactive,"7 días tras clic, 1 día tras visualización o 1 día tras visualización activa",,,0,0,,3849,Diario,0,"En curso",-,-,-,0,0,,,,,0,0,0,,,,,,,,,,,,,,,00:00:00,,
2026-08-12,2026-08-12,"SW AFA | 30/06",inactive,"7 días tras clic, 1 día tras visualización o 1 día tras visualización activa",,,0,0,,2000,Diario,0,"En curso",-,-,-,0,0,,,,,0,0,0,,,,,,,,,,,,,,,00:00:00,,
2026-08-12,2026-08-12,"SW AFA | 30/06",not_delivering,"7 días tras clic, 1 día tras visualización o 1 día tras visualización activa",,,0,0,,2000,Diario,0,"En curso",-,-,-,0,0,,,,,0,0,0,,,,,,,,,,,,,,,00:00:00,,
2026-08-12,2026-08-12,"SW SOL | 27/06",inactive,"7 días tras clic, 1 día tras visualización o 1 día tras visualización activa",,,0,0,,3499,Diario,0,"En curso",-,-,-,0,0,,,,,0,0,0,,,,,,,,,,,,,,,00:00:00,,
2026-08-12,2026-08-12,"SW SOL | 19/06",inactive,"7 días tras clic, 1 día tras visualización o 1 día tras visualización activa",,,0,0,,2645,Diario,0,"En curso",-,-,-,0,0,,,,,0,0,0,,,,,,,,,,,,,,,00:00:00,,
2026-08-12,2026-08-12,"Ana tik tok",inactive,"7 días tras clic, 1 día tras visualización o 1 día tras visualización activa",,,0,0,,7781,Diario,0,"En curso",-,-,-,0,0,,,,,0,0,0,,,,,,,,,,,,,,,00:00:00,,
2026-08-11,2026-08-11,"Orgullosamente argentinas",active,"7 días tras clic, 1 día tras visualización o 1 día tras visualización activa",,,0,0,,15000,Diario,0,"En curso",-,-,-,0,0,,,,,0,0,0,,,,,,,,,,,,,,,00:00:00,,
2026-08-11,2026-08-11,"Cardigam Roma",active,"7 días tras clic, 1 día tras visualización o 1 día tras visualización activa",,,0,0,,15000,Diario,0,"En curso",-,-,-,0,0,,,,,0,0,0,,,,,,,,,,,,,,,00:00:00,,
2026-08-11,2026-08-11,"Catalogo + Video 5",active,"7 días tras clic, 1 día tras visualización o 1 día tras visualización activa",,,0,0,,15000,Diario,0,"En curso",-,-,-,0,0,,,,,0,0,0,,,,,,,,,,,,,,,00:00:00,,
2026-08-11,2026-08-11,"Catalogo + Video 4",active,"7 días tras clic, 1 día tras visualización o 1 día tras visualización activa",,,0,0,,15000,Diario,0,"En curso",-,-,-,0,0,,,,,0,0,0,,,,,,,,,,,,,,,00:00:00,,
2026-08-11,2026-08-11,"Catalogo + Video 3",active,"7 días tras clic, 1 día tras visualización o 1 día tras visualización activa",,,0,0,,15000,Diario,0,"En curso",-,-,-,0,0,,,,,0,0,0,,,,,,,,,,,,,,,00:00:00,,
2026-08-11,2026-08-11,"Catalogo + Video 2",active,"7 días tras clic, 1 día tras visualización o 1 día tras visualización activa",,,0,0,,15000,Diario,0,"En curso",-,-,-,0,0,,,,,0,0,0,,,,,,,,,,,,,,,00:00:00,,
2026-08-11,2026-08-11,"Catalogo + Video 1",active,"7 días tras clic, 1 día tras visualización o 1 día tras visualización activa",,,0,0,,15000,Diario,0,"En curso",-,-,-,0,0,,,,,0,0,0,,,,,,,,,,,,,,,00:00:00,,
2026-08-11,2026-08-11,"wtf arg | 13/02",inactive,"7 días tras clic, 1 día tras visualización o 1 día tras visualización activa",,,0,0,,5000,Diario,0,"En curso",-,-,-,0,0,,,,,0,0,0,,,,,,,,,,,,,,,00:00:00,,
2026-08-11,2026-08-11,"Cardigan  | 07/08",inactive,"7 días tras clic, 1 día tras visualización o 1 día tras visualización activa",,,542,1.081181,,3000,Diario,3382.22,"En curso",-,-,-,586,5771.706485,14,,241.587143,2.389079,16,2.730375,211.38875,14,241.587143,,,,,,,90,15,134,45,25,15,2,,
2026-08-11,2026-08-11,"SW ARG2  | 07/08 ULTIMOS",inactive,"7 días tras clic, 1 día tras visualización o 1 día tras visualización activa",,,469,1.309168,,3000,Diario,3031.41,"En curso",-,-,-,614,4937.149837,5,,606.282,0.814332,7,1.140065,433.058571,5,606.282,,,,,,,2,,,,,,3,,
2026-08-11,2026-08-11,"Reviews | 06/08",not_delivering,"1 día tras clic",,,0,0,,1750,Diario,0,"En curso",-,-,-,0,0,,,,,0,0,0,,,,,,,,,,,,,,,00:00:00,,
2026-08-11,2026-08-11,"ANA TIK TOK | 06/08",not_delivering,"1 día tras clic",50,profile_visit_view,791,1.035398,30.6714,1750,Diario,1533.57,"En curso",-,-,-,819,1872.490842,50,,30.6714,6.105006,49,5.982906,31.297347,13,117.966923,,,,,,,226,58,134,69,41,31,4,,
2026-08-11,2026-08-11,"SW ARG2 | 06/08",inactive,"1 día tras clic",,,0,0,,1750,Diario,0,"En curso",-,-,-,0,0,,,,,0,0,0,,,,,,,,,,,,,,,00:00:00,,
2026-08-11,2026-08-11,"3x2 estatico | 05/08",inactive,"7 días tras clic, 1 día tras visualización o 1 día tras visualización activa",,,0,0,,5000,Diario,0,"En curso",-,-,-,0,0,,,,,0,0,0,,,,,,,,,,,,,,,00:00:00,,
2026-08-11,2026-08-11,"3x2 historia | 05/08",inactive,"7 días tras clic, 1 día tras visualización o 1 día tras visualización activa",,,0,0,,5000,Diario,0,"En curso",-,-,-,0,0,,,,,0,0,0,,,,,,,,,,,,,,,00:00:00,,
2026-08-11,2026-08-11,"3X2 feed | 05/08",inactive,"7 días tras clic, 1 día tras visualización o 1 día tras visualización activa",,,66,1.166667,,5000,Diario,1679.53,"En curso",-,-,-,77,21812.077922,3,,559.843333,3.896104,3,3.896104,559.843333,3,559.843333,,,,,,,3,,3,1,,,2,,
2026-08-11,2026-08-11,"SW ARG2  | 03/08 ULTIMOS",inactive,"7 días tras clic, 1 día tras visualización o 1 día tras visualización activa",,,0,0,,3450,Diario,0,"En curso",-,-,-,0,0,,,,,0,0,0,,,,,,,,,,,,,,,00:00:00,,
2026-08-11,2026-08-11,"SW ARG2  | 03/08",inactive,"7 días tras clic, 1 día tras visualización o 1 día tras visualización activa",,,63,1.063492,,3450,Diario,587.87,"En curso",-,-,-,67,8774.179104,1,,587.87,1.492537,2,2.985075,293.935,1,587.87,,,,,,,13,1,14,6,5,1,2,,
2026-08-11,2026-08-11,"SW ARG2  | 30/07",inactive,"7 días tras clic, 1 día tras visualización o 1 día tras visualización activa",,,0,0,,2500,Diario,0,"En curso",-,-,-,0,0,,,,,0,0,0,,,,,,,,,,,,,,,00:00:00,,
2026-08-11,2026-08-11,"SW ARG02 | 29/07",inactive,"7 días tras clic, 1 día tras visualización o 1 día tras visualización activa",,,0,0,,2500,Diario,0,"En curso",-,-,-,0,0,,,,,0,0,0,,,,,,,,,,,,,,,00:00:00,,
2026-08-11,2026-08-11,"Catalogo | 28/07",inactive,"7 días tras clic, 1 día tras visualización o 1 día tras visualización activa",,,0,0,,2500,Diario,0,"En curso",-,-,-,0,0,,,,,0,0,0,,,,,,,,,,,,,,,00:00:00,,
2026-08-11,2026-08-11,"AD01 Sofia | 27/07",inactive,"7 días tras clic o 1 día tras visualización",,,0,0,,2500,Diario,0,"En curso",-,-,-,0,0,,,,,0,0,0,,,,,,,,,,,,,,,00:00:00,,
2026-08-11,2026-08-11,"3x2 Invierno | 24/07",inactive,"7 días tras clic, 1 día tras visualización o 1 día tras visualización activa",,,0,0,,3000,Diario,0,"En curso",-,-,-,0,0,,,,,0,0,0,,,,,,,,,,,,,,,00:00:00,,
2026-08-11,2026-08-11,"SW ARG02 | 23/07",inactive,"7 días tras clic, 1 día tras visualización o 1 día tras visualización activa",,,0,0,,2500,Diario,0,"En curso",-,-,-,0,0,,,,,0,0,0,,,,,,,,,,,,,,,00:00:00,,
2026-08-11,2026-08-11,"SW ARG02 | 22/07 Carrusel",inactive,"7 días tras clic, 1 día tras visualización o 1 día tras visualización activa",,,0,0,,2875,Diario,0,"En curso",-,-,-,0,0,,,,,0,0,0,,,,,,,,,,,,,,,00:00:00,,
2026-08-11,2026-08-11,"SW ARG02 | 22/07",inactive,"7 días tras clic, 1 día tras visualización o 1 día tras visualización activa",,,0,0,,2875,Diario,0,"En curso",-,-,-,0,0,,,,,0,0,0,,,,,,,,,,,,,,,00:00:00,,
2026-08-11,2026-08-11,"SW ARG | 19/07",inactive,"7 días tras clic, 1 día tras visualización o 1 día tras visualización activa",,,0,0,,2300,Diario,0,"En curso",-,-,-,0,0,,,,,0,0,0,,,,,,,,,,,,,,,00:00:00,,
2026-08-11,2026-08-11,"Sweater AFA  cupón | 10/07",inactive,"7 días tras clic, 1 día tras visualización o 1 día tras visualización activa",,,0,0,,2300,Diario,0,"En curso",-,-,-,0,0,,,,,0,0,0,,,,,,,,,,,,,,,00:00:00,,
2026-08-11,2026-08-11,"Ana tik tok | 06/07",inactive,"7 días tras clic, 1 día tras visualización o 1 día tras visualización activa",,,0,0,,3000,Diario,0,"En curso",-,-,-,0,0,,,,,0,0,0,,,,,,,,,,,,,,,00:00:00,,
2026-08-11,2026-08-11,"SW AFA | 02/07",inactive,"7 días tras clic, 1 día tras visualización o 1 día tras visualización activa",,,0,0,,3849,Diario,0,"En curso",-,-,-,0,0,,,,,0,0,0,,,,,,,,,,,,,,,00:00:00,,
2026-08-11,2026-08-11,"SW AFA | 30/06",inactive,"7 días tras clic, 1 día tras visualización o 1 día tras visualización activa",,,0,0,,2000,Diario,0,"En curso",-,-,-,0,0,,,,,0,0,0,,,,,,,,,,,,,,,00:00:00,,
2026-08-11,2026-08-11,"SW AFA | 30/06",not_delivering,"7 días tras clic, 1 día tras visualización o 1 día tras visualización activa",,,0,0,,2000,Diario,0,"En curso",-,-,-,0,0,,,,,0,0,0,,,,,,,,,,,,,,,00:00:00,,
2026-08-11,2026-08-11,"SW SOL | 27/06",inactive,"7 días tras clic, 1 día tras visualización o 1 día tras visualización activa",,,0,0,,3499,Diario,0,"En curso",-,-,-,0,0,,,,,0,0,0,,,,,,,,,,,,,,,00:00:00,,
2026-08-11,2026-08-11,"SW SOL | 19/06",inactive,"7 días tras clic, 1 día tras visualización o 1 día tras visualización activa",,,0,0,,2645,Diario,0,"En curso",-,-,-,0,0,,,,,0,0,0,,,,,,,,,,,,,,,00:00:00,,
2026-08-11,2026-08-11,"Ana tik tok",inactive,"7 días tras clic, 1 día tras visualización o 1 día tras visualización activa",,,0,0,,7781,Diario,0,"En curso",-,-,-,0,0,,,,,0,0,0,,,,,,,,,,,,,,,00:00:00,,
2026-08-10,2026-08-10,"Orgullosamente argentinas",active,"7 días tras clic, 1 día tras visualización o 1 día tras visualización activa",,,0,0,,15000,Diario,0,"En curso",-,-,-,0,0,,,,,0,0,0,,,,,,,,,,,,,,,00:00:00,,
2026-08-10,2026-08-10,"Cardigam Roma",active,"7 días tras clic, 1 día tras visualización o 1 día tras visualización activa",,,0,0,,15000,Diario,0,"En curso",-,-,-,0,0,,,,,0,0,0,,,,,,,,,,,,,,,00:00:00,,
2026-08-10,2026-08-10,"Catalogo + Video 5",active,"7 días tras clic, 1 día tras visualización o 1 día tras visualización activa",,,0,0,,15000,Diario,0,"En curso",-,-,-,0,0,,,,,0,0,0,,,,,,,,,,,,,,,00:00:00,,
2026-08-10,2026-08-10,"Catalogo + Video 4",active,"7 días tras clic, 1 día tras visualización o 1 día tras visualización activa",,,0,0,,15000,Diario,0,"En curso",-,-,-,0,0,,,,,0,0,0,,,,,,,,,,,,,,,00:00:00,,
2026-08-10,2026-08-10,"Catalogo + Video 3",active,"7 días tras clic, 1 día tras visualización o 1 día tras visualización activa",,,0,0,,15000,Diario,0,"En curso",-,-,-,0,0,,,,,0,0,0,,,,,,,,,,,,,,,00:00:00,,
2026-08-10,2026-08-10,"Catalogo + Video 2",active,"7 días tras clic, 1 día tras visualización o 1 día tras visualización activa",,,0,0,,15000,Diario,0,"En curso",-,-,-,0,0,,,,,0,0,0,,,,,,,,,,,,,,,00:00:00,,
2026-08-10,2026-08-10,"Catalogo + Video 1",active,"7 días tras clic, 1 día tras visualización o 1 día tras visualización activa",,,0,0,,15000,Diario,0,"En curso",-,-,-,0,0,,,,,0,0,0,,,,,,,,,,,,,,,00:00:00,,
2026-08-10,2026-08-10,"wtf arg | 13/02",inactive,"7 días tras clic, 1 día tras visualización o 1 día tras visualización activa",,,0,0,,5000,Diario,0,"En curso",-,-,-,0,0,,,,,0,0,0,,,,,,,,,,,,,,,00:00:00,,
2026-08-10,2026-08-10,"Cardigan  | 07/08",inactive,"7 días tras clic, 1 día tras visualización o 1 día tras visualización activa",,,423,1.049645,,3000,Diario,2226.27,"En curso",-,-,-,444,5014.121622,8,,278.28375,1.801802,8,1.801802,278.28375,11,202.388182,5,1,,,,,70,10,110,37,15,10,2,,
2026-08-10,2026-08-10,"SW ARG2  | 07/08 ULTIMOS",inactive,"7 días tras clic, 1 día tras visualización o 1 día tras visualización activa",,,387,1.232558,,3000,Diario,2356.89,"En curso",-,-,-,477,4941.069182,7,,336.698571,1.467505,9,1.886792,261.876667,6,392.815,,,,,,,1,,,,,,1,,
2026-08-10,2026-08-10,"Reviews | 06/08",not_delivering,"1 día tras clic",,,0,0,,1750,Diario,0,"En curso",-,-,-,0,0,,,,,0,0,0,,,,,,,,,,,,,,,00:00:00,,
2026-08-10,2026-08-10,"ANA TIK TOK | 06/08",not_delivering,"1 día tras clic",61,profile_visit_view,788,1.022843,25.51622951,1750,Diario,1556.49,"En curso","Por encima del promedio",-,-,806,1931.129032,61,,25.51623,7.568238,58,7.19603,26.836034,13,119.73,,,,,,,256,62,156,80,45,34,4,,
2026-08-10,2026-08-10,"SW ARG2 | 06/08",inactive,"1 día tras clic",,,0,0,,1750,Diario,0,"En curso",-,-,-,0,0,,,,,0,0,0,,,,,,,,,,,,,,,00:00:00,,
2026-08-10,2026-08-10,"3x2 estatico | 05/08",inactive,"7 días tras clic, 1 día tras visualización o 1 día tras visualización activa",,,0,0,,5000,Diario,0,"En curso",-,-,-,0,0,,,,,0,0,0,,,,,,,,,,,,,,,00:00:00,,
2026-08-10,2026-08-10,"3x2 historia | 05/08",inactive,"7 días tras clic, 1 día tras visualización o 1 día tras visualización activa",,,48,1.104167,,5000,Diario,409.66,"En curso",-,-,-,53,7729.433962,3,,136.553333,5.660377,4,7.54717,102.415,3,136.553333,,,,,,,,,,,,,00:00:00,,
2026-08-10,2026-08-10,"3X2 feed | 05/08",inactive,"7 días tras clic, 1 día tras visualización o 1 día tras visualización activa",,,290,1.427586,,5000,Diario,4450.46,"En curso",-,-,-,414,10749.903382,5,,890.092,1.207729,5,1.207729,890.092,5,890.092,,,,,,,20,6,14,7,7,6,3,,
2026-08-10,2026-08-10,"SW ARG2  | 03/08 ULTIMOS",inactive,"7 días tras clic, 1 día tras visualización o 1 día tras visualización activa",,,0,0,,3450,Diario,0,"En curso",-,-,-,0,0,,,,,0,0,0,,,,,,,,,,,,,,,00:00:00,,
2026-08-10,2026-08-10,"SW ARG2  | 03/08",inactive,"7 días tras clic, 1 día tras visualización o 1 día tras visualización activa",,,567,1.156966,,3450,Diario,3476.89,"En curso","Por encima del promedio",Promedio,Promedio,656,5300.137195,10,,347.689,1.52439,16,2.439024,217.305625,10,347.689,,,,,,,99,16,130,56,31,16,2,,
2026-08-10,2026-08-10,"SW ARG2  | 30/07",inactive,"7 días tras clic, 1 día tras visualización o 1 día tras visualización activa",,,0,0,,2500,Diario,0,"En curso",-,-,-,0,0,,,,,0,0,0,,,,,,,,,,,,,,,00:00:00,,
2026-08-10,2026-08-10,"SW ARG02 | 29/07",inactive,"7 días tras clic, 1 día tras visualización o 1 día tras visualización activa",,,0,0,,2500,Diario,0,"En curso",-,-,-,0,0,,,,,0,0,0,,,,,,,,,,,,,,,00:00:00,,
2026-08-10,2026-08-10,"Catalogo | 28/07",inactive,"7 días tras clic, 1 día tras visualización o 1 día tras visualización activa",,,0,0,,2500,Diario,0,"En curso",-,-,-,0,0,,,,,0,0,0,,,,,,,,,,,,,,,00:00:00,,
2026-08-10,2026-08-10,"AD01 Sofia | 27/07",inactive,"7 días tras clic o 1 día tras visualización",,,0,0,,2500,Diario,0,"En curso",-,-,-,0,0,,,,,0,0,0,,,,,,,,,,,,,,,00:00:00,,
2026-08-10,2026-08-10,"3x2 Invierno | 24/07",inactive,"7 días tras clic, 1 día tras visualización o 1 día tras visualización activa",,,0,0,,3000,Diario,0,"En curso",-,-,-,0,0,,,,,0,0,0,,,,,,,,,,,,,,,00:00:00,,
2026-08-10,2026-08-10,"SW ARG02 | 23/07",inactive,"7 días tras clic, 1 día tras visualización o 1 día tras visualización activa",,,0,0,,2500,Diario,0,"En curso",-,-,-,0,0,,,,,0,0,0,,,,,,,,,,,,,,,00:00:00,,
2026-08-10,2026-08-10,"SW ARG02 | 22/07 Carrusel",inactive,"7 días tras clic, 1 día tras visualización o 1 día tras visualización activa",,,0,0,,2875,Diario,0,"En curso",-,-,-,0,0,,,,,0,0,0,,,,,,,,,,,,,,,00:00:00,,
2026-08-10,2026-08-10,"SW ARG02 | 22/07",inactive,"7 días tras clic, 1 día tras visualización o 1 día tras visualización activa",,,0,0,,2875,Diario,0,"En curso",-,-,-,0,0,,,,,0,0,0,,,,,,,,,,,,,,,00:00:00,,
2026-08-10,2026-08-10,"SW ARG | 19/07",inactive,"7 días tras clic, 1 día tras visualización o 1 día tras visualización activa",,,0,0,,2300,Diario,0,"En curso",-,-,-,0,0,,,,,0,0,0,,,,,,,,,,,,,,,00:00:00,,
2026-08-10,2026-08-10,"Sweater AFA  cupón | 10/07",inactive,"7 días tras clic, 1 día tras visualización o 1 día tras visualización activa",,,0,0,,2300,Diario,0,"En curso",-,-,-,0,0,,,,,0,0,0,,,,,,,,,,,,,,,00:00:00,,
2026-08-10,2026-08-10,"Ana tik tok | 06/07",inactive,"7 días tras clic, 1 día tras visualización o 1 día tras visualización activa",,,0,0,,3000,Diario,0,"En curso",-,-,-,0,0,,,,,0,0,0,,,,,,,,,,,,,,,00:00:00,,
2026-08-10,2026-08-10,"SW AFA | 02/07",inactive,"7 días tras clic, 1 día tras visualización o 1 día tras visualización activa",,,0,0,,3849,Diario,0,"En curso",-,-,-,0,0,,,,,0,0,0,,,,,,,,,,,,,,,00:00:00,,
2026-08-10,2026-08-10,"SW AFA | 30/06",inactive,"7 días tras clic, 1 día tras visualización o 1 día tras visualización activa",,,0,0,,2000,Diario,0,"En curso",-,-,-,0,0,,,,,0,0,0,,,,,,,,,,,,,,,00:00:00,,
2026-08-10,2026-08-10,"SW AFA | 30/06",not_delivering,"7 días tras clic, 1 día tras visualización o 1 día tras visualización activa",,,0,0,,2000,Diario,0,"En curso",-,-,-,0,0,,,,,0,0,0,,,,,,,,,,,,,,,00:00:00,,
2026-08-10,2026-08-10,"SW SOL | 27/06",inactive,"7 días tras clic, 1 día tras visualización o 1 día tras visualización activa",,,0,0,,3499,Diario,0,"En curso",-,-,-,0,0,,,,,0,0,0,,,,,,,,,,,,,,,00:00:00,,
2026-08-10,2026-08-10,"SW SOL | 19/06",inactive,"7 días tras clic, 1 día tras visualización o 1 día tras visualización activa",,,0,0,,2645,Diario,0,"En curso",-,-,-,0,0,,,,,0,0,0,,,,,,,,,,,,,,,00:00:00,,
2026-08-10,2026-08-10,"Ana tik tok",inactive,"7 días tras clic, 1 día tras visualización o 1 día tras visualización activa",,,0,0,,7781,Diario,0,"En curso",-,-,-,0,0,,,,,0,0,0,,,,,,,,,,,,,,,00:00:00,,
2026-08-09,2026-08-09,"Orgullosamente argentinas",active,"7 días tras clic, 1 día tras visualización o 1 día tras visualización activa",,,0,0,,15000,Diario,0,"En curso",-,-,-,0,0,,,,,0,0,0,,,,,,,,,,,,,,,00:00:00,,
2026-08-09,2026-08-09,"Cardigam Roma",active,"7 días tras clic, 1 día tras visualización o 1 día tras visualización activa",,,0,0,,15000,Diario,0,"En curso",-,-,-,0,0,,,,,0,0,0,,,,,,,,,,,,,,,00:00:00,,
2026-08-09,2026-08-09,"Catalogo + Video 5",active,"7 días tras clic, 1 día tras visualización o 1 día tras visualización activa",,,0,0,,15000,Diario,0,"En curso",-,-,-,0,0,,,,,0,0,0,,,,,,,,,,,,,,,00:00:00,,
2026-08-09,2026-08-09,"Catalogo + Video 4",active,"7 días tras clic, 1 día tras visualización o 1 día tras visualización activa",,,0,0,,15000,Diario,0,"En curso",-,-,-,0,0,,,,,0,0,0,,,,,,,,,,,,,,,00:00:00,,
2026-08-09,2026-08-09,"Catalogo + Video 3",active,"7 días tras clic, 1 día tras visualización o 1 día tras visualización activa",,,0,0,,15000,Diario,0,"En curso",-,-,-,0,0,,,,,0,0,0,,,,,,,,,,,,,,,00:00:00,,
2026-08-09,2026-08-09,"Catalogo + Video 2",active,"7 días tras clic, 1 día tras visualización o 1 día tras visualización activa",,,0,0,,15000,Diario,0,"En curso",-,-,-,0,0,,,,,0,0,0,,,,,,,,,,,,,,,00:00:00,,
2026-08-09,2026-08-09,"Catalogo + Video 1",active,"7 días tras clic, 1 día tras visualización o 1 día tras visualización activa",,,0,0,,15000,Diario,0,"En curso",-,-,-,0,0,,,,,0,0,0,,,,,,,,,,,,,,,00:00:00,,
2026-08-09,2026-08-09,"wtf arg | 13/02",inactive,"7 días tras clic, 1 día tras visualización o 1 día tras visualización activa",,,0,0,,5000,Diario,0,"En curso",-,-,-,0,0,,,,,0,0,0,,,,,,,,,,,,,,,00:00:00,,
2026-08-09,2026-08-09,"Cardigan  | 07/08",inactive,"7 días tras clic, 1 día tras visualización o 1 día tras visualización activa",,,470,1.076596,,3000,Diario,3040.32,"En curso",-,-,-,506,6008.537549,5,,608.064,0.988142,6,1.185771,506.72,5,608.064,,,,,,,80,20,111,41,28,20,2,,
2026-08-09,2026-08-09,"SW ARG2  | 07/08 ULTIMOS",inactive,"7 días tras clic, 1 día tras visualización o 1 día tras visualización activa",1,actions:offsite_conversion.fb_pixel_purchase,459,1.183007,3052.23,3000,Diario,3052.23,"En curso",-,-,-,543,5621.049724,10,,305.223,1.841621,12,2.209945,254.3525,9,339.136667,1,,1,60033.3,19.66866848,action_values:offsite_conversion.fb_pixel_purchase,4,,,,,,4,,
2026-08-09,2026-08-09,"Reviews | 06/08",not_delivering,"1 día tras clic",,,0,0,,1750,Diario,0,"En curso",-,-,-,0,0,,,,,0,0,0,,,,,,,,,,,,,,,00:00:00,,
2026-08-09,2026-08-09,"ANA TIK TOK | 06/08",not_delivering,"1 día tras clic",62,profile_visit_view,850,1.057647,31.76467742,1750,Diario,1969.41,"En curso","Por encima del promedio",-,-,899,2190.667408,61,,32.28541,6.785317,58,6.451613,33.955345,23,85.626522,3,1,,,,,263,55,148,76,40,32,4,,
2026-08-09,2026-08-09,"SW ARG2 | 06/08",inactive,"1 día tras clic",,,0,0,,1750,Diario,0,"En curso",-,-,-,0,0,,,,,0,0,0,,,,,,,,,,,,,,,00:00:00,,
2026-08-09,2026-08-09,"3x2 estatico | 05/08",inactive,"7 días tras clic, 1 día tras visualización o 1 día tras visualización activa",,,0,0,,5000,Diario,0,"En curso",-,-,-,0,0,,,,,0,0,0,2,0,,,,,,,,,,,,,00:00:00,,
2026-08-09,2026-08-09,"3x2 historia | 05/08",inactive,"7 días tras clic, 1 día tras visualización o 1 día tras visualización activa",,,490,1.502041,,5000,Diario,4920.35,"En curso",Promedio,Promedio,"Por debajo del promedio - 35% de los anuncios menos relevantes",736,6685.258152,15,,328.023333,2.038043,24,3.26087,205.014583,15,328.023333,,,,,,,,,,,,,00:00:00,,
2026-08-09,2026-08-09,"3X2 feed | 05/08",inactive,"7 días tras clic, 1 día tras visualización o 1 día tras visualización activa",,,11,1,,5000,Diario,48.43,"En curso",-,-,-,11,4402.727273,,,,,1,9.090909,48.43,,,,,,,,,,,,,,,1,,
2026-08-09,2026-08-09,"SW ARG2  | 03/08 ULTIMOS",inactive,"7 días tras clic, 1 día tras visualización o 1 día tras visualización activa",,,0,0,,3450,Diario,0,"En curso",-,-,-,0,0,,,,,0,0,0,,,,,,,,,,,,,,,00:00:00,,
2026-08-09,2026-08-09,"SW ARG2  | 03/08",inactive,"7 días tras clic, 1 día tras visualización o 1 día tras visualización activa",,,485,1.107216,,3450,Diario,3187.94,"En curso",-,-,-,537,5936.573557,16,,199.24625,2.979516,22,4.096834,144.906364,14,227.71,,,,,,,80,18,102,46,29,19,2,,
2026-08-09,2026-08-09,"SW ARG2  | 30/07",inactive,"7 días tras clic, 1 día tras visualización o 1 día tras visualización activa",,,0,0,,2500,Diario,0,"En curso",-,-,-,0,0,,,,,0,0,0,,,,,,,,,,,,,,,00:00:00,,
2026-08-09,2026-08-09,"SW ARG02 | 29/07",inactive,"7 días tras clic, 1 día tras visualización o 1 día tras visualización activa",,,0,0,,2500,Diario,0,"En curso",-,-,-,0,0,,,,,0,0,0,,,,,,,,,,,,,,,00:00:00,,
2026-08-09,2026-08-09,"Catalogo | 28/07",inactive,"7 días tras clic, 1 día tras visualización o 1 día tras visualización activa",,,0,0,,2500,Diario,0,"En curso",-,-,-,0,0,,,,,0,0,0,,,,,,,,,,,,,,,00:00:00,,
2026-08-09,2026-08-09,"AD01 Sofia | 27/07",inactive,"7 días tras clic o 1 día tras visualización",,,0,0,,2500,Diario,0,"En curso",-,-,-,0,0,,,,,0,0,0,,,,,,,,,,,,,,,00:00:00,,
2026-08-09,2026-08-09,"3x2 Invierno | 24/07",inactive,"7 días tras clic, 1 día tras visualización o 1 día tras visualización activa",,,0,0,,3000,Diario,0,"En curso",-,-,-,0,0,,,,,0,0,0,,,,,,,,,,,,,,,00:00:00,,
2026-08-09,2026-08-09,"SW ARG02 | 23/07",inactive,"7 días tras clic, 1 día tras visualización o 1 día tras visualización activa",,,0,0,,2500,Diario,0,"En curso",-,-,-,0,0,,,,,0,0,0,,,,,,,,,,,,,,,00:00:00,,
2026-08-09,2026-08-09,"SW ARG02 | 22/07 Carrusel",inactive,"7 días tras clic, 1 día tras visualización o 1 día tras visualización activa",,,0,0,,2875,Diario,0,"En curso",-,-,-,0,0,,,,,0,0,0,,,,,,,,,,,,,,,00:00:00,,
2026-08-09,2026-08-09,"SW ARG02 | 22/07",inactive,"7 días tras clic, 1 día tras visualización o 1 día tras visualización activa",,,0,0,,2875,Diario,0,"En curso",-,-,-,0,0,,,,,0,0,0,,,,,,,,,,,,,,,00:00:00,,
2026-08-09,2026-08-09,"SW ARG | 19/07",inactive,"7 días tras clic, 1 día tras visualización o 1 día tras visualización activa",,,0,0,,2300,Diario,0,"En curso",-,-,-,0,0,,,,,0,0,0,,,,,,,,,,,,,,,00:00:00,,
2026-08-09,2026-08-09,"Sweater AFA  cupón | 10/07",inactive,"7 días tras clic, 1 día tras visualización o 1 día tras visualización activa",,,0,0,,2300,Diario,0,"En curso",-,-,-,0,0,,,,,0,0,0,,,,,,,,,,,,,,,00:00:00,,
2026-08-09,2026-08-09,"Ana tik tok | 06/07",inactive,"7 días tras clic, 1 día tras visualización o 1 día tras visualización activa",,,0,0,,3000,Diario,0,"En curso",-,-,-,0,0,,,,,0,0,0,,,,,,,,,,,,,,,00:00:00,,
2026-08-09,2026-08-09,"SW AFA | 02/07",inactive,"7 días tras clic, 1 día tras visualización o 1 día tras visualización activa",,,0,0,,3849,Diario,0,"En curso",-,-,-,0,0,,,,,0,0,0,,,,,,,,,,,,,,,00:00:00,,
2026-08-09,2026-08-09,"SW AFA | 30/06",inactive,"7 días tras clic, 1 día tras visualización o 1 día tras visualización activa",,,0,0,,2000,Diario,0,"En curso",-,-,-,0,0,,,,,0,0,0,,,,,,,,,,,,,,,00:00:00,,
2026-08-09,2026-08-09,"SW AFA | 30/06",not_delivering,"7 días tras clic, 1 día tras visualización o 1 día tras visualización activa",,,0,0,,2000,Diario,0,"En curso",-,-,-,0,0,,,,,0,0,0,,,,,,,,,,,,,,,00:00:00,,
2026-08-09,2026-08-09,"SW SOL | 27/06",inactive,"7 días tras clic, 1 día tras visualización o 1 día tras visualización activa",,,0,0,,3499,Diario,0,"En curso",-,-,-,0,0,,,,,0,0,0,,,,,,,,,,,,,,,00:00:00,,
2026-08-09,2026-08-09,"SW SOL | 19/06",inactive,"7 días tras clic, 1 día tras visualización o 1 día tras visualización activa",,,0,0,,2645,Diario,0,"En curso",-,-,-,0,0,,,,,0,0,0,,,,,,,,,,,,,,,00:00:00,,
2026-08-09,2026-08-09,"Ana tik tok",inactive,"7 días tras clic, 1 día tras visualización o 1 día tras visualización activa",,,0,0,,7781,Diario,0,"En curso",-,-,-,0,0,,,,,0,0,0,,,,,,,,,,,,,,,00:00:00,,
2026-08-08,2026-08-08,"Orgullosamente argentinas",active,"7 días tras clic, 1 día tras visualización o 1 día tras visualización activa",,,0,0,,15000,Diario,0,"En curso",-,-,-,0,0,,,,,0,0,0,,,,,,,,,,,,,,,00:00:00,,
2026-08-08,2026-08-08,"Cardigam Roma",active,"7 días tras clic, 1 día tras visualización o 1 día tras visualización activa",,,0,0,,15000,Diario,0,"En curso",-,-,-,0,0,,,,,0,0,0,,,,,,,,,,,,,,,00:00:00,,
2026-08-08,2026-08-08,"Catalogo + Video 5",active,"7 días tras clic, 1 día tras visualización o 1 día tras visualización activa",,,0,0,,15000,Diario,0,"En curso",-,-,-,0,0,,,,,0,0,0,,,,,,,,,,,,,,,00:00:00,,
2026-08-08,2026-08-08,"Catalogo + Video 4",active,"7 días tras clic, 1 día tras visualización o 1 día tras visualización activa",,,0,0,,15000,Diario,0,"En curso",-,-,-,0,0,,,,,0,0,0,,,,,,,,,,,,,,,00:00:00,,
2026-08-08,2026-08-08,"Catalogo + Video 3",active,"7 días tras clic, 1 día tras visualización o 1 día tras visualización activa",,,0,0,,15000,Diario,0,"En curso",-,-,-,0,0,,,,,0,0,0,,,,,,,,,,,,,,,00:00:00,,
2026-08-08,2026-08-08,"Catalogo + Video 2",active,"7 días tras clic, 1 día tras visualización o 1 día tras visualización activa",,,0,0,,15000,Diario,0,"En curso",-,-,-,0,0,,,,,0,0,0,,,,,,,,,,,,,,,00:00:00,,
2026-08-08,2026-08-08,"Catalogo + Video 1",active,"7 días tras clic, 1 día tras visualización o 1 día tras visualización activa",,,0,0,,15000,Diario,0,"En curso",-,-,-,0,0,,,,,0,0,0,,,,,,,,,,,,,,,00:00:00,,
2026-08-08,2026-08-08,"wtf arg | 13/02",inactive,"7 días tras clic, 1 día tras visualización o 1 día tras visualización activa",,,0,0,,5000,Diario,0,"En curso",-,-,-,0,0,,,,,0,0,0,,,,,,,,,,,,,,,00:00:00,,
2026-08-08,2026-08-08,"Cardigan  | 07/08",inactive,"7 días tras clic, 1 día tras visualización o 1 día tras visualización activa",,,392,1.058673,,3000,Diario,1914.5,"En curso",-,-,-,415,4613.253012,9,,212.722222,2.168675,12,2.891566,159.541667,7,273.5,,,,,,,70,17,102,48,26,17,2,,
2026-08-08,2026-08-08,"SW ARG2  | 07/08 ULTIMOS",inactive,"7 días tras clic, 1 día tras visualización o 1 día tras visualización activa",,,335,1.167164,,3000,Diario,1896.7,"En curso",-,-,-,391,4850.895141,3,,632.233333,0.767263,3,0.767263,632.233333,2,948.35,,,,,,,,,,,,,1,,
2026-08-08,2026-08-08,"Reviews | 06/08",not_delivering,"1 día tras clic",,,0,0,,1750,Diario,0,"En curso",-,-,-,0,0,,,,,0,0,0,,,,,,,,,,,,,,,00:00:00,,
2026-08-08,2026-08-08,"ANA TIK TOK | 06/08",not_delivering,"1 día tras clic",27,profile_visit_view,346,1.023121,35.00222222,1750,Diario,945.06,"En curso",-,-,-,354,2669.661017,29,,32.588276,8.19209,27,7.627119,35.002222,11,85.914545,3,,,,,,105,25,61,30,20,14,4,,
2026-08-08,2026-08-08,"SW ARG2 | 06/08",inactive,"1 día tras clic",,,0,0,,1750,Diario,0,"En curso",-,-,-,0,0,,,,,0,0,0,,,,,,,,,,,,,,,00:00:00,,
2026-08-08,2026-08-08,"3x2 estatico | 05/08",inactive,"7 días tras clic, 1 día tras visualización o 1 día tras visualización activa",,,672,1.041667,,5000,Diario,4524.4,"En curso",-,-,-,700,6463.428571,12,,377.033333,1.714286,15,2.142857,301.626667,13,348.030769,3,,,,,,,,,,,,1,,
2026-08-08,2026-08-08,"3x2 historia | 05/08",inactive,"7 días tras clic, 1 día tras visualización o 1 día tras visualización activa",,,143,1.097902,,5000,Diario,1429.03,"En curso",-,-,-,157,9102.101911,5,,285.806,3.184713,5,3.184713,285.806,4,357.2575,,,,,,,,,,,,,00:00:00,,
2026-08-08,2026-08-08,"3X2 feed | 05/08",inactive,"7 días tras clic, 1 día tras visualización o 1 día tras visualización activa",,,12,1,,5000,Diario,176.81,"En curso",-,-,-,12,14734.166667,,,,,0,0,0,,,,,,,,,1,,,,,,3,,
2026-08-08,2026-08-08,"SW ARG2  | 03/08 ULTIMOS",inactive,"7 días tras clic, 1 día tras visualización o 1 día tras visualización activa",,,252,1.178571,,3450,Diario,1595.82,"En curso",-,-,-,297,5373.131313,10,,159.582,3.367003,16,5.387205,99.73875,9,177.313333,,,,,,,1,,,,,,2,,
2026-08-08,2026-08-08,"SW ARG2  | 03/08",inactive,"7 días tras clic, 1 día tras visualización o 1 día tras visualización activa",,,4,1,,3450,Diario,61.88,"En curso",-,-,-,4,15470,,,,,0,0,0,,,,,,,,,1,,1,,,,1,,
2026-08-08,2026-08-08,"SW ARG2  | 30/07",inactive,"7 días tras clic, 1 día tras visualización o 1 día tras visualización activa",,,0,0,,2500,Diario,0,"En curso",-,-,-,0,0,,,,,0,0,0,,,,,,,,,,,,,,,00:00:00,,
2026-08-08,2026-08-08,"SW ARG02 | 29/07",inactive,"7 días tras clic, 1 día tras visualización o 1 día tras visualización activa",,,0,0,,2500,Diario,0,"En curso",-,-,-,0,0,,,,,0,0,0,,,,,,,,,,,,,,,00:00:00,,
2026-08-08,2026-08-08,"Catalogo | 28/07",inactive,"7 días tras clic, 1 día tras visualización o 1 día tras visualización activa",,,0,0,,2500,Diario,0,"En curso",-,-,-,0,0,,,,,0,0,0,,,,,,,,,,,,,,,00:00:00,,
2026-08-08,2026-08-08,"AD01 Sofia | 27/07",inactive,"7 días tras clic o 1 día tras visualización",,,0,0,,2500,Diario,0,"En curso",-,-,-,0,0,,,,,0,0,0,,,,,,,,,,,,,,,00:00:00,,
2026-08-08,2026-08-08,"3x2 Invierno | 24/07",inactive,"7 días tras clic, 1 día tras visualización o 1 día tras visualización activa",,,0,0,,3000,Diario,0,"En curso",-,-,-,0,0,,,,,0,0,0,,,,,,,,,,,,,,,00:00:00,,
2026-08-08,2026-08-08,"SW ARG02 | 23/07",inactive,"7 días tras clic, 1 día tras visualización o 1 día tras visualización activa",,,0,0,,2500,Diario,0,"En curso",-,-,-,0,0,,,,,0,0,0,,,,,,,,,,,,,,,00:00:00,,
2026-08-08,2026-08-08,"SW ARG02 | 22/07 Carrusel",inactive,"7 días tras clic, 1 día tras visualización o 1 día tras visualización activa",,,0,0,,2875,Diario,0,"En curso",-,-,-,0,0,,,,,0,0,0,,,,,,,,,,,,,,,00:00:00,,
2026-08-08,2026-08-08,"SW ARG02 | 22/07",inactive,"7 días tras clic, 1 día tras visualización o 1 día tras visualización activa",,,0,0,,2875,Diario,0,"En curso",-,-,-,0,0,,,,,0,0,0,,,,,,,,,,,,,,,00:00:00,,
2026-08-08,2026-08-08,"SW ARG | 19/07",inactive,"7 días tras clic, 1 día tras visualización o 1 día tras visualización activa",,,0,0,,2300,Diario,0,"En curso",-,-,-,0,0,,,,,0,0,0,,,,,,,,,,,,,,,00:00:00,,
2026-08-08,2026-08-08,"Sweater AFA  cupón | 10/07",inactive,"7 días tras clic, 1 día tras visualización o 1 día tras visualización activa",,,0,0,,2300,Diario,0,"En curso",-,-,-,0,0,,,,,0,0,0,,,,,,,,,,,,,,,00:00:00,,
2026-08-08,2026-08-08,"Ana tik tok | 06/07",inactive,"7 días tras clic, 1 día tras visualización o 1 día tras visualización activa",,,0,0,,3000,Diario,0,"En curso",-,-,-,0,0,,,,,0,0,0,,,,,,,,,,,,,,,00:00:00,,
2026-08-08,2026-08-08,"SW AFA | 02/07",inactive,"7 días tras clic, 1 día tras visualización o 1 día tras visualización activa",,,0,0,,3849,Diario,0,"En curso",-,-,-,0,0,,,,,0,0,0,,,,,,,,,,,,,,,00:00:00,,
2026-08-08,2026-08-08,"SW AFA | 30/06",inactive,"7 días tras clic, 1 día tras visualización o 1 día tras visualización activa",,,0,0,,2000,Diario,0,"En curso",-,-,-,0,0,,,,,0,0,0,,,,,,,,,,,,,,,00:00:00,,
2026-08-08,2026-08-08,"SW AFA | 30/06",not_delivering,"7 días tras clic, 1 día tras visualización o 1 día tras visualización activa",,,0,0,,2000,Diario,0,"En curso",-,-,-,0,0,,,,,0,0,0,,,,,,,,,,,,,,,00:00:00,,
2026-08-08,2026-08-08,"SW SOL | 27/06",inactive,"7 días tras clic, 1 día tras visualización o 1 día tras visualización activa",,,0,0,,3499,Diario,0,"En curso",-,-,-,0,0,,,,,0,0,0,,,,,,,,,,,,,,,00:00:00,,
2026-08-08,2026-08-08,"SW SOL | 19/06",inactive,"7 días tras clic, 1 día tras visualización o 1 día tras visualización activa",,,0,0,,2645,Diario,0,"En curso",-,-,-,0,0,,,,,0,0,0,,,,,,,,,,,,,,,00:00:00,,
2026-08-08,2026-08-08,"Ana tik tok",inactive,"7 días tras clic, 1 día tras visualización o 1 día tras visualización activa",,,0,0,,7781,Diario,0,"En curso",-,-,-,0,0,,,,,0,0,0,,,,,,,,,,,,,,,00:00:00,,
2026-08-07,2026-08-07,"Orgullosamente argentinas",active,"7 días tras clic, 1 día tras visualización o 1 día tras visualización activa",,,0,0,,15000,Diario,0,"En curso",-,-,-,0,0,,,,,0,0,0,,,,,,,,,,,,,,,00:00:00,,
2026-08-07,2026-08-07,"Cardigam Roma",active,"7 días tras clic, 1 día tras visualización o 1 día tras visualización activa",,,0,0,,15000,Diario,0,"En curso",-,-,-,0,0,,,,,0,0,0,,,,,,,,,,,,,,,00:00:00,,
2026-08-07,2026-08-07,"Catalogo + Video 5",active,"7 días tras clic, 1 día tras visualización o 1 día tras visualización activa",,,0,0,,15000,Diario,0,"En curso",-,-,-,0,0,,,,,0,0,0,,,,,,,,,,,,,,,00:00:00,,
2026-08-07,2026-08-07,"Catalogo + Video 4",active,"7 días tras clic, 1 día tras visualización o 1 día tras visualización activa",,,0,0,,15000,Diario,0,"En curso",-,-,-,0,0,,,,,0,0,0,,,,,,,,,,,,,,,00:00:00,,
2026-08-07,2026-08-07,"Catalogo + Video 3",active,"7 días tras clic, 1 día tras visualización o 1 día tras visualización activa",,,0,0,,15000,Diario,0,"En curso",-,-,-,0,0,,,,,0,0,0,,,,,,,,,,,,,,,00:00:00,,
2026-08-07,2026-08-07,"Catalogo + Video 2",active,"7 días tras clic, 1 día tras visualización o 1 día tras visualización activa",,,0,0,,15000,Diario,0,"En curso",-,-,-,0,0,,,,,0,0,0,,,,,,,,,,,,,,,00:00:00,,
2026-08-07,2026-08-07,"Catalogo + Video 1",active,"7 días tras clic, 1 día tras visualización o 1 día tras visualización activa",,,0,0,,15000,Diario,0,"En curso",-,-,-,0,0,,,,,0,0,0,,,,,,,,,,,,,,,00:00:00,,
2026-08-07,2026-08-07,"wtf arg | 13/02",inactive,"7 días tras clic, 1 día tras visualización o 1 día tras visualización activa",,,0,0,,5000,Diario,0,"En curso",-,-,-,0,0,,,,,0,0,0,,,,,,,,,,,,,,,00:00:00,,
2026-08-07,2026-08-07,"Cardigan  | 07/08",inactive,"7 días tras clic, 1 día tras visualización o 1 día tras visualización activa",,,389,1.053985,,3000,Diario,2455.26,"En curso",-,-,-,410,5988.439024,14,,175.375714,3.414634,20,4.878049,122.763,14,175.375714,2,1,,,,,67,16,94,36,22,17,2,,
2026-08-07,2026-08-07,"SW ARG2  | 07/08 ULTIMOS",inactive,"7 días tras clic, 1 día tras visualización o 1 día tras visualización activa",,,353,1.280453,,3000,Diario,3086.22,"En curso",-,-,-,452,6827.920354,6,,514.37,1.327434,5,1.106195,617.244,5,617.244,,,,,,,2,1,,,,,10,,
2026-08-07,2026-08-07,"Reviews | 06/08",not_delivering,"1 día tras clic",2,profile_visit_view,65,1.030769,51.66,1750,Diario,103.32,"En curso",-,-,-,67,1542.089552,2,,51.66,2.985075,2,2.985075,51.66,1,103.32,,,,,,,5,,3,,,,1,,
2026-08-07,2026-08-07,"ANA TIK TOK | 06/08",not_delivering,"1 día tras clic",25,profile_visit_view,481,1.093555,62.8336,1750,Diario,1570.84,"En curso",-,-,-,526,2986.387833,25,,62.8336,4.752852,23,4.372624,68.297391,10,157.084,,,,,,,143,35,89,41,26,23,4,,
2026-08-07,2026-08-07,"SW ARG2 | 06/08",inactive,"1 día tras clic",,,2,1,,1750,Diario,0.74,"En curso",-,-,-,2,370,,,,,0,0,0,,,,,,,,,1,1,1,1,1,1,8,,
2026-08-07,2026-08-07,"3x2 estatico | 05/08",inactive,"7 días tras clic, 1 día tras visualización o 1 día tras visualización activa",,,538,1.094796,,5000,Diario,3553.58,"En curso","Por encima del promedio",-,-,589,6033.242784,12,,296.131667,2.037351,14,2.37691,253.827143,14,253.827143,2,,,,,,3,,,,,,2,,
2026-08-07,2026-08-07,"3x2 historia | 05/08",inactive,"7 días tras clic, 1 día tras visualización o 1 día tras visualización activa",,,75,1.173333,,5000,Diario,691.02,"En curso",-,-,-,88,7852.5,4,,172.755,4.545455,4,4.545455,172.755,4,172.755,,,,,,,,,,,,,00:00:00,,
2026-08-07,2026-08-07,"3X2 feed | 05/08",inactive,"7 días tras clic, 1 día tras visualización o 1 día tras visualización activa",,,6,1.166667,,5000,Diario,43.4,"En curso",-,-,-,7,6200,,,,,1,14.285714,43.4,,,,,,,,,,,,,,,1,,
2026-08-07,2026-08-07,"SW ARG2  | 03/08 ULTIMOS",inactive,"7 días tras clic, 1 día tras visualización o 1 día tras visualización activa",,,547,1.126143,,3450,Diario,3231.11,"En curso","Por encima del promedio",-,-,616,5245.308442,18,,179.506111,2.922078,24,3.896104,134.629583,17,190.065294,2,,,,,,,,,,,,1,,
2026-08-07,2026-08-07,"SW ARG2  | 03/08",inactive,"7 días tras clic, 1 día tras visualización o 1 día tras visualización activa",,,0,0,,3450,Diario,0,"En curso",-,-,-,0,0,,,,,0,0,0,,,,,,,,,,,,,,,00:00:00,,
2026-08-07,2026-08-07,"SW ARG2  | 30/07",inactive,"7 días tras clic, 1 día tras visualización o 1 día tras visualización activa",,,0,0,,2500,Diario,0,"En curso",-,-,-,0,0,,,,,0,0,0,,,,,,,,,,,,,,,00:00:00,,
2026-08-07,2026-08-07,"SW ARG02 | 29/07",inactive,"7 días tras clic, 1 día tras visualización o 1 día tras visualización activa",,,0,0,,2500,Diario,0,"En curso",-,-,-,0,0,,,,,0,0,0,,,,,,,,,,,,,,,00:00:00,,
2026-08-07,2026-08-07,"Catalogo | 28/07",inactive,"7 días tras clic, 1 día tras visualización o 1 día tras visualización activa",,,0,0,,2500,Diario,0,"En curso",-,-,-,0,0,,,,,0,0,0,,,,,,,,,,,,,,,00:00:00,,
2026-08-07,2026-08-07,"AD01 Sofia | 27/07",inactive,"7 días tras clic o 1 día tras visualización",,,0,0,,2500,Diario,0,"En curso",-,-,-,0,0,,,,,0,0,0,,,,,,,,,,,,,,,00:00:00,,
2026-08-07,2026-08-07,"3x2 Invierno | 24/07",inactive,"7 días tras clic, 1 día tras visualización o 1 día tras visualización activa",,,0,0,,3000,Diario,0,"En curso",-,-,-,0,0,,,,,0,0,0,,,,,,,,,,,,,,,00:00:00,,
2026-08-07,2026-08-07,"SW ARG02 | 23/07",inactive,"7 días tras clic, 1 día tras visualización o 1 día tras visualización activa",,,0,0,,2500,Diario,0,"En curso",-,-,-,0,0,,,,,0,0,0,,,,,,,,,,,,,,,00:00:00,,
2026-08-07,2026-08-07,"SW ARG02 | 22/07 Carrusel",inactive,"7 días tras clic, 1 día tras visualización o 1 día tras visualización activa",,,0,0,,2875,Diario,0,"En curso",-,-,-,0,0,,,,,0,0,0,,,,,,,,,,,,,,,00:00:00,,
2026-08-07,2026-08-07,"SW ARG02 | 22/07",inactive,"7 días tras clic, 1 día tras visualización o 1 día tras visualización activa",,,0,0,,2875,Diario,0,"En curso",-,-,-,0,0,,,,,0,0,0,,,,,,,,,,,,,,,00:00:00,,
2026-08-07,2026-08-07,"SW ARG | 19/07",inactive,"7 días tras clic, 1 día tras visualización o 1 día tras visualización activa",,,0,0,,2300,Diario,0,"En curso",-,-,-,0,0,,,,,0,0,0,,,,,,,,,,,,,,,00:00:00,,
2026-08-07,2026-08-07,"Sweater AFA  cupón | 10/07",inactive,"7 días tras clic, 1 día tras visualización o 1 día tras visualización activa",,,0,0,,2300,Diario,0,"En curso",-,-,-,0,0,,,,,0,0,0,,,,,,,,,,,,,,,00:00:00,,
2026-08-07,2026-08-07,"Ana tik tok | 06/07",inactive,"7 días tras clic, 1 día tras visualización o 1 día tras visualización activa",,,0,0,,3000,Diario,0,"En curso",-,-,-,0,0,,,,,0,0,0,,,,,,,,,,,,,,,00:00:00,,
2026-08-07,2026-08-07,"SW AFA | 02/07",inactive,"7 días tras clic, 1 día tras visualización o 1 día tras visualización activa",,,0,0,,3849,Diario,0,"En curso",-,-,-,0,0,,,,,0,0,0,,,,,,,,,,,,,,,00:00:00,,
2026-08-07,2026-08-07,"SW AFA | 30/06",inactive,"7 días tras clic, 1 día tras visualización o 1 día tras visualización activa",,,0,0,,2000,Diario,0,"En curso",-,-,-,0,0,,,,,0,0,0,,,,,,,,,,,,,,,00:00:00,,
2026-08-07,2026-08-07,"SW AFA | 30/06",not_delivering,"7 días tras clic, 1 día tras visualización o 1 día tras visualización activa",,,0,0,,2000,Diario,0,"En curso",-,-,-,0,0,,,,,0,0,0,,,,,,,,,,,,,,,00:00:00,,
2026-08-07,2026-08-07,"SW SOL | 27/06",inactive,"7 días tras clic, 1 día tras visualización o 1 día tras visualización activa",,,0,0,,3499,Diario,0,"En curso",-,-,-,0,0,,,,,0,0,0,,,,,,,,,,,,,,,00:00:00,,
2026-08-07,2026-08-07,"SW SOL | 19/06",inactive,"7 días tras clic, 1 día tras visualización o 1 día tras visualización activa",,,0,0,,2645,Diario,0,"En curso",-,-,-,0,0,,,,,0,0,0,,,,,,,,,,,,,,,00:00:00,,
2026-08-07,2026-08-07,"Ana tik tok",inactive,"7 días tras clic, 1 día tras visualización o 1 día tras visualización activa",,,0,0,,7781,Diario,0,"En curso",-,-,-,0,0,,,,,0,0,0,,,,,,,,,,,,,,,00:00:00,,
2026-08-06,2026-08-06,"Orgullosamente argentinas",active,"7 días tras clic, 1 día tras visualización o 1 día tras visualización activa",,,0,0,,15000,Diario,0,"En curso",-,-,-,0,0,,,,,0,0,0,,,,,,,,,,,,,,,00:00:00,,
2026-08-06,2026-08-06,"Cardigam Roma",active,"7 días tras clic, 1 día tras visualización o 1 día tras visualización activa",,,0,0,,15000,Diario,0,"En curso",-,-,-,0,0,,,,,0,0,0,,,,,,,,,,,,,,,00:00:00,,
2026-08-06,2026-08-06,"Catalogo + Video 5",active,"7 días tras clic, 1 día tras visualización o 1 día tras visualización activa",,,0,0,,15000,Diario,0,"En curso",-,-,-,0,0,,,,,0,0,0,,,,,,,,,,,,,,,00:00:00,,
2026-08-06,2026-08-06,"Catalogo + Video 4",active,"7 días tras clic, 1 día tras visualización o 1 día tras visualización activa",,,0,0,,15000,Diario,0,"En curso",-,-,-,0,0,,,,,0,0,0,,,,,,,,,,,,,,,00:00:00,,
2026-08-06,2026-08-06,"Catalogo + Video 3",active,"7 días tras clic, 1 día tras visualización o 1 día tras visualización activa",,,0,0,,15000,Diario,0,"En curso",-,-,-,0,0,,,,,0,0,0,,,,,,,,,,,,,,,00:00:00,,
2026-08-06,2026-08-06,"Catalogo + Video 2",active,"7 días tras clic, 1 día tras visualización o 1 día tras visualización activa",,,0,0,,15000,Diario,0,"En curso",-,-,-,0,0,,,,,0,0,0,,,,,,,,,,,,,,,00:00:00,,
2026-08-06,2026-08-06,"Catalogo + Video 1",active,"7 días tras clic, 1 día tras visualización o 1 día tras visualización activa",,,0,0,,15000,Diario,0,"En curso",-,-,-,0,0,,,,,0,0,0,,,,,,,,,,,,,,,00:00:00,,
2026-08-06,2026-08-06,"wtf arg | 13/02",inactive,"7 días tras clic, 1 día tras visualización o 1 día tras visualización activa",,,0,0,,5000,Diario,0,"En curso",-,-,-,0,0,,,,,0,0,0,,,,,,,,,,,,,,,00:00:00,,
2026-08-06,2026-08-06,"Cardigan  | 07/08",inactive,"7 días tras clic, 1 día tras visualización o 1 día tras visualización activa",,,0,0,,3000,Diario,0,"En curso",-,-,-,0,0,,,,,0,0,0,,,,,,,,,,,,,,,00:00:00,,
2026-08-06,2026-08-06,"SW ARG2  | 07/08 ULTIMOS",inactive,"7 días tras clic, 1 día tras visualización o 1 día tras visualización activa",,,0,0,,3000,Diario,0,"En curso",-,-,-,0,0,,,,,0,0,0,,,,,,,,,,,,,,,00:00:00,,
2026-08-06,2026-08-06,"Reviews | 06/08",not_delivering,"1 día tras clic",,,10,1,,1750,Diario,10.25,"En curso",-,-,-,10,1025,,,,,0,0,0,,,,,,,,,1,,1,,,,2,,
2026-08-06,2026-08-06,"ANA TIK TOK | 06/08",not_delivering,"1 día tras clic",13,profile_visit_view,244,1.020492,58.22923077,1750,Diario,756.98,"En curso",-,-,-,249,3040.080321,15,,50.465333,6.024096,14,5.62249,54.07,5,151.396,,,,,,,55,11,36,15,9,8,3,,
2026-08-06,2026-08-06,"SW ARG2 | 06/08",inactive,"1 día tras clic",,,5,1,,1750,Diario,4.03,"En curso",-,-,-,5,806,,,,,0,0,0,,,,,,,,,,,,,,,1,,
2026-08-06,2026-08-06,"3x2 estatico | 05/08",inactive,"7 días tras clic, 1 día tras visualización o 1 día tras visualización activa",,,581,1.086059,,5000,Diario,2966.4,"En curso","Por encima del promedio",-,-,631,4701.10935,12,,247.2,1.901743,18,2.852615,164.8,10,296.64,,,,,,,5,1,,,,,8,,
2026-08-06,2026-08-06,"3x2 historia | 05/08",inactive,"7 días tras clic, 1 día tras visualización o 1 día tras visualización activa",,,35,1.742857,,5000,Diario,345.03,"En curso",-,-,-,61,5656.229508,2,,172.515,3.278689,2,3.278689,172.515,2,172.515,,,,,,,,,,,,,00:00:00,,
2026-08-06,2026-08-06,"3X2 feed | 05/08",inactive,"7 días tras clic, 1 día tras visualización o 1 día tras visualización activa",,,34,1.382353,,5000,Diario,414.17,"En curso",-,-,-,47,8812.12766,2,,207.085,4.255319,3,6.382979,138.056667,2,207.085,,,,,,,4,,3,2,1,,4,,
2026-08-06,2026-08-06,"SW ARG2  | 03/08 ULTIMOS",inactive,"7 días tras clic, 1 día tras visualización o 1 día tras visualización activa",,,627,1.108453,,3450,Diario,4151.09,"En curso","Por encima del promedio",-,-,695,5972.791367,18,,230.616111,2.589928,26,3.741007,159.657308,17,244.181765,1,1,,,,,3,,,,,,3,,
2026-08-06,2026-08-06,"SW ARG2  | 03/08",inactive,"7 días tras clic, 1 día tras visualización o 1 día tras visualización activa",,,0,0,,3450,Diario,0,"En curso",-,-,-,0,0,,,,,0,0,0,,,,,,,,,,,,,,,00:00:00,,
2026-08-06,2026-08-06,"SW ARG2  | 30/07",inactive,"7 días tras clic, 1 día tras visualización o 1 día tras visualización activa",,,0,0,,2500,Diario,0,"En curso",-,-,-,0,0,,,,,0,0,0,,,,,,,,,,,,,,,00:00:00,,
2026-08-06,2026-08-06,"SW ARG02 | 29/07",inactive,"7 días tras clic, 1 día tras visualización o 1 día tras visualización activa",,,0,0,,2500,Diario,0,"En curso",-,-,-,0,0,,,,,0,0,0,,,,,,,,,,,,,,,00:00:00,,
2026-08-06,2026-08-06,"Catalogo | 28/07",inactive,"7 días tras clic, 1 día tras visualización o 1 día tras visualización activa",,,0,0,,2500,Diario,0,"En curso",-,-,-,0,0,,,,,0,0,0,,,,,,,,,,,,,,,00:00:00,,
2026-08-06,2026-08-06,"AD01 Sofia | 27/07",inactive,"7 días tras clic o 1 día tras visualización",,,0,0,,2500,Diario,0,"En curso",-,-,-,0,0,,,,,0,0,0,,,,,,,,,,,,,,,00:00:00,,
2026-08-06,2026-08-06,"3x2 Invierno | 24/07",inactive,"7 días tras clic, 1 día tras visualización o 1 día tras visualización activa",,,0,0,,3000,Diario,0,"En curso",-,-,-,0,0,,,,,0,0,0,,,,,,,,,,,,,,,00:00:00,,
2026-08-06,2026-08-06,"SW ARG02 | 23/07",inactive,"7 días tras clic, 1 día tras visualización o 1 día tras visualización activa",,,0,0,,2500,Diario,0,"En curso",-,-,-,0,0,,,,,0,0,0,,,,,,,,,,,,,,,00:00:00,,
2026-08-06,2026-08-06,"SW ARG02 | 22/07 Carrusel",inactive,"7 días tras clic, 1 día tras visualización o 1 día tras visualización activa",,,0,0,,2875,Diario,0,"En curso",-,-,-,0,0,,,,,0,0,0,,,,,,,,,,,,,,,00:00:00,,
2026-08-06,2026-08-06,"SW ARG02 | 22/07",inactive,"7 días tras clic, 1 día tras visualización o 1 día tras visualización activa",,,0,0,,2875,Diario,0,"En curso",-,-,-,0,0,,,,,0,0,0,,,,,,,,,,,,,,,00:00:00,,
2026-08-06,2026-08-06,"SW ARG | 19/07",inactive,"7 días tras clic, 1 día tras visualización o 1 día tras visualización activa",,,0,0,,2300,Diario,0,"En curso",-,-,-,0,0,,,,,0,0,0,,,,,,,,,,,,,,,00:00:00,,
2026-08-06,2026-08-06,"Sweater AFA  cupón | 10/07",inactive,"7 días tras clic, 1 día tras visualización o 1 día tras visualización activa",,,0,0,,2300,Diario,0,"En curso",-,-,-,0,0,,,,,0,0,0,,,,,,,,,,,,,,,00:00:00,,
2026-08-06,2026-08-06,"Ana tik tok | 06/07",inactive,"7 días tras clic, 1 día tras visualización o 1 día tras visualización activa",,,0,0,,3000,Diario,0,"En curso",-,-,-,0,0,,,,,0,0,0,,,,,,,,,,,,,,,00:00:00,,
2026-08-06,2026-08-06,"SW AFA | 02/07",inactive,"7 días tras clic, 1 día tras visualización o 1 día tras visualización activa",,,0,0,,3849,Diario,0,"En curso",-,-,-,0,0,,,,,0,0,0,,,,,,,,,,,,,,,00:00:00,,
2026-08-06,2026-08-06,"SW AFA | 30/06",inactive,"7 días tras clic, 1 día tras visualización o 1 día tras visualización activa",,,0,0,,2000,Diario,0,"En curso",-,-,-,0,0,,,,,0,0,0,,,,,,,,,,,,,,,00:00:00,,
2026-08-06,2026-08-06,"SW AFA | 30/06",not_delivering,"7 días tras clic, 1 día tras visualización o 1 día tras visualización activa",,,0,0,,2000,Diario,0,"En curso",-,-,-,0,0,,,,,0,0,0,,,,,,,,,,,,,,,00:00:00,,
2026-08-06,2026-08-06,"SW SOL | 27/06",inactive,"7 días tras clic, 1 día tras visualización o 1 día tras visualización activa",,,0,0,,3499,Diario,0,"En curso",-,-,-,0,0,,,,,0,0,0,,,,,,,,,,,,,,,00:00:00,,
2026-08-06,2026-08-06,"SW SOL | 19/06",inactive,"7 días tras clic, 1 día tras visualización o 1 día tras visualización activa",,,0,0,,2645,Diario,0,"En curso",-,-,-,0,0,,,,,0,0,0,,,,,,,,,,,,,,,00:00:00,,
2026-08-06,2026-08-06,"Ana tik tok",inactive,"7 días tras clic, 1 día tras visualización o 1 día tras visualización activa",,,0,0,,7781,Diario,0,"En curso",-,-,-,0,0,,,,,0,0,0,,,,,,,,,,,,,,,00:00:00,,
2026-08-05,2026-08-05,"Orgullosamente argentinas",active,"7 días tras clic, 1 día tras visualización o 1 día tras visualización activa",,,0,0,,15000,Diario,0,"En curso",-,-,-,0,0,,,,,0,0,0,,,,,,,,,,,,,,,00:00:00,,
2026-08-05,2026-08-05,"Cardigam Roma",active,"7 días tras clic, 1 día tras visualización o 1 día tras visualización activa",,,0,0,,15000,Diario,0,"En curso",-,-,-,0,0,,,,,0,0,0,,,,,,,,,,,,,,,00:00:00,,
2026-08-05,2026-08-05,"Catalogo + Video 5",active,"7 días tras clic, 1 día tras visualización o 1 día tras visualización activa",,,0,0,,15000,Diario,0,"En curso",-,-,-,0,0,,,,,0,0,0,,,,,,,,,,,,,,,00:00:00,,
2026-08-05,2026-08-05,"Catalogo + Video 4",active,"7 días tras clic, 1 día tras visualización o 1 día tras visualización activa",,,0,0,,15000,Diario,0,"En curso",-,-,-,0,0,,,,,0,0,0,,,,,,,,,,,,,,,00:00:00,,
2026-08-05,2026-08-05,"Catalogo + Video 3",active,"7 días tras clic, 1 día tras visualización o 1 día tras visualización activa",,,0,0,,15000,Diario,0,"En curso",-,-,-,0,0,,,,,0,0,0,,,,,,,,,,,,,,,00:00:00,,
2026-08-05,2026-08-05,"Catalogo + Video 2",active,"7 días tras clic, 1 día tras visualización o 1 día tras visualización activa",,,0,0,,15000,Diario,0,"En curso",-,-,-,0,0,,,,,0,0,0,,,,,,,,,,,,,,,00:00:00,,
2026-08-05,2026-08-05,"Catalogo + Video 1",active,"7 días tras clic, 1 día tras visualización o 1 día tras visualización activa",,,0,0,,15000,Diario,0,"En curso",-,-,-,0,0,,,,,0,0,0,,,,,,,,,,,,,,,00:00:00,,
2026-08-05,2026-08-05,"wtf arg | 13/02",inactive,"7 días tras clic, 1 día tras visualización o 1 día tras visualización activa",,,0,0,,5000,Diario,0,"En curso",-,-,-,0,0,,,,,0,0,0,,,,,,,,,,,,,,,00:00:00,,
2026-08-05,2026-08-05,"Cardigan  | 07/08",inactive,"7 días tras clic, 1 día tras visualización o 1 día tras visualización activa",,,0,0,,3000,Diario,0,"En curso",-,-,-,0,0,,,,,0,0,0,,,,,,,,,,,,,,,00:00:00,,
2026-08-05,2026-08-05,"SW ARG2  | 07/08 ULTIMOS",inactive,"7 días tras clic, 1 día tras visualización o 1 día tras visualización activa",,,0,0,,3000,Diario,0,"En curso",-,-,-,0,0,,,,,0,0,0,,,,,,,,,,,,,,,00:00:00,,
2026-08-05,2026-08-05,"Reviews | 06/08",not_delivering,"1 día tras clic",,,0,0,,1750,Diario,0,"En curso",-,-,-,0,0,,,,,0,0,0,,,,,,,,,,,,,,,00:00:00,,
2026-08-05,2026-08-05,"ANA TIK TOK | 06/08",not_delivering,"1 día tras clic",,,0,0,,1750,Diario,0,"En curso",-,-,-,0,0,,,,,0,0,0,,,,,,,,,,,,,,,00:00:00,,
2026-08-05,2026-08-05,"SW ARG2 | 06/08",inactive,"1 día tras clic",,,0,0,,1750,Diario,0,"En curso",-,-,-,0,0,,,,,0,0,0,,,,,,,,,,,,,,,00:00:00,,
2026-08-05,2026-08-05,"3x2 estatico | 05/08",inactive,"7 días tras clic, 1 día tras visualización o 1 día tras visualización activa",,,527,1.252372,,5000,Diario,2944.65,"En curso","Por encima del promedio",-,-,660,4461.590909,13,,226.511538,1.969697,25,3.787879,117.786,12,245.3875,,,,,,,,,,,,,00:00:00,,
2026-08-05,2026-08-05,"3x2 historia | 05/08",inactive,"7 días tras clic, 1 día tras visualización o 1 día tras visualización activa",,,40,1.6,,5000,Diario,536.04,"En curso",-,-,-,64,8375.625,1,,536.04,1.5625,3,4.6875,178.68,1,536.04,,,,,,,,,,,,,00:00:00,,
2026-08-05,2026-08-05,"3X2 feed | 05/08",inactive,"7 días tras clic, 1 día tras visualización o 1 día tras visualización activa",,,8,1,,5000,Diario,53.48,"En curso",-,-,-,8,6685,,,,,0,0,0,,,,,,,,,,,,,,,0,,
2026-08-05,2026-08-05,"SW ARG2  | 03/08 ULTIMOS",inactive,"7 días tras clic, 1 día tras visualización o 1 día tras visualización activa",,,573,1.099476,,3450,Diario,2434.43,"En curso","Por encima del promedio",-,-,630,3864.174603,14,,173.887857,2.222222,16,2.539683,152.151875,15,162.295333,,,,,,,3,,,,,,2,,
2026-08-05,2026-08-05,"SW ARG2  | 03/08",inactive,"7 días tras clic, 1 día tras visualización o 1 día tras visualización activa",,,0,0,,3450,Diario,0,"En curso",-,-,-,0,0,,,,,0,0,0,,,,,,,,,,,,,,,00:00:00,,
2026-08-05,2026-08-05,"SW ARG2  | 30/07",inactive,"7 días tras clic, 1 día tras visualización o 1 día tras visualización activa",,,0,0,,2500,Diario,0,"En curso",-,-,-,0,0,,,,,0,0,0,,,,,,,,,,,,,,,00:00:00,,
2026-08-05,2026-08-05,"SW ARG02 | 29/07",inactive,"7 días tras clic, 1 día tras visualización o 1 día tras visualización activa",,,0,0,,2500,Diario,0,"En curso",-,-,-,0,0,,,,,0,0,0,,,,,,,,,,,,,,,00:00:00,,
2026-08-05,2026-08-05,"Catalogo | 28/07",inactive,"7 días tras clic, 1 día tras visualización o 1 día tras visualización activa",,,0,0,,2500,Diario,0,"En curso",-,-,-,0,0,,,,,0,0,0,,,,,,,,,,,,,,,00:00:00,,
2026-08-05,2026-08-05,"AD01 Sofia | 27/07",inactive,"7 días tras clic o 1 día tras visualización",,,0,0,,2500,Diario,0,"En curso",-,-,-,0,0,,,,,0,0,0,,,,,,,,,,,,,,,00:00:00,,
2026-08-05,2026-08-05,"3x2 Invierno | 24/07",inactive,"7 días tras clic, 1 día tras visualización o 1 día tras visualización activa",,,0,0,,3000,Diario,0,"En curso",-,-,-,0,0,,,,,0,0,0,,,,,,,,,,,,,,,00:00:00,,
2026-08-05,2026-08-05,"SW ARG02 | 23/07",inactive,"7 días tras clic, 1 día tras visualización o 1 día tras visualización activa",,,0,0,,2500,Diario,0,"En curso",-,-,-,0,0,,,,,0,0,0,,,,,,,,,,,,,,,00:00:00,,
2026-08-05,2026-08-05,"SW ARG02 | 22/07 Carrusel",inactive,"7 días tras clic, 1 día tras visualización o 1 día tras visualización activa",,,0,0,,2875,Diario,0,"En curso",-,-,-,0,0,,,,,0,0,0,,,,,,,,,,,,,,,00:00:00,,
2026-08-05,2026-08-05,"SW ARG02 | 22/07",inactive,"7 días tras clic, 1 día tras visualización o 1 día tras visualización activa",,,0,0,,2875,Diario,0,"En curso",-,-,-,0,0,,,,,0,0,0,,,,,,,,,,,,,,,00:00:00,,
2026-08-05,2026-08-05,"SW ARG | 19/07",inactive,"7 días tras clic, 1 día tras visualización o 1 día tras visualización activa",,,0,0,,2300,Diario,0,"En curso",-,-,-,0,0,,,,,0,0,0,,,,,,,,,,,,,,,00:00:00,,
2026-08-05,2026-08-05,"Sweater AFA  cupón | 10/07",inactive,"7 días tras clic, 1 día tras visualización o 1 día tras visualización activa",,,0,0,,2300,Diario,0,"En curso",-,-,-,0,0,,,,,0,0,0,,,,,,,,,,,,,,,00:00:00,,
2026-08-05,2026-08-05,"Ana tik tok | 06/07",inactive,"7 días tras clic, 1 día tras visualización o 1 día tras visualización activa",,,0,0,,3000,Diario,0,"En curso",-,-,-,0,0,,,,,0,0,0,,,,,,,,,,,,,,,00:00:00,,
2026-08-05,2026-08-05,"SW AFA | 02/07",inactive,"7 días tras clic, 1 día tras visualización o 1 día tras visualización activa",,,0,0,,3849,Diario,0,"En curso",-,-,-,0,0,,,,,0,0,0,,,,,,,,,,,,,,,00:00:00,,
2026-08-05,2026-08-05,"SW AFA | 30/06",inactive,"7 días tras clic, 1 día tras visualización o 1 día tras visualización activa",,,0,0,,2000,Diario,0,"En curso",-,-,-,0,0,,,,,0,0,0,,,,,,,,,,,,,,,00:00:00,,
2026-08-05,2026-08-05,"SW AFA | 30/06",not_delivering,"7 días tras clic, 1 día tras visualización o 1 día tras visualización activa",,,0,0,,2000,Diario,0,"En curso",-,-,-,0,0,,,,,0,0,0,,,,,,,,,,,,,,,00:00:00,,
2026-08-05,2026-08-05,"SW SOL | 27/06",inactive,"7 días tras clic, 1 día tras visualización o 1 día tras visualización activa",,,0,0,,3499,Diario,0,"En curso",-,-,-,0,0,,,,,0,0,0,,,,,,,,,,,,,,,00:00:00,,
2026-08-05,2026-08-05,"SW SOL | 19/06",inactive,"7 días tras clic, 1 día tras visualización o 1 día tras visualización activa",,,0,0,,2645,Diario,0,"En curso",-,-,-,0,0,,,,,0,0,0,,,,,,,,,,,,,,,00:00:00,,
2026-08-05,2026-08-05,"Ana tik tok",inactive,"7 días tras clic, 1 día tras visualización o 1 día tras visualización activa",,,0,0,,7781,Diario,0,"En curso",-,-,-,0,0,,,,,0,0,0,,,,,,,,,,,,,,,00:00:00,,
2026-08-04,2026-08-04,"Orgullosamente argentinas",active,"7 días tras clic, 1 día tras visualización o 1 día tras visualización activa",,,0,0,,15000,Diario,0,"En curso",-,-,-,0,0,,,,,0,0,0,,,,,,,,,,,,,,,00:00:00,,
2026-08-04,2026-08-04,"Cardigam Roma",active,"7 días tras clic, 1 día tras visualización o 1 día tras visualización activa",,,0,0,,15000,Diario,0,"En curso",-,-,-,0,0,,,,,0,0,0,,,,,,,,,,,,,,,00:00:00,,
2026-08-04,2026-08-04,"Catalogo + Video 5",active,"7 días tras clic, 1 día tras visualización o 1 día tras visualización activa",,,0,0,,15000,Diario,0,"En curso",-,-,-,0,0,,,,,0,0,0,,,,,,,,,,,,,,,00:00:00,,
2026-08-04,2026-08-04,"Catalogo + Video 4",active,"7 días tras clic, 1 día tras visualización o 1 día tras visualización activa",,,0,0,,15000,Diario,0,"En curso",-,-,-,0,0,,,,,0,0,0,,,,,,,,,,,,,,,00:00:00,,
2026-08-04,2026-08-04,"Catalogo + Video 3",active,"7 días tras clic, 1 día tras visualización o 1 día tras visualización activa",,,0,0,,15000,Diario,0,"En curso",-,-,-,0,0,,,,,0,0,0,,,,,,,,,,,,,,,00:00:00,,
2026-08-04,2026-08-04,"Catalogo + Video 2",active,"7 días tras clic, 1 día tras visualización o 1 día tras visualización activa",,,0,0,,15000,Diario,0,"En curso",-,-,-,0,0,,,,,0,0,0,,,,,,,,,,,,,,,00:00:00,,
2026-08-04,2026-08-04,"Catalogo + Video 1",active,"7 días tras clic, 1 día tras visualización o 1 día tras visualización activa",,,0,0,,15000,Diario,0,"En curso",-,-,-,0,0,,,,,0,0,0,,,,,,,,,,,,,,,00:00:00,,
2026-08-04,2026-08-04,"wtf arg | 13/02",inactive,"7 días tras clic, 1 día tras visualización o 1 día tras visualización activa",,,0,0,,5000,Diario,0,"En curso",-,-,-,0,0,,,,,0,0,0,,,,,,,,,,,,,,,00:00:00,,
2026-08-04,2026-08-04,"Cardigan  | 07/08",inactive,"7 días tras clic, 1 día tras visualización o 1 día tras visualización activa",,,0,0,,3000,Diario,0,"En curso",-,-,-,0,0,,,,,0,0,0,,,,,,,,,,,,,,,00:00:00,,
2026-08-04,2026-08-04,"SW ARG2  | 07/08 ULTIMOS",inactive,"7 días tras clic, 1 día tras visualización o 1 día tras visualización activa",,,0,0,,3000,Diario,0,"En curso",-,-,-,0,0,,,,,0,0,0,,,,,,,,,,,,,,,00:00:00,,
2026-08-04,2026-08-04,"Reviews | 06/08",not_delivering,"1 día tras clic",,,0,0,,1750,Diario,0,"En curso",-,-,-,0,0,,,,,0,0,0,,,,,,,,,,,,,,,00:00:00,,
2026-08-04,2026-08-04,"ANA TIK TOK | 06/08",not_delivering,"1 día tras clic",,,0,0,,1750,Diario,0,"En curso",-,-,-,0,0,,,,,0,0,0,,,,,,,,,,,,,,,00:00:00,,
2026-08-04,2026-08-04,"SW ARG2 | 06/08",inactive,"1 día tras clic",,,0,0,,1750,Diario,0,"En curso",-,-,-,0,0,,,,,0,0,0,,,,,,,,,,,,,,,00:00:00,,
2026-08-04,2026-08-04,"3x2 estatico | 05/08",inactive,"7 días tras clic, 1 día tras visualización o 1 día tras visualización activa",,,0,0,,5000,Diario,0,"En curso",-,-,-,0,0,,,,,0,0,0,,,,,,,,,,,,,,,00:00:00,,
2026-08-04,2026-08-04,"3x2 historia | 05/08",inactive,"7 días tras clic, 1 día tras visualización o 1 día tras visualización activa",,,0,0,,5000,Diario,0,"En curso",-,-,-,0,0,,,,,0,0,0,,,,,,,,,,,,,,,00:00:00,,
2026-08-04,2026-08-04,"3X2 feed | 05/08",inactive,"7 días tras clic, 1 día tras visualización o 1 día tras visualización activa",,,0,0,,5000,Diario,0,"En curso",-,-,-,0,0,,,,,0,0,0,,,,,,,,,,,,,,,00:00:00,,
2026-08-04,2026-08-04,"SW ARG2  | 03/08 ULTIMOS",inactive,"7 días tras clic, 1 día tras visualización o 1 día tras visualización activa",1,actions:offsite_conversion.fb_pixel_purchase,521,1.239923,2985.98,3450,Diario,2985.98,"En curso",Promedio,-,-,646,4622.260062,24,,124.415833,3.71517,34,5.263158,87.822941,23,129.825217,1,1,1,53119.43,17.78961346,action_values:offsite_conversion.fb_pixel_purchase,1,,,,,,2,,
2026-08-04,2026-08-04,"SW ARG2  | 03/08",inactive,"7 días tras clic, 1 día tras visualización o 1 día tras visualización activa",,,2,1,,3450,Diario,2.46,"En curso",-,-,-,2,1230,,,,,0,0,0,,,,,,,,,1,,1,1,,,4,,
2026-08-04,2026-08-04,"SW ARG2  | 30/07",inactive,"7 días tras clic, 1 día tras visualización o 1 día tras visualización activa",,,0,0,,2500,Diario,0,"En curso",-,-,-,0,0,,,,,0,0,0,,,,,,,,,,,,,,,00:00:00,,
2026-08-04,2026-08-04,"SW ARG02 | 29/07",inactive,"7 días tras clic, 1 día tras visualización o 1 día tras visualización activa",,,0,0,,2500,Diario,0,"En curso",-,-,-,0,0,,,,,0,0,0,,,3,,,,,,,,,,,,00:00:00,,
2026-08-04,2026-08-04,"Catalogo | 28/07",inactive,"7 días tras clic, 1 día tras visualización o 1 día tras visualización activa",,,0,0,,2500,Diario,0,"En curso",-,-,-,0,0,,,,,0,0,0,,,,,,,,,,,,,,,00:00:00,,
2026-08-04,2026-08-04,"AD01 Sofia | 27/07",inactive,"7 días tras clic o 1 día tras visualización",,,0,0,,2500,Diario,0,"En curso",-,-,-,0,0,,,,,0,0,0,,,,,,,,,,,,,,,00:00:00,,
2026-08-04,2026-08-04,"3x2 Invierno | 24/07",inactive,"7 días tras clic, 1 día tras visualización o 1 día tras visualización activa",,,0,0,,3000,Diario,0,"En curso",-,-,-,0,0,,,,,0,0,0,,,,,,,,,,,,,,,00:00:00,,
2026-08-04,2026-08-04,"SW ARG02 | 23/07",inactive,"7 días tras clic, 1 día tras visualización o 1 día tras visualización activa",,,0,0,,2500,Diario,0,"En curso",-,-,-,0,0,,,,,0,0,0,,,,,,,,,,,,,,,00:00:00,,
2026-08-04,2026-08-04,"SW ARG02 | 22/07 Carrusel",inactive,"7 días tras clic, 1 día tras visualización o 1 día tras visualización activa",,,0,0,,2875,Diario,0,"En curso",-,-,-,0,0,,,,,0,0,0,,,,,,,,,,,,,,,00:00:00,,
2026-08-04,2026-08-04,"SW ARG02 | 22/07",inactive,"7 días tras clic, 1 día tras visualización o 1 día tras visualización activa",,,0,0,,2875,Diario,0,"En curso",-,-,-,0,0,,,,,0,0,0,,,,,,,,,,,,,,,00:00:00,,
2026-08-04,2026-08-04,"SW ARG | 19/07",inactive,"7 días tras clic, 1 día tras visualización o 1 día tras visualización activa",,,0,0,,2300,Diario,0,"En curso",-,-,-,0,0,,,,,0,0,0,,,,,,,,,,,,,,,00:00:00,,
2026-08-04,2026-08-04,"Sweater AFA  cupón | 10/07",inactive,"7 días tras clic, 1 día tras visualización o 1 día tras visualización activa",,,0,0,,2300,Diario,0,"En curso",-,-,-,0,0,,,,,0,0,0,,,,,,,,,,,,,,,00:00:00,,
2026-08-04,2026-08-04,"Ana tik tok | 06/07",inactive,"7 días tras clic, 1 día tras visualización o 1 día tras visualización activa",,,0,0,,3000,Diario,0,"En curso",-,-,-,0,0,,,,,0,0,0,,,,,,,,,,,,,,,00:00:00,,
2026-08-04,2026-08-04,"SW AFA | 02/07",inactive,"7 días tras clic, 1 día tras visualización o 1 día tras visualización activa",,,0,0,,3849,Diario,0,"En curso",-,-,-,0,0,,,,,0,0,0,,,,,,,,,,,,,,,00:00:00,,
2026-08-04,2026-08-04,"SW AFA | 30/06",inactive,"7 días tras clic, 1 día tras visualización o 1 día tras visualización activa",,,0,0,,2000,Diario,0,"En curso",-,-,-,0,0,,,,,0,0,0,,,,,,,,,,,,,,,00:00:00,,
2026-08-04,2026-08-04,"SW AFA | 30/06",not_delivering,"7 días tras clic, 1 día tras visualización o 1 día tras visualización activa",,,0,0,,2000,Diario,0,"En curso",-,-,-,0,0,,,,,0,0,0,,,,,,,,,,,,,,,00:00:00,,
2026-08-04,2026-08-04,"SW SOL | 27/06",inactive,"7 días tras clic, 1 día tras visualización o 1 día tras visualización activa",,,0,0,,3499,Diario,0,"En curso",-,-,-,0,0,,,,,0,0,0,,,,,,,,,,,,,,,00:00:00,,
2026-08-04,2026-08-04,"SW SOL | 19/06",inactive,"7 días tras clic, 1 día tras visualización o 1 día tras visualización activa",,,0,0,,2645,Diario,0,"En curso",-,-,-,0,0,,,,,0,0,0,,,,,,,,,,,,,,,00:00:00,,
2026-08-04,2026-08-04,"Ana tik tok",inactive,"7 días tras clic, 1 día tras visualización o 1 día tras visualización activa",,,0,0,,7781,Diario,0,"En curso",-,-,-,0,0,,,,,0,0,0,,,,,,,,,,,,,,,00:00:00,,
2026-08-03,2026-08-03,"Orgullosamente argentinas",active,"7 días tras clic, 1 día tras visualización o 1 día tras visualización activa",,,0,0,,15000,Diario,0,"En curso",-,-,-,0,0,,,,,0,0,0,,,,,,,,,,,,,,,00:00:00,,
2026-08-03,2026-08-03,"Cardigam Roma",active,"7 días tras clic, 1 día tras visualización o 1 día tras visualización activa",,,0,0,,15000,Diario,0,"En curso",-,-,-,0,0,,,,,0,0,0,,,,,,,,,,,,,,,00:00:00,,
2026-08-03,2026-08-03,"Catalogo + Video 5",active,"7 días tras clic, 1 día tras visualización o 1 día tras visualización activa",,,0,0,,15000,Diario,0,"En curso",-,-,-,0,0,,,,,0,0,0,,,,,,,,,,,,,,,00:00:00,,
2026-08-03,2026-08-03,"Catalogo + Video 4",active,"7 días tras clic, 1 día tras visualización o 1 día tras visualización activa",,,0,0,,15000,Diario,0,"En curso",-,-,-,0,0,,,,,0,0,0,,,,,,,,,,,,,,,00:00:00,,
2026-08-03,2026-08-03,"Catalogo + Video 3",active,"7 días tras clic, 1 día tras visualización o 1 día tras visualización activa",,,0,0,,15000,Diario,0,"En curso",-,-,-,0,0,,,,,0,0,0,,,,,,,,,,,,,,,00:00:00,,
2026-08-03,2026-08-03,"Catalogo + Video 2",active,"7 días tras clic, 1 día tras visualización o 1 día tras visualización activa",,,0,0,,15000,Diario,0,"En curso",-,-,-,0,0,,,,,0,0,0,,,,,,,,,,,,,,,00:00:00,,
2026-08-03,2026-08-03,"Catalogo + Video 1",active,"7 días tras clic, 1 día tras visualización o 1 día tras visualización activa",,,0,0,,15000,Diario,0,"En curso",-,-,-,0,0,,,,,0,0,0,,,,,,,,,,,,,,,00:00:00,,
2026-08-03,2026-08-03,"wtf arg | 13/02",inactive,"7 días tras clic, 1 día tras visualización o 1 día tras visualización activa",,,0,0,,5000,Diario,0,"En curso",-,-,-,0,0,,,,,0,0,0,,,,,,,,,,,,,,,00:00:00,,
2026-08-03,2026-08-03,"Cardigan  | 07/08",inactive,"7 días tras clic, 1 día tras visualización o 1 día tras visualización activa",,,0,0,,3000,Diario,0,"En curso",-,-,-,0,0,,,,,0,0,0,,,,,,,,,,,,,,,00:00:00,,
2026-08-03,2026-08-03,"SW ARG2  | 07/08 ULTIMOS",inactive,"7 días tras clic, 1 día tras visualización o 1 día tras visualización activa",,,0,0,,3000,Diario,0,"En curso",-,-,-,0,0,,,,,0,0,0,,,,,,,,,,,,,,,00:00:00,,
2026-08-03,2026-08-03,"Reviews | 06/08",not_delivering,"1 día tras clic",,,0,0,,1750,Diario,0,"En curso",-,-,-,0,0,,,,,0,0,0,,,,,,,,,,,,,,,00:00:00,,
2026-08-03,2026-08-03,"ANA TIK TOK | 06/08",not_delivering,"1 día tras clic",,,0,0,,1750,Diario,0,"En curso",-,-,-,0,0,,,,,0,0,0,,,,,,,,,,,,,,,00:00:00,,
2026-08-03,2026-08-03,"SW ARG2 | 06/08",inactive,"1 día tras clic",,,0,0,,1750,Diario,0,"En curso",-,-,-,0,0,,,,,0,0,0,,,,,,,,,,,,,,,00:00:00,,
2026-08-03,2026-08-03,"3x2 estatico | 05/08",inactive,"7 días tras clic, 1 día tras visualización o 1 día tras visualización activa",,,0,0,,5000,Diario,0,"En curso",-,-,-,0,0,,,,,0,0,0,,,,,,,,,,,,,,,00:00:00,,
2026-08-03,2026-08-03,"3x2 historia | 05/08",inactive,"7 días tras clic, 1 día tras visualización o 1 día tras visualización activa",,,0,0,,5000,Diario,0,"En curso",-,-,-,0,0,,,,,0,0,0,,,,,,,,,,,,,,,00:00:00,,
2026-08-03,2026-08-03,"3X2 feed | 05/08",inactive,"7 días tras clic, 1 día tras visualización o 1 día tras visualización activa",,,0,0,,5000,Diario,0,"En curso",-,-,-,0,0,,,,,0,0,0,,,,,,,,,,,,,,,00:00:00,,
2026-08-03,2026-08-03,"SW ARG2  | 03/08 ULTIMOS",inactive,"7 días tras clic, 1 día tras visualización o 1 día tras visualización activa",,,82,1.085366,,3450,Diario,312.91,"En curso",-,-,-,89,3515.842697,3,,104.303333,3.370787,5,5.617978,62.582,2,156.455,1,,,,,,1,,,,,,8,,
2026-08-03,2026-08-03,"SW ARG2  | 03/08",inactive,"7 días tras clic, 1 día tras visualización o 1 día tras visualización activa",,,31,1.064516,,3450,Diario,196.56,"En curso",-,-,-,33,5956.363636,2,,98.28,6.060606,2,6.060606,98.28,2,98.28,,,,,,,1,1,2,1,1,1,1,,
2026-08-03,2026-08-03,"SW ARG2  | 30/07",inactive,"7 días tras clic, 1 día tras visualización o 1 día tras visualización activa",,,292,1.020548,,2500,Diario,1899.43,"En curso",-,-,-,298,6373.926175,4,,474.8575,1.342282,8,2.684564,237.42875,2,949.715,,,,,,,44,10,58,24,17,10,2,,
2026-08-03,2026-08-03,"SW ARG02 | 29/07",inactive,"7 días tras clic, 1 día tras visualización o 1 día tras visualización activa",,,0,0,,2500,Diario,0,"En curso",-,-,-,0,0,,,,,0,0,0,,,,,,,,,,,,,,,00:00:00,,
2026-08-03,2026-08-03,"Catalogo | 28/07",inactive,"7 días tras clic, 1 día tras visualización o 1 día tras visualización activa",,,0,0,,2500,Diario,0,"En curso",-,-,-,0,0,,,,,0,0,0,,,,,,,,,,,,,,,00:00:00,,
2026-08-03,2026-08-03,"AD01 Sofia | 27/07",inactive,"7 días tras clic o 1 día tras visualización",,,0,0,,2500,Diario,0,"En curso",-,-,-,0,0,,,,,0,0,0,,,,,,,,,,,,,,,00:00:00,,
2026-08-03,2026-08-03,"3x2 Invierno | 24/07",inactive,"7 días tras clic, 1 día tras visualización o 1 día tras visualización activa",,,0,0,,3000,Diario,0,"En curso",-,-,-,0,0,,,,,0,0,0,,,,,,,,,,,,,,,00:00:00,,
2026-08-03,2026-08-03,"SW ARG02 | 23/07",inactive,"7 días tras clic, 1 día tras visualización o 1 día tras visualización activa",,,0,0,,2500,Diario,0,"En curso",-,-,-,0,0,,,,,0,0,0,,,,,,,,,,,,,,,00:00:00,,
2026-08-03,2026-08-03,"SW ARG02 | 22/07 Carrusel",inactive,"7 días tras clic, 1 día tras visualización o 1 día tras visualización activa",,,0,0,,2875,Diario,0,"En curso",-,-,-,0,0,,,,,0,0,0,,,,,,,,,,,,,,,00:00:00,,
2026-08-03,2026-08-03,"SW ARG02 | 22/07",inactive,"7 días tras clic, 1 día tras visualización o 1 día tras visualización activa",,,0,0,,2875,Diario,0,"En curso",-,-,-,0,0,,,,,0,0,0,,,,,,,,,,,,,,,00:00:00,,
2026-08-03,2026-08-03,"SW ARG | 19/07",inactive,"7 días tras clic, 1 día tras visualización o 1 día tras visualización activa",,,0,0,,2300,Diario,0,"En curso",-,-,-,0,0,,,,,0,0,0,,,,,,,,,,,,,,,00:00:00,,
2026-08-03,2026-08-03,"Sweater AFA  cupón | 10/07",inactive,"7 días tras clic, 1 día tras visualización o 1 día tras visualización activa",,,0,0,,2300,Diario,0,"En curso",-,-,-,0,0,,,,,0,0,0,,,,,,,,,,,,,,,00:00:00,,
2026-08-03,2026-08-03,"Ana tik tok | 06/07",inactive,"7 días tras clic, 1 día tras visualización o 1 día tras visualización activa",,,0,0,,3000,Diario,0,"En curso",-,-,-,0,0,,,,,0,0,0,,,,,,,,,,,,,,,00:00:00,,
2026-08-03,2026-08-03,"SW AFA | 02/07",inactive,"7 días tras clic, 1 día tras visualización o 1 día tras visualización activa",,,0,0,,3849,Diario,0,"En curso",-,-,-,0,0,,,,,0,0,0,,,,,,,,,,,,,,,00:00:00,,
2026-08-03,2026-08-03,"SW AFA | 30/06",inactive,"7 días tras clic, 1 día tras visualización o 1 día tras visualización activa",,,0,0,,2000,Diario,0,"En curso",-,-,-,0,0,,,,,0,0,0,,,,,,,,,,,,,,,00:00:00,,
2026-08-03,2026-08-03,"SW AFA | 30/06",not_delivering,"7 días tras clic, 1 día tras visualización o 1 día tras visualización activa",,,0,0,,2000,Diario,0,"En curso",-,-,-,0,0,,,,,0,0,0,,,,,,,,,,,,,,,00:00:00,,
2026-08-03,2026-08-03,"SW SOL | 27/06",inactive,"7 días tras clic, 1 día tras visualización o 1 día tras visualización activa",,,0,0,,3499,Diario,0,"En curso",-,-,-,0,0,,,,,0,0,0,,,,,,,,,,,,,,,00:00:00,,
2026-08-03,2026-08-03,"SW SOL | 19/06",inactive,"7 días tras clic, 1 día tras visualización o 1 día tras visualización activa",,,0,0,,2645,Diario,0,"En curso",-,-,-,0,0,,,,,0,0,0,,,,,,,,,,,,,,,00:00:00,,
2026-08-03,2026-08-03,"Ana tik tok",inactive,"7 días tras clic, 1 día tras visualización o 1 día tras visualización activa",,,0,0,,7781,Diario,0,"En curso",-,-,-,0,0,,,,,0,0,0,,,,,,,,,,,,,,,00:00:00,,
2026-08-02,2026-08-02,"Orgullosamente argentinas",active,"7 días tras clic, 1 día tras visualización o 1 día tras visualización activa",,,0,0,,15000,Diario,0,"En curso",-,-,-,0,0,,,,,0,0,0,,,,,,,,,,,,,,,00:00:00,,
2026-08-02,2026-08-02,"Cardigam Roma",active,"7 días tras clic, 1 día tras visualización o 1 día tras visualización activa",,,0,0,,15000,Diario,0,"En curso",-,-,-,0,0,,,,,0,0,0,,,,,,,,,,,,,,,00:00:00,,
2026-08-02,2026-08-02,"Catalogo + Video 5",active,"7 días tras clic, 1 día tras visualización o 1 día tras visualización activa",,,0,0,,15000,Diario,0,"En curso",-,-,-,0,0,,,,,0,0,0,,,,,,,,,,,,,,,00:00:00,,
2026-08-02,2026-08-02,"Catalogo + Video 4",active,"7 días tras clic, 1 día tras visualización o 1 día tras visualización activa",,,0,0,,15000,Diario,0,"En curso",-,-,-,0,0,,,,,0,0,0,,,,,,,,,,,,,,,00:00:00,,
2026-08-02,2026-08-02,"Catalogo + Video 3",active,"7 días tras clic, 1 día tras visualización o 1 día tras visualización activa",,,0,0,,15000,Diario,0,"En curso",-,-,-,0,0,,,,,0,0,0,,,,,,,,,,,,,,,00:00:00,,
2026-08-02,2026-08-02,"Catalogo + Video 2",active,"7 días tras clic, 1 día tras visualización o 1 día tras visualización activa",,,0,0,,15000,Diario,0,"En curso",-,-,-,0,0,,,,,0,0,0,,,,,,,,,,,,,,,00:00:00,,
2026-08-02,2026-08-02,"Catalogo + Video 1",active,"7 días tras clic, 1 día tras visualización o 1 día tras visualización activa",,,0,0,,15000,Diario,0,"En curso",-,-,-,0,0,,,,,0,0,0,,,,,,,,,,,,,,,00:00:00,,
2026-08-02,2026-08-02,"wtf arg | 13/02",inactive,"7 días tras clic, 1 día tras visualización o 1 día tras visualización activa",,,0,0,,5000,Diario,0,"En curso",-,-,-,0,0,,,,,0,0,0,,,,,,,,,,,,,,,00:00:00,,
2026-08-02,2026-08-02,"Cardigan  | 07/08",inactive,"7 días tras clic, 1 día tras visualización o 1 día tras visualización activa",,,0,0,,3000,Diario,0,"En curso",-,-,-,0,0,,,,,0,0,0,,,,,,,,,,,,,,,00:00:00,,
2026-08-02,2026-08-02,"SW ARG2  | 07/08 ULTIMOS",inactive,"7 días tras clic, 1 día tras visualización o 1 día tras visualización activa",,,0,0,,3000,Diario,0,"En curso",-,-,-,0,0,,,,,0,0,0,,,,,,,,,,,,,,,00:00:00,,
2026-08-02,2026-08-02,"Reviews | 06/08",not_delivering,"1 día tras clic",,,0,0,,1750,Diario,0,"En curso",-,-,-,0,0,,,,,0,0,0,,,,,,,,,,,,,,,00:00:00,,
2026-08-02,2026-08-02,"ANA TIK TOK | 06/08",not_delivering,"1 día tras clic",,,0,0,,1750,Diario,0,"En curso",-,-,-,0,0,,,,,0,0,0,,,,,,,,,,,,,,,00:00:00,,
2026-08-02,2026-08-02,"SW ARG2 | 06/08",inactive,"1 día tras clic",,,0,0,,1750,Diario,0,"En curso",-,-,-,0,0,,,,,0,0,0,,,,,,,,,,,,,,,00:00:00,,
2026-08-02,2026-08-02,"3x2 estatico | 05/08",inactive,"7 días tras clic, 1 día tras visualización o 1 día tras visualización activa",,,0,0,,5000,Diario,0,"En curso",-,-,-,0,0,,,,,0,0,0,,,,,,,,,,,,,,,00:00:00,,
2026-08-02,2026-08-02,"3x2 historia | 05/08",inactive,"7 días tras clic, 1 día tras visualización o 1 día tras visualización activa",,,0,0,,5000,Diario,0,"En curso",-,-,-,0,0,,,,,0,0,0,,,,,,,,,,,,,,,00:00:00,,
2026-08-02,2026-08-02,"3X2 feed | 05/08",inactive,"7 días tras clic, 1 día tras visualización o 1 día tras visualización activa",,,0,0,,5000,Diario,0,"En curso",-,-,-,0,0,,,,,0,0,0,,,,,,,,,,,,,,,00:00:00,,
2026-08-02,2026-08-02,"SW ARG2  | 03/08 ULTIMOS",inactive,"7 días tras clic, 1 día tras visualización o 1 día tras visualización activa",,,0,0,,3450,Diario,0,"En curso",-,-,-,0,0,,,,,0,0,0,,,,,,,,,,,,,,,00:00:00,,
2026-08-02,2026-08-02,"SW ARG2  | 03/08",inactive,"7 días tras clic, 1 día tras visualización o 1 día tras visualización activa",,,0,0,,3450,Diario,0,"En curso",-,-,-,0,0,,,,,0,0,0,,,,,,,,,,,,,,,00:00:00,,
2026-08-02,2026-08-02,"SW ARG2  | 30/07",inactive,"7 días tras clic, 1 día tras visualización o 1 día tras visualización activa",1,actions:offsite_conversion.fb_pixel_purchase,595,1.001681,3403.33,2500,Diario,3403.33,"En curso",-,-,-,596,5710.285235,7,,486.19,1.174497,12,2.013423,283.610833,6,567.221667,1,1,1,53119.43,15.60807503,action_values:offsite_conversion.fb_pixel_purchase,82,23,102,56,34,23,2,,
2026-08-02,2026-08-02,"SW ARG02 | 29/07",inactive,"7 días tras clic, 1 día tras visualización o 1 día tras visualización activa",,,227,1.035242,,2500,Diario,1378.81,"En curso",-,-,-,235,5867.276596,5,,275.762,2.12766,9,3.829787,153.201111,3,459.603333,,,,,,,58,31,110,63,40,31,2,,
2026-08-02,2026-08-02,"Catalogo | 28/07",inactive,"7 días tras clic, 1 día tras visualización o 1 día tras visualización activa",,,0,0,,2500,Diario,0,"En curso",-,-,-,0,0,,,,,0,0,0,,,,,,,,,,,,,,,00:00:00,,
2026-08-02,2026-08-02,"AD01 Sofia | 27/07",inactive,"7 días tras clic o 1 día tras visualización",,,154,1.071429,,2500,Diario,1240.71,"En curso",-,-,-,165,7519.454545,3,,413.57,1.818182,6,3.636364,206.785,2,620.355,,,,,,,,,,,,,00:00:00,,
2026-08-02,2026-08-02,"3x2 Invierno | 24/07",inactive,"7 días tras clic, 1 día tras visualización o 1 día tras visualización activa",,,0,0,,3000,Diario,0,"En curso",-,-,-,0,0,,,,,0,0,0,,,,,,,,,,,,,,,00:00:00,,
2026-08-02,2026-08-02,"SW ARG02 | 23/07",inactive,"7 días tras clic, 1 día tras visualización o 1 día tras visualización activa",,,0,0,,2500,Diario,0,"En curso",-,-,-,0,0,,,,,0,0,0,,,,,,,,,,,,,,,00:00:00,,
2026-08-02,2026-08-02,"SW ARG02 | 22/07 Carrusel",inactive,"7 días tras clic, 1 día tras visualización o 1 día tras visualización activa",,,0,0,,2875,Diario,0,"En curso",-,-,-,0,0,,,,,0,0,0,,,,,,,,,,,,,,,00:00:00,,
2026-08-02,2026-08-02,"SW ARG02 | 22/07",inactive,"7 días tras clic, 1 día tras visualización o 1 día tras visualización activa",,,0,0,,2875,Diario,0,"En curso",-,-,-,0,0,,,,,0,0,0,,,,,,,,,,,,,,,00:00:00,,
2026-08-02,2026-08-02,"SW ARG | 19/07",inactive,"7 días tras clic, 1 día tras visualización o 1 día tras visualización activa",,,0,0,,2300,Diario,0,"En curso",-,-,-,0,0,,,,,0,0,0,,,,,,,,,,,,,,,00:00:00,,
2026-08-02,2026-08-02,"Sweater AFA  cupón | 10/07",inactive,"7 días tras clic, 1 día tras visualización o 1 día tras visualización activa",,,0,0,,2300,Diario,0,"En curso",-,-,-,0,0,,,,,0,0,0,,,,,,,,,,,,,,,00:00:00,,
2026-08-02,2026-08-02,"Ana tik tok | 06/07",inactive,"7 días tras clic, 1 día tras visualización o 1 día tras visualización activa",,,0,0,,3000,Diario,0,"En curso",-,-,-,0,0,,,,,0,0,0,,,,,,,,,,,,,,,00:00:00,,
2026-08-02,2026-08-02,"SW AFA | 02/07",inactive,"7 días tras clic, 1 día tras visualización o 1 día tras visualización activa",,,0,0,,3849,Diario,0,"En curso",-,-,-,0,0,,,,,0,0,0,,,,,,,,,,,,,,,00:00:00,,
2026-08-02,2026-08-02,"SW AFA | 30/06",inactive,"7 días tras clic, 1 día tras visualización o 1 día tras visualización activa",,,0,0,,2000,Diario,0,"En curso",-,-,-,0,0,,,,,0,0,0,,,,,,,,,,,,,,,00:00:00,,
2026-08-02,2026-08-02,"SW AFA | 30/06",not_delivering,"7 días tras clic, 1 día tras visualización o 1 día tras visualización activa",,,0,0,,2000,Diario,0,"En curso",-,-,-,0,0,,,,,0,0,0,,,,,,,,,,,,,,,00:00:00,,
2026-08-02,2026-08-02,"SW SOL | 27/06",inactive,"7 días tras clic, 1 día tras visualización o 1 día tras visualización activa",,,0,0,,3499,Diario,0,"En curso",-,-,-,0,0,,,,,0,0,0,,,,,,,,,,,,,,,00:00:00,,
2026-08-02,2026-08-02,"SW SOL | 19/06",inactive,"7 días tras clic, 1 día tras visualización o 1 día tras visualización activa",,,0,0,,2645,Diario,0,"En curso",-,-,-,0,0,,,,,0,0,0,,,,,,,,,,,,,,,00:00:00,,
2026-08-02,2026-08-02,"Ana tik tok",inactive,"7 días tras clic, 1 día tras visualización o 1 día tras visualización activa",,,0,0,,7781,Diario,0,"En curso",-,-,-,0,0,,,,,0,0,0,,,,,,,,,,,,,,,00:00:00,,
2026-08-01,2026-08-01,"Orgullosamente argentinas",active,"7 días tras clic, 1 día tras visualización o 1 día tras visualización activa",,,0,0,,15000,Diario,0,"En curso",-,-,-,0,0,,,,,0,0,0,,,,,,,,,,,,,,,00:00:00,,
2026-08-01,2026-08-01,"Cardigam Roma",active,"7 días tras clic, 1 día tras visualización o 1 día tras visualización activa",,,0,0,,15000,Diario,0,"En curso",-,-,-,0,0,,,,,0,0,0,,,,,,,,,,,,,,,00:00:00,,
2026-08-01,2026-08-01,"Catalogo + Video 5",active,"7 días tras clic, 1 día tras visualización o 1 día tras visualización activa",,,0,0,,15000,Diario,0,"En curso",-,-,-,0,0,,,,,0,0,0,,,,,,,,,,,,,,,00:00:00,,
2026-08-01,2026-08-01,"Catalogo + Video 4",active,"7 días tras clic, 1 día tras visualización o 1 día tras visualización activa",,,0,0,,15000,Diario,0,"En curso",-,-,-,0,0,,,,,0,0,0,,,,,,,,,,,,,,,00:00:00,,
2026-08-01,2026-08-01,"Catalogo + Video 3",active,"7 días tras clic, 1 día tras visualización o 1 día tras visualización activa",,,0,0,,15000,Diario,0,"En curso",-,-,-,0,0,,,,,0,0,0,,,,,,,,,,,,,,,00:00:00,,
2026-08-01,2026-08-01,"Catalogo + Video 2",active,"7 días tras clic, 1 día tras visualización o 1 día tras visualización activa",,,0,0,,15000,Diario,0,"En curso",-,-,-,0,0,,,,,0,0,0,,,,,,,,,,,,,,,00:00:00,,
2026-08-01,2026-08-01,"Catalogo + Video 1",active,"7 días tras clic, 1 día tras visualización o 1 día tras visualización activa",,,0,0,,15000,Diario,0,"En curso",-,-,-,0,0,,,,,0,0,0,,,,,,,,,,,,,,,00:00:00,,
2026-08-01,2026-08-01,"wtf arg | 13/02",inactive,"7 días tras clic, 1 día tras visualización o 1 día tras visualización activa",,,0,0,,5000,Diario,0,"En curso",-,-,-,0,0,,,,,0,0,0,,,,,,,,,,,,,,,00:00:00,,
2026-08-01,2026-08-01,"Cardigan  | 07/08",inactive,"7 días tras clic, 1 día tras visualización o 1 día tras visualización activa",,,0,0,,3000,Diario,0,"En curso",-,-,-,0,0,,,,,0,0,0,,,,,,,,,,,,,,,00:00:00,,
2026-08-01,2026-08-01,"SW ARG2  | 07/08 ULTIMOS",inactive,"7 días tras clic, 1 día tras visualización o 1 día tras visualización activa",,,0,0,,3000,Diario,0,"En curso",-,-,-,0,0,,,,,0,0,0,,,,,,,,,,,,,,,00:00:00,,
2026-08-01,2026-08-01,"Reviews | 06/08",not_delivering,"1 día tras clic",,,0,0,,1750,Diario,0,"En curso",-,-,-,0,0,,,,,0,0,0,,,,,,,,,,,,,,,00:00:00,,
2026-08-01,2026-08-01,"ANA TIK TOK | 06/08",not_delivering,"1 día tras clic",,,0,0,,1750,Diario,0,"En curso",-,-,-,0,0,,,,,0,0,0,,,,,,,,,,,,,,,00:00:00,,
2026-08-01,2026-08-01,"SW ARG2 | 06/08",inactive,"1 día tras clic",,,0,0,,1750,Diario,0,"En curso",-,-,-,0,0,,,,,0,0,0,,,,,,,,,,,,,,,00:00:00,,
2026-08-01,2026-08-01,"3x2 estatico | 05/08",inactive,"7 días tras clic, 1 día tras visualización o 1 día tras visualización activa",,,0,0,,5000,Diario,0,"En curso",-,-,-,0,0,,,,,0,0,0,,,,,,,,,,,,,,,00:00:00,,
2026-08-01,2026-08-01,"3x2 historia | 05/08",inactive,"7 días tras clic, 1 día tras visualización o 1 día tras visualización activa",,,0,0,,5000,Diario,0,"En curso",-,-,-,0,0,,,,,0,0,0,,,,,,,,,,,,,,,00:00:00,,
2026-08-01,2026-08-01,"3X2 feed | 05/08",inactive,"7 días tras clic, 1 día tras visualización o 1 día tras visualización activa",,,0,0,,5000,Diario,0,"En curso",-,-,-,0,0,,,,,0,0,0,,,,,,,,,,,,,,,00:00:00,,
2026-08-01,2026-08-01,"SW ARG2  | 03/08 ULTIMOS",inactive,"7 días tras clic, 1 día tras visualización o 1 día tras visualización activa",,,0,0,,3450,Diario,0,"En curso",-,-,-,0,0,,,,,0,0,0,,,,,,,,,,,,,,,00:00:00,,
2026-08-01,2026-08-01,"SW ARG2  | 03/08",inactive,"7 días tras clic, 1 día tras visualización o 1 día tras visualización activa",,,0,0,,3450,Diario,0,"En curso",-,-,-,0,0,,,,,0,0,0,,,,,,,,,,,,,,,00:00:00,,
2026-08-01,2026-08-01,"SW ARG2  | 30/07",inactive,"7 días tras clic, 1 día tras visualización o 1 día tras visualización activa",,,380,1.036842,,2500,Diario,1598.32,"En curso",-,-,-,394,4056.649746,3,,532.773333,0.761421,6,1.522843,266.386667,1,1598.32,,,,,,,56,13,70,30,21,13,2,,
2026-08-01,2026-08-01,"SW ARG02 | 29/07",inactive,"7 días tras clic, 1 día tras visualización o 1 día tras visualización activa",,,374,1.02139,,2500,Diario,1774.35,"En curso",-,-,-,382,4644.895288,10,,177.435,2.617801,12,3.141361,147.8625,12,147.8625,,,,,,,91,53,163,93,74,53,3,,
2026-08-01,2026-08-01,"Catalogo | 28/07",inactive,"7 días tras clic, 1 día tras visualización o 1 día tras visualización activa",,,0,0,,2500,Diario,0,"En curso",-,-,-,0,0,,,,,0,0,0,,,,,,,,,,,,,,,00:00:00,,
2026-08-01,2026-08-01,"AD01 Sofia | 27/07",inactive,"7 días tras clic o 1 día tras visualización",,,328,1.054878,,2500,Diario,1765.69,"En curso",-,-,-,346,5103.150289,8,,220.71125,2.312139,9,2.601156,196.187778,8,220.71125,,,,,,,,,,,,,00:00:00,,
2026-08-01,2026-08-01,"3x2 Invierno | 24/07",inactive,"7 días tras clic, 1 día tras visualización o 1 día tras visualización activa",,,0,0,,3000,Diario,0,"En curso",-,-,-,0,0,,,,,0,0,0,,,,,,,,,,,,,,,00:00:00,,
2026-08-01,2026-08-01,"SW ARG02 | 23/07",inactive,"7 días tras clic, 1 día tras visualización o 1 día tras visualización activa",,,0,0,,2500,Diario,0,"En curso",-,-,-,0,0,,,,,0,0,0,,,,,,,,,,,,,,,00:00:00,,
2026-08-01,2026-08-01,"SW ARG02 | 22/07 Carrusel",inactive,"7 días tras clic, 1 día tras visualización o 1 día tras visualización activa",,,0,0,,2875,Diario,0,"En curso",-,-,-,0,0,,,,,0,0,0,,,,,,,,,,,,,,,00:00:00,,
2026-08-01,2026-08-01,"SW ARG02 | 22/07",inactive,"7 días tras clic, 1 día tras visualización o 1 día tras visualización activa",,,0,0,,2875,Diario,0,"En curso",-,-,-,0,0,,,,,0,0,0,,,,,,,,,,,,,,,00:00:00,,
2026-08-01,2026-08-01,"SW ARG | 19/07",inactive,"7 días tras clic, 1 día tras visualización o 1 día tras visualización activa",,,0,0,,2300,Diario,0,"En curso",-,-,-,0,0,,,,,0,0,0,,,,,,,,,,,,,,,00:00:00,,
2026-08-01,2026-08-01,"Sweater AFA  cupón | 10/07",inactive,"7 días tras clic, 1 día tras visualización o 1 día tras visualización activa",,,0,0,,2300,Diario,0,"En curso",-,-,-,0,0,,,,,0,0,0,,,,,,,,,,,,,,,00:00:00,,
2026-08-01,2026-08-01,"Ana tik tok | 06/07",inactive,"7 días tras clic, 1 día tras visualización o 1 día tras visualización activa",,,0,0,,3000,Diario,0,"En curso",-,-,-,0,0,,,,,0,0,0,,,,,,,,,,,,,,,00:00:00,,
2026-08-01,2026-08-01,"SW AFA | 02/07",inactive,"7 días tras clic, 1 día tras visualización o 1 día tras visualización activa",,,0,0,,3849,Diario,0,"En curso",-,-,-,0,0,,,,,0,0,0,,,,,,,,,,,,,,,00:00:00,,
2026-08-01,2026-08-01,"SW AFA | 30/06",inactive,"7 días tras clic, 1 día tras visualización o 1 día tras visualización activa",,,0,0,,2000,Diario,0,"En curso",-,-,-,0,0,,,,,0,0,0,,,,,,,,,,,,,,,00:00:00,,
2026-08-01,2026-08-01,"SW AFA | 30/06",not_delivering,"7 días tras clic, 1 día tras visualización o 1 día tras visualización activa",,,0,0,,2000,Diario,0,"En curso",-,-,-,0,0,,,,,0,0,0,,,,,,,,,,,,,,,00:00:00,,
2026-08-01,2026-08-01,"SW SOL | 27/06",inactive,"7 días tras clic, 1 día tras visualización o 1 día tras visualización activa",,,0,0,,3499,Diario,0,"En curso",-,-,-,0,0,,,,,0,0,0,,,,,,,,,,,,,,,00:00:00,,
2026-08-01,2026-08-01,"SW SOL | 19/06",inactive,"7 días tras clic, 1 día tras visualización o 1 día tras visualización activa",,,0,0,,2645,Diario,0,"En curso",-,-,-,0,0,,,,,0,0,0,,,,,,,,,,,,,,,00:00:00,,
2026-08-01,2026-08-01,"Ana tik tok",inactive,"7 días tras clic, 1 día tras visualización o 1 día tras visualización activa",,,0,0,,7781,Diario,0,"En curso",-,-,-,0,0,,,,,0,0,0,,,,,,,,,,,,,,,00:00:00,,
2026-07-31,2026-07-31,"Orgullosamente argentinas",active,"7 días tras clic, 1 día tras visualización o 1 día tras visualización activa",,,0,0,,15000,Diario,0,"En curso",-,-,-,0,0,,,,,0,0,0,,,,,,,,,,,,,,,00:00:00,,
2026-07-31,2026-07-31,"Cardigam Roma",active,"7 días tras clic, 1 día tras visualización o 1 día tras visualización activa",,,0,0,,15000,Diario,0,"En curso",-,-,-,0,0,,,,,0,0,0,,,,,,,,,,,,,,,00:00:00,,
2026-07-31,2026-07-31,"Catalogo + Video 5",active,"7 días tras clic, 1 día tras visualización o 1 día tras visualización activa",,,0,0,,15000,Diario,0,"En curso",-,-,-,0,0,,,,,0,0,0,,,,,,,,,,,,,,,00:00:00,,
2026-07-31,2026-07-31,"Catalogo + Video 4",active,"7 días tras clic, 1 día tras visualización o 1 día tras visualización activa",,,0,0,,15000,Diario,0,"En curso",-,-,-,0,0,,,,,0,0,0,,,,,,,,,,,,,,,00:00:00,,
2026-07-31,2026-07-31,"Catalogo + Video 3",active,"7 días tras clic, 1 día tras visualización o 1 día tras visualización activa",,,0,0,,15000,Diario,0,"En curso",-,-,-,0,0,,,,,0,0,0,,,,,,,,,,,,,,,00:00:00,,
2026-07-31,2026-07-31,"Catalogo + Video 2",active,"7 días tras clic, 1 día tras visualización o 1 día tras visualización activa",,,0,0,,15000,Diario,0,"En curso",-,-,-,0,0,,,,,0,0,0,,,,,,,,,,,,,,,00:00:00,,
2026-07-31,2026-07-31,"Catalogo + Video 1",active,"7 días tras clic, 1 día tras visualización o 1 día tras visualización activa",,,0,0,,15000,Diario,0,"En curso",-,-,-,0,0,,,,,0,0,0,,,,,,,,,,,,,,,00:00:00,,
2026-07-31,2026-07-31,"wtf arg | 13/02",inactive,"7 días tras clic, 1 día tras visualización o 1 día tras visualización activa",,,0,0,,5000,Diario,0,"En curso",-,-,-,0,0,,,,,0,0,0,,,,,,,,,,,,,,,00:00:00,,
2026-07-31,2026-07-31,"Cardigan  | 07/08",inactive,"7 días tras clic, 1 día tras visualización o 1 día tras visualización activa",,,0,0,,3000,Diario,0,"En curso",-,-,-,0,0,,,,,0,0,0,,,,,,,,,,,,,,,00:00:00,,
2026-07-31,2026-07-31,"SW ARG2  | 07/08 ULTIMOS",inactive,"7 días tras clic, 1 día tras visualización o 1 día tras visualización activa",,,0,0,,3000,Diario,0,"En curso",-,-,-,0,0,,,,,0,0,0,,,,,,,,,,,,,,,00:00:00,,
2026-07-31,2026-07-31,"Reviews | 06/08",not_delivering,"1 día tras clic",,,0,0,,1750,Diario,0,"En curso",-,-,-,0,0,,,,,0,0,0,,,,,,,,,,,,,,,00:00:00,,
2026-07-31,2026-07-31,"ANA TIK TOK | 06/08",not_delivering,"1 día tras clic",,,0,0,,1750,Diario,0,"En curso",-,-,-,0,0,,,,,0,0,0,,,,,,,,,,,,,,,00:00:00,,
2026-07-31,2026-07-31,"SW ARG2 | 06/08",inactive,"1 día tras clic",,,0,0,,1750,Diario,0,"En curso",-,-,-,0,0,,,,,0,0,0,,,,,,,,,,,,,,,00:00:00,,
2026-07-31,2026-07-31,"3x2 estatico | 05/08",inactive,"7 días tras clic, 1 día tras visualización o 1 día tras visualización activa",,,0,0,,5000,Diario,0,"En curso",-,-,-,0,0,,,,,0,0,0,,,,,,,,,,,,,,,00:00:00,,
2026-07-31,2026-07-31,"3x2 historia | 05/08",inactive,"7 días tras clic, 1 día tras visualización o 1 día tras visualización activa",,,0,0,,5000,Diario,0,"En curso",-,-,-,0,0,,,,,0,0,0,,,,,,,,,,,,,,,00:00:00,,
2026-07-31,2026-07-31,"3X2 feed | 05/08",inactive,"7 días tras clic, 1 día tras visualización o 1 día tras visualización activa",,,0,0,,5000,Diario,0,"En curso",-,-,-,0,0,,,,,0,0,0,,,,,,,,,,,,,,,00:00:00,,
2026-07-31,2026-07-31,"SW ARG2  | 03/08 ULTIMOS",inactive,"7 días tras clic, 1 día tras visualización o 1 día tras visualización activa",,,0,0,,3450,Diario,0,"En curso",-,-,-,0,0,,,,,0,0,0,,,,,,,,,,,,,,,00:00:00,,
2026-07-31,2026-07-31,"SW ARG2  | 03/08",inactive,"7 días tras clic, 1 día tras visualización o 1 día tras visualización activa",,,0,0,,3450,Diario,0,"En curso",-,-,-,0,0,,,,,0,0,0,,,,,,,,,,,,,,,00:00:00,,
2026-07-31,2026-07-31,"SW ARG2  | 30/07",inactive,"7 días tras clic, 1 día tras visualización o 1 día tras visualización activa",,,315,1.034921,,2500,Diario,2516.38,"En curso",-,-,-,326,7718.957055,8,,314.5475,2.453988,10,3.067485,251.638,10,251.638,1,,,,,,68,13,78,40,21,13,4,,
2026-07-31,2026-07-31,"SW ARG02 | 29/07",inactive,"7 días tras clic, 1 día tras visualización o 1 día tras visualización activa",,,470,1.034043,,2500,Diario,2457.1,"En curso",-,-,-,486,5055.761317,12,,204.758333,2.469136,18,3.703704,136.505556,8,307.1375,,,,,,,99,55,191,107,73,55,2,,
2026-07-31,2026-07-31,"Catalogo | 28/07",inactive,"7 días tras clic, 1 día tras visualización o 1 día tras visualización activa",,,257,1.22179,,2500,Diario,2278.54,"En curso",-,-,-,314,7256.496815,8,,284.8175,2.547771,9,2.866242,253.171111,5,455.708,,,,,,,,,,,,,00:00:00,,
2026-07-31,2026-07-31,"AD01 Sofia | 27/07",inactive,"7 días tras clic o 1 día tras visualización",,,470,1.087234,,2500,Diario,2544.52,"En curso",-,-,-,511,4979.491194,16,,159.0325,3.131115,20,3.913894,127.226,15,169.634667,,,,,,,,,,,,,00:00:00,,
2026-07-31,2026-07-31,"3x2 Invierno | 24/07",inactive,"7 días tras clic, 1 día tras visualización o 1 día tras visualización activa",,,0,0,,3000,Diario,0,"En curso",-,-,-,0,0,,,,,0,0,0,,,3,,,,,,,,,,,,00:00:00,,
2026-07-31,2026-07-31,"SW ARG02 | 23/07",inactive,"7 días tras clic, 1 día tras visualización o 1 día tras visualización activa",,,0,0,,2500,Diario,0,"En curso",-,-,-,0,0,,,,,0,0,0,,,,,,,,,,,,,,,00:00:00,,
2026-07-31,2026-07-31,"SW ARG02 | 22/07 Carrusel",inactive,"7 días tras clic, 1 día tras visualización o 1 día tras visualización activa",,,0,0,,2875,Diario,0,"En curso",-,-,-,0,0,,,,,0,0,0,,,,,,,,,,,,,,,00:00:00,,
2026-07-31,2026-07-31,"SW ARG02 | 22/07",inactive,"7 días tras clic, 1 día tras visualización o 1 día tras visualización activa",,,0,0,,2875,Diario,0,"En curso",-,-,-,0,0,,,,,0,0,0,,,,,,,,,,,,,,,00:00:00,,
2026-07-31,2026-07-31,"SW ARG | 19/07",inactive,"7 días tras clic, 1 día tras visualización o 1 día tras visualización activa",,,0,0,,2300,Diario,0,"En curso",-,-,-,0,0,,,,,0,0,0,,,,,,,,,,,,,,,00:00:00,,
2026-07-31,2026-07-31,"Sweater AFA  cupón | 10/07",inactive,"7 días tras clic, 1 día tras visualización o 1 día tras visualización activa",,,0,0,,2300,Diario,0,"En curso",-,-,-,0,0,,,,,0,0,0,,,,,,,,,,,,,,,00:00:00,,
2026-07-31,2026-07-31,"Ana tik tok | 06/07",inactive,"7 días tras clic, 1 día tras visualización o 1 día tras visualización activa",,,0,0,,3000,Diario,0,"En curso",-,-,-,0,0,,,,,0,0,0,,,,,,,,,,,,,,,00:00:00,,
2026-07-31,2026-07-31,"SW AFA | 02/07",inactive,"7 días tras clic, 1 día tras visualización o 1 día tras visualización activa",,,0,0,,3849,Diario,0,"En curso",-,-,-,0,0,,,,,0,0,0,,,,,,,,,,,,,,,00:00:00,,
2026-07-31,2026-07-31,"SW AFA | 30/06",inactive,"7 días tras clic, 1 día tras visualización o 1 día tras visualización activa",,,0,0,,2000,Diario,0,"En curso",-,-,-,0,0,,,,,0,0,0,,,,,,,,,,,,,,,00:00:00,,
2026-07-31,2026-07-31,"SW AFA | 30/06",not_delivering,"7 días tras clic, 1 día tras visualización o 1 día tras visualización activa",,,0,0,,2000,Diario,0,"En curso",-,-,-,0,0,,,,,0,0,0,,,,,,,,,,,,,,,00:00:00,,
2026-07-31,2026-07-31,"SW SOL | 27/06",inactive,"7 días tras clic, 1 día tras visualización o 1 día tras visualización activa",,,0,0,,3499,Diario,0,"En curso",-,-,-,0,0,,,,,0,0,0,,,,,,,,,,,,,,,00:00:00,,
2026-07-31,2026-07-31,"SW SOL | 19/06",inactive,"7 días tras clic, 1 día tras visualización o 1 día tras visualización activa",,,0,0,,2645,Diario,0,"En curso",-,-,-,0,0,,,,,0,0,0,,,,,,,,,,,,,,,00:00:00,,
2026-07-31,2026-07-31,"Ana tik tok",inactive,"7 días tras clic, 1 día tras visualización o 1 día tras visualización activa",,,0,0,,7781,Diario,0,"En curso",-,-,-,0,0,,,,,0,0,0,,,,,,,,,,,,,,,00:00:00,,
2026-07-30,2026-07-30,"Orgullosamente argentinas",active,"7 días tras clic, 1 día tras visualización o 1 día tras visualización activa",,,0,0,,15000,Diario,0,"En curso",-,-,-,0,0,,,,,0,0,0,,,,,,,,,,,,,,,00:00:00,,
2026-07-30,2026-07-30,"Cardigam Roma",active,"7 días tras clic, 1 día tras visualización o 1 día tras visualización activa",,,0,0,,15000,Diario,0,"En curso",-,-,-,0,0,,,,,0,0,0,,,,,,,,,,,,,,,00:00:00,,
2026-07-30,2026-07-30,"Catalogo + Video 5",active,"7 días tras clic, 1 día tras visualización o 1 día tras visualización activa",,,0,0,,15000,Diario,0,"En curso",-,-,-,0,0,,,,,0,0,0,,,,,,,,,,,,,,,00:00:00,,
2026-07-30,2026-07-30,"Catalogo + Video 4",active,"7 días tras clic, 1 día tras visualización o 1 día tras visualización activa",,,0,0,,15000,Diario,0,"En curso",-,-,-,0,0,,,,,0,0,0,,,,,,,,,,,,,,,00:00:00,,
2026-07-30,2026-07-30,"Catalogo + Video 3",active,"7 días tras clic, 1 día tras visualización o 1 día tras visualización activa",,,0,0,,15000,Diario,0,"En curso",-,-,-,0,0,,,,,0,0,0,,,,,,,,,,,,,,,00:00:00,,
2026-07-30,2026-07-30,"Catalogo + Video 2",active,"7 días tras clic, 1 día tras visualización o 1 día tras visualización activa",,,0,0,,15000,Diario,0,"En curso",-,-,-,0,0,,,,,0,0,0,,,,,,,,,,,,,,,00:00:00,,
2026-07-30,2026-07-30,"Catalogo + Video 1",active,"7 días tras clic, 1 día tras visualización o 1 día tras visualización activa",,,0,0,,15000,Diario,0,"En curso",-,-,-,0,0,,,,,0,0,0,,,,,,,,,,,,,,,00:00:00,,
2026-07-30,2026-07-30,"wtf arg | 13/02",inactive,"7 días tras clic, 1 día tras visualización o 1 día tras visualización activa",,,0,0,,5000,Diario,0,"En curso",-,-,-,0,0,,,,,0,0,0,,,,,,,,,,,,,,,00:00:00,,
2026-07-30,2026-07-30,"Cardigan  | 07/08",inactive,"7 días tras clic, 1 día tras visualización o 1 día tras visualización activa",,,0,0,,3000,Diario,0,"En curso",-,-,-,0,0,,,,,0,0,0,,,,,,,,,,,,,,,00:00:00,,
2026-07-30,2026-07-30,"SW ARG2  | 07/08 ULTIMOS",inactive,"7 días tras clic, 1 día tras visualización o 1 día tras visualización activa",,,0,0,,3000,Diario,0,"En curso",-,-,-,0,0,,,,,0,0,0,,,,,,,,,,,,,,,00:00:00,,
2026-07-30,2026-07-30,"Reviews | 06/08",not_delivering,"1 día tras clic",,,0,0,,1750,Diario,0,"En curso",-,-,-,0,0,,,,,0,0,0,,,,,,,,,,,,,,,00:00:00,,
2026-07-30,2026-07-30,"ANA TIK TOK | 06/08",not_delivering,"1 día tras clic",,,0,0,,1750,Diario,0,"En curso",-,-,-,0,0,,,,,0,0,0,,,,,,,,,,,,,,,00:00:00,,
2026-07-30,2026-07-30,"SW ARG2 | 06/08",inactive,"1 día tras clic",,,0,0,,1750,Diario,0,"En curso",-,-,-,0,0,,,,,0,0,0,,,,,,,,,,,,,,,00:00:00,,
2026-07-30,2026-07-30,"3x2 estatico | 05/08",inactive,"7 días tras clic, 1 día tras visualización o 1 día tras visualización activa",,,0,0,,5000,Diario,0,"En curso",-,-,-,0,0,,,,,0,0,0,,,,,,,,,,,,,,,00:00:00,,
2026-07-30,2026-07-30,"3x2 historia | 05/08",inactive,"7 días tras clic, 1 día tras visualización o 1 día tras visualización activa",,,0,0,,5000,Diario,0,"En curso",-,-,-,0,0,,,,,0,0,0,,,,,,,,,,,,,,,00:00:00,,
2026-07-30,2026-07-30,"3X2 feed | 05/08",inactive,"7 días tras clic, 1 día tras visualización o 1 día tras visualización activa",,,0,0,,5000,Diario,0,"En curso",-,-,-,0,0,,,,,0,0,0,,,,,,,,,,,,,,,00:00:00,,
2026-07-30,2026-07-30,"SW ARG2  | 03/08 ULTIMOS",inactive,"7 días tras clic, 1 día tras visualización o 1 día tras visualización activa",,,0,0,,3450,Diario,0,"En curso",-,-,-,0,0,,,,,0,0,0,,,,,,,,,,,,,,,00:00:00,,
2026-07-30,2026-07-30,"SW ARG2  | 03/08",inactive,"7 días tras clic, 1 día tras visualización o 1 día tras visualización activa",,,0,0,,3450,Diario,0,"En curso",-,-,-,0,0,,,,,0,0,0,,,,,,,,,,,,,,,00:00:00,,
2026-07-30,2026-07-30,"SW ARG2  | 30/07",inactive,"7 días tras clic, 1 día tras visualización o 1 día tras visualización activa",,,363,1.022039,,2500,Diario,2193.47,"En curso",-,-,-,371,5912.318059,5,,438.694,1.347709,6,1.617251,365.578333,5,438.694,,,,,,,55,18,74,32,21,18,2,,
2026-07-30,2026-07-30,"SW ARG02 | 29/07",inactive,"7 días tras clic, 1 día tras visualización o 1 día tras visualización activa",,,835,1.026347,,2500,Diario,2560.87,"En curso","Por encima del promedio",Promedio,"Por debajo del promedio - 35% de los anuncios menos relevantes",857,2988.179697,15,,170.724667,1.750292,21,2.450408,121.94619,13,196.99,,,,,,,154,67,310,164,97,67,2,,
2026-07-30,2026-07-30,"Catalogo | 28/07",inactive,"7 días tras clic, 1 día tras visualización o 1 día tras visualización activa",,,310,1.316129,,2500,Diario,2451.64,"En curso",-,-,-,408,6008.921569,8,,306.455,1.960784,9,2.205882,272.404444,4,612.91,,,,,,,,,,,,,1,,
2026-07-30,2026-07-30,"AD01 Sofia | 27/07",inactive,"7 días tras clic o 1 día tras visualización",,,448,1.120536,,2500,Diario,2923.52,"En curso",-,-,-,502,5823.74502,11,,265.774545,2.191235,17,3.386454,171.971765,13,224.886154,,,,,,,,,,,,,00:00:00,,
2026-07-30,2026-07-30,"3x2 Invierno | 24/07",inactive,"7 días tras clic, 1 día tras visualización o 1 día tras visualización activa",,,0,0,,3000,Diario,0,"En curso",-,-,-,0,0,,,,,0,0,0,,,,,,,,,,,,,,,00:00:00,,
2026-07-30,2026-07-30,"SW ARG02 | 23/07",inactive,"7 días tras clic, 1 día tras visualización o 1 día tras visualización activa",,,0,0,,2500,Diario,0,"En curso",-,-,-,0,0,,,,,0,0,0,,,,,,,,,,,,,,,00:00:00,,
2026-07-30,2026-07-30,"SW ARG02 | 22/07 Carrusel",inactive,"7 días tras clic, 1 día tras visualización o 1 día tras visualización activa",,,0,0,,2875,Diario,0,"En curso",-,-,-,0,0,,,,,0,0,0,,,,,,,,,,,,,,,00:00:00,,
2026-07-30,2026-07-30,"SW ARG02 | 22/07",inactive,"7 días tras clic, 1 día tras visualización o 1 día tras visualización activa",,,0,0,,2875,Diario,0,"En curso",-,-,-,0,0,,,,,0,0,0,,,,,,,,,,,,,,,00:00:00,,
2026-07-30,2026-07-30,"SW ARG | 19/07",inactive,"7 días tras clic, 1 día tras visualización o 1 día tras visualización activa",,,0,0,,2300,Diario,0,"En curso",-,-,-,0,0,,,,,0,0,0,,,,,,,,,,,,,,,00:00:00,,
2026-07-30,2026-07-30,"Sweater AFA  cupón | 10/07",inactive,"7 días tras clic, 1 día tras visualización o 1 día tras visualización activa",,,0,0,,2300,Diario,0,"En curso",-,-,-,0,0,,,,,0,0,0,,,,,,,,,,,,,,,00:00:00,,
2026-07-30,2026-07-30,"Ana tik tok | 06/07",inactive,"7 días tras clic, 1 día tras visualización o 1 día tras visualización activa",,,0,0,,3000,Diario,0,"En curso",-,-,-,0,0,,,,,0,0,0,,,,,,,,,,,,,,,00:00:00,,
2026-07-30,2026-07-30,"SW AFA | 02/07",inactive,"7 días tras clic, 1 día tras visualización o 1 día tras visualización activa",,,0,0,,3849,Diario,0,"En curso",-,-,-,0,0,,,,,0,0,0,,,,,,,,,,,,,,,00:00:00,,
2026-07-30,2026-07-30,"SW AFA | 30/06",inactive,"7 días tras clic, 1 día tras visualización o 1 día tras visualización activa",,,0,0,,2000,Diario,0,"En curso",-,-,-,0,0,,,,,0,0,0,,,,,,,,,,,,,,,00:00:00,,
2026-07-30,2026-07-30,"SW AFA | 30/06",not_delivering,"7 días tras clic, 1 día tras visualización o 1 día tras visualización activa",,,0,0,,2000,Diario,0,"En curso",-,-,-,0,0,,,,,0,0,0,,,,,,,,,,,,,,,00:00:00,,
2026-07-30,2026-07-30,"SW SOL | 27/06",inactive,"7 días tras clic, 1 día tras visualización o 1 día tras visualización activa",,,0,0,,3499,Diario,0,"En curso",-,-,-,0,0,,,,,0,0,0,,,,,,,,,,,,,,,00:00:00,,
2026-07-30,2026-07-30,"SW SOL | 19/06",inactive,"7 días tras clic, 1 día tras visualización o 1 día tras visualización activa",,,0,0,,2645,Diario,0,"En curso",-,-,-,0,0,,,,,0,0,0,,,,,,,,,,,,,,,00:00:00,,
2026-07-30,2026-07-30,"Ana tik tok",inactive,"7 días tras clic, 1 día tras visualización o 1 día tras visualización activa",,,0,0,,7781,Diario,0,"En curso",-,-,-,0,0,,,,,0,0,0,,,,,,,,,,,,,,,00:00:00,,
2026-07-29,2026-07-29,"Orgullosamente argentinas",active,"7 días tras clic, 1 día tras visualización o 1 día tras visualización activa",,,0,0,,15000,Diario,0,"En curso",-,-,-,0,0,,,,,0,0,0,,,,,,,,,,,,,,,00:00:00,,
2026-07-29,2026-07-29,"Cardigam Roma",active,"7 días tras clic, 1 día tras visualización o 1 día tras visualización activa",,,0,0,,15000,Diario,0,"En curso",-,-,-,0,0,,,,,0,0,0,,,,,,,,,,,,,,,00:00:00,,
2026-07-29,2026-07-29,"Catalogo + Video 5",active,"7 días tras clic, 1 día tras visualización o 1 día tras visualización activa",,,0,0,,15000,Diario,0,"En curso",-,-,-,0,0,,,,,0,0,0,,,,,,,,,,,,,,,00:00:00,,
2026-07-29,2026-07-29,"Catalogo + Video 4",active,"7 días tras clic, 1 día tras visualización o 1 día tras visualización activa",,,0,0,,15000,Diario,0,"En curso",-,-,-,0,0,,,,,0,0,0,,,,,,,,,,,,,,,00:00:00,,
2026-07-29,2026-07-29,"Catalogo + Video 3",active,"7 días tras clic, 1 día tras visualización o 1 día tras visualización activa",,,0,0,,15000,Diario,0,"En curso",-,-,-,0,0,,,,,0,0,0,,,,,,,,,,,,,,,00:00:00,,
2026-07-29,2026-07-29,"Catalogo + Video 2",active,"7 días tras clic, 1 día tras visualización o 1 día tras visualización activa",,,0,0,,15000,Diario,0,"En curso",-,-,-,0,0,,,,,0,0,0,,,,,,,,,,,,,,,00:00:00,,
2026-07-29,2026-07-29,"Catalogo + Video 1",active,"7 días tras clic, 1 día tras visualización o 1 día tras visualización activa",,,0,0,,15000,Diario,0,"En curso",-,-,-,0,0,,,,,0,0,0,,,,,,,,,,,,,,,00:00:00,,
2026-07-29,2026-07-29,"wtf arg | 13/02",inactive,"7 días tras clic, 1 día tras visualización o 1 día tras visualización activa",,,0,0,,5000,Diario,0,"En curso",-,-,-,0,0,,,,,0,0,0,,,,,,,,,,,,,,,00:00:00,,
2026-07-29,2026-07-29,"Cardigan  | 07/08",inactive,"7 días tras clic, 1 día tras visualización o 1 día tras visualización activa",,,0,0,,3000,Diario,0,"En curso",-,-,-,0,0,,,,,0,0,0,,,,,,,,,,,,,,,00:00:00,,
2026-07-29,2026-07-29,"SW ARG2  | 07/08 ULTIMOS",inactive,"7 días tras clic, 1 día tras visualización o 1 día tras visualización activa",,,0,0,,3000,Diario,0,"En curso",-,-,-,0,0,,,,,0,0,0,,,,,,,,,,,,,,,00:00:00,,
2026-07-29,2026-07-29,"Reviews | 06/08",not_delivering,"1 día tras clic",,,0,0,,1750,Diario,0,"En curso",-,-,-,0,0,,,,,0,0,0,,,,,,,,,,,,,,,00:00:00,,
2026-07-29,2026-07-29,"ANA TIK TOK | 06/08",not_delivering,"1 día tras clic",,,0,0,,1750,Diario,0,"En curso",-,-,-,0,0,,,,,0,0,0,,,,,,,,,,,,,,,00:00:00,,
2026-07-29,2026-07-29,"SW ARG2 | 06/08",inactive,"1 día tras clic",,,0,0,,1750,Diario,0,"En curso",-,-,-,0,0,,,,,0,0,0,,,,,,,,,,,,,,,00:00:00,,
2026-07-29,2026-07-29,"3x2 estatico | 05/08",inactive,"7 días tras clic, 1 día tras visualización o 1 día tras visualización activa",,,0,0,,5000,Diario,0,"En curso",-,-,-,0,0,,,,,0,0,0,,,,,,,,,,,,,,,00:00:00,,
2026-07-29,2026-07-29,"3x2 historia | 05/08",inactive,"7 días tras clic, 1 día tras visualización o 1 día tras visualización activa",,,0,0,,5000,Diario,0,"En curso",-,-,-,0,0,,,,,0,0,0,,,,,,,,,,,,,,,00:00:00,,
2026-07-29,2026-07-29,"3X2 feed | 05/08",inactive,"7 días tras clic, 1 día tras visualización o 1 día tras visualización activa",,,0,0,,5000,Diario,0,"En curso",-,-,-,0,0,,,,,0,0,0,,,,,,,,,,,,,,,00:00:00,,
2026-07-29,2026-07-29,"SW ARG2  | 03/08 ULTIMOS",inactive,"7 días tras clic, 1 día tras visualización o 1 día tras visualización activa",,,0,0,,3450,Diario,0,"En curso",-,-,-,0,0,,,,,0,0,0,,,,,,,,,,,,,,,00:00:00,,
2026-07-29,2026-07-29,"SW ARG2  | 03/08",inactive,"7 días tras clic, 1 día tras visualización o 1 día tras visualización activa",,,0,0,,3450,Diario,0,"En curso",-,-,-,0,0,,,,,0,0,0,,,,,,,,,,,,,,,00:00:00,,
2026-07-29,2026-07-29,"SW ARG2  | 30/07",inactive,"7 días tras clic, 1 día tras visualización o 1 día tras visualización activa",,,0,0,,2500,Diario,0,"En curso",-,-,-,0,0,,,,,0,0,0,,,,,,,,,,,,,,,00:00:00,,
2026-07-29,2026-07-29,"SW ARG02 | 29/07",inactive,"7 días tras clic, 1 día tras visualización o 1 día tras visualización activa",,,661,1.033283,,2500,Diario,2158.48,"En curso","Por encima del promedio",Promedio,"Por debajo del promedio - 35% de los anuncios menos relevantes",683,3160.292826,16,,134.905,2.342606,19,2.781845,113.604211,13,166.036923,,,,,,,132,57,270,139,88,57,2,,
2026-07-29,2026-07-29,"Catalogo | 28/07",inactive,"7 días tras clic, 1 día tras visualización o 1 día tras visualización activa",,,341,1.337243,,2500,Diario,2741.62,"En curso",-,-,-,456,6012.324561,10,,274.162,2.192982,11,2.412281,249.238182,6,456.936667,1,,,,,,,,,,,,1,,
2026-07-29,2026-07-29,"AD01 Sofia | 27/07",inactive,"7 días tras clic o 1 día tras visualización",,,425,1.101176,,2500,Diario,2594.73,"En curso",-,-,-,468,5544.294872,16,,162.170625,3.418803,21,4.487179,123.558571,13,199.594615,4,2,,,,,,,,,,,00:00:00,,
2026-07-29,2026-07-29,"3x2 Invierno | 24/07",inactive,"7 días tras clic, 1 día tras visualización o 1 día tras visualización activa",,,0,0,,3000,Diario,0,"En curso",-,-,-,0,0,,,,,0,0,0,,,8,,,,,,,,,,,,00:00:00,,
2026-07-29,2026-07-29,"SW ARG02 | 23/07",inactive,"7 días tras clic, 1 día tras visualización o 1 día tras visualización activa",,,0,0,,2500,Diario,0,"En curso",-,-,-,0,0,,,,,0,0,0,,,,,,,,,,,,,,,00:00:00,,
2026-07-29,2026-07-29,"SW ARG02 | 22/07 Carrusel",inactive,"7 días tras clic, 1 día tras visualización o 1 día tras visualización activa",,,0,0,,2875,Diario,0,"En curso",-,-,-,0,0,,,,,0,0,0,,,,,,,,,,,,,,,00:00:00,,
2026-07-29,2026-07-29,"SW ARG02 | 22/07",inactive,"7 días tras clic, 1 día tras visualización o 1 día tras visualización activa",,,0,0,,2875,Diario,0,"En curso",-,-,-,0,0,,,,,0,0,0,1,0,,,,,,,,,,,,,00:00:00,,
2026-07-29,2026-07-29,"SW ARG | 19/07",inactive,"7 días tras clic, 1 día tras visualización o 1 día tras visualización activa",,,0,0,,2300,Diario,0,"En curso",-,-,-,0,0,,,,,0,0,0,,,,,,,,,,,,,,,00:00:00,,
2026-07-29,2026-07-29,"Sweater AFA  cupón | 10/07",inactive,"7 días tras clic, 1 día tras visualización o 1 día tras visualización activa",,,0,0,,2300,Diario,0,"En curso",-,-,-,0,0,,,,,0,0,0,,,,,,,,,,,,,,,00:00:00,,
2026-07-29,2026-07-29,"Ana tik tok | 06/07",inactive,"7 días tras clic, 1 día tras visualización o 1 día tras visualización activa",,,0,0,,3000,Diario,0,"En curso",-,-,-,0,0,,,,,0,0,0,,,,,,,,,,,,,,,00:00:00,,
2026-07-29,2026-07-29,"SW AFA | 02/07",inactive,"7 días tras clic, 1 día tras visualización o 1 día tras visualización activa",,,0,0,,3849,Diario,0,"En curso",-,-,-,0,0,,,,,0,0,0,,,,,,,,,,,,,,,00:00:00,,
2026-07-29,2026-07-29,"SW AFA | 30/06",inactive,"7 días tras clic, 1 día tras visualización o 1 día tras visualización activa",,,0,0,,2000,Diario,0,"En curso",-,-,-,0,0,,,,,0,0,0,,,,,,,,,,,,,,,00:00:00,,
2026-07-29,2026-07-29,"SW AFA | 30/06",not_delivering,"7 días tras clic, 1 día tras visualización o 1 día tras visualización activa",,,0,0,,2000,Diario,0,"En curso",-,-,-,0,0,,,,,0,0,0,,,,,,,,,,,,,,,00:00:00,,
2026-07-29,2026-07-29,"SW SOL | 27/06",inactive,"7 días tras clic, 1 día tras visualización o 1 día tras visualización activa",,,0,0,,3499,Diario,0,"En curso",-,-,-,0,0,,,,,0,0,0,,,,,,,,,,,,,,,00:00:00,,
2026-07-29,2026-07-29,"SW SOL | 19/06",inactive,"7 días tras clic, 1 día tras visualización o 1 día tras visualización activa",,,0,0,,2645,Diario,0,"En curso",-,-,-,0,0,,,,,0,0,0,,,,,,,,,,,,,,,00:00:00,,
2026-07-29,2026-07-29,"Ana tik tok",inactive,"7 días tras clic, 1 día tras visualización o 1 día tras visualización activa",,,0,0,,7781,Diario,0,"En curso",-,-,-,0,0,,,,,0,0,0,,,,,,,,,,,,,,,00:00:00,,
2026-07-28,2026-07-28,"Orgullosamente argentinas",active,"7 días tras clic, 1 día tras visualización o 1 día tras visualización activa",,,0,0,,15000,Diario,0,"En curso",-,-,-,0,0,,,,,0,0,0,,,,,,,,,,,,,,,00:00:00,,
2026-07-28,2026-07-28,"Cardigam Roma",active,"7 días tras clic, 1 día tras visualización o 1 día tras visualización activa",,,0,0,,15000,Diario,0,"En curso",-,-,-,0,0,,,,,0,0,0,,,,,,,,,,,,,,,00:00:00,,
2026-07-28,2026-07-28,"Catalogo + Video 5",active,"7 días tras clic, 1 día tras visualización o 1 día tras visualización activa",,,0,0,,15000,Diario,0,"En curso",-,-,-,0,0,,,,,0,0,0,,,,,,,,,,,,,,,00:00:00,,
2026-07-28,2026-07-28,"Catalogo + Video 4",active,"7 días tras clic, 1 día tras visualización o 1 día tras visualización activa",,,0,0,,15000,Diario,0,"En curso",-,-,-,0,0,,,,,0,0,0,,,,,,,,,,,,,,,00:00:00,,
2026-07-28,2026-07-28,"Catalogo + Video 3",active,"7 días tras clic, 1 día tras visualización o 1 día tras visualización activa",,,0,0,,15000,Diario,0,"En curso",-,-,-,0,0,,,,,0,0,0,,,,,,,,,,,,,,,00:00:00,,
2026-07-28,2026-07-28,"Catalogo + Video 2",active,"7 días tras clic, 1 día tras visualización o 1 día tras visualización activa",,,0,0,,15000,Diario,0,"En curso",-,-,-,0,0,,,,,0,0,0,,,,,,,,,,,,,,,00:00:00,,
2026-07-28,2026-07-28,"Catalogo + Video 1",active,"7 días tras clic, 1 día tras visualización o 1 día tras visualización activa",,,0,0,,15000,Diario,0,"En curso",-,-,-,0,0,,,,,0,0,0,,,,,,,,,,,,,,,00:00:00,,
2026-07-28,2026-07-28,"wtf arg | 13/02",inactive,"7 días tras clic, 1 día tras visualización o 1 día tras visualización activa",,,0,0,,5000,Diario,0,"En curso",-,-,-,0,0,,,,,0,0,0,,,,,,,,,,,,,,,00:00:00,,
2026-07-28,2026-07-28,"Cardigan  | 07/08",inactive,"7 días tras clic, 1 día tras visualización o 1 día tras visualización activa",,,0,0,,3000,Diario,0,"En curso",-,-,-,0,0,,,,,0,0,0,,,,,,,,,,,,,,,00:00:00,,
2026-07-28,2026-07-28,"SW ARG2  | 07/08 ULTIMOS",inactive,"7 días tras clic, 1 día tras visualización o 1 día tras visualización activa",,,0,0,,3000,Diario,0,"En curso",-,-,-,0,0,,,,,0,0,0,,,,,,,,,,,,,,,00:00:00,,
2026-07-28,2026-07-28,"Reviews | 06/08",not_delivering,"1 día tras clic",,,0,0,,1750,Diario,0,"En curso",-,-,-,0,0,,,,,0,0,0,,,,,,,,,,,,,,,00:00:00,,
2026-07-28,2026-07-28,"ANA TIK TOK | 06/08",not_delivering,"1 día tras clic",,,0,0,,1750,Diario,0,"En curso",-,-,-,0,0,,,,,0,0,0,,,,,,,,,,,,,,,00:00:00,,
2026-07-28,2026-07-28,"SW ARG2 | 06/08",inactive,"1 día tras clic",,,0,0,,1750,Diario,0,"En curso",-,-,-,0,0,,,,,0,0,0,,,,,,,,,,,,,,,00:00:00,,
2026-07-28,2026-07-28,"3x2 estatico | 05/08",inactive,"7 días tras clic, 1 día tras visualización o 1 día tras visualización activa",,,0,0,,5000,Diario,0,"En curso",-,-,-,0,0,,,,,0,0,0,,,,,,,,,,,,,,,00:00:00,,
2026-07-28,2026-07-28,"3x2 historia | 05/08",inactive,"7 días tras clic, 1 día tras visualización o 1 día tras visualización activa",,,0,0,,5000,Diario,0,"En curso",-,-,-,0,0,,,,,0,0,0,,,,,,,,,,,,,,,00:00:00,,
2026-07-28,2026-07-28,"3X2 feed | 05/08",inactive,"7 días tras clic, 1 día tras visualización o 1 día tras visualización activa",,,0,0,,5000,Diario,0,"En curso",-,-,-,0,0,,,,,0,0,0,,,,,,,,,,,,,,,00:00:00,,
2026-07-28,2026-07-28,"SW ARG2  | 03/08 ULTIMOS",inactive,"7 días tras clic, 1 día tras visualización o 1 día tras visualización activa",,,0,0,,3450,Diario,0,"En curso",-,-,-,0,0,,,,,0,0,0,,,,,,,,,,,,,,,00:00:00,,
2026-07-28,2026-07-28,"SW ARG2  | 03/08",inactive,"7 días tras clic, 1 día tras visualización o 1 día tras visualización activa",,,0,0,,3450,Diario,0,"En curso",-,-,-,0,0,,,,,0,0,0,,,,,,,,,,,,,,,00:00:00,,
2026-07-28,2026-07-28,"SW ARG2  | 30/07",inactive,"7 días tras clic, 1 día tras visualización o 1 día tras visualización activa",,,0,0,,2500,Diario,0,"En curso",-,-,-,0,0,,,,,0,0,0,,,,,,,,,,,,,,,00:00:00,,
2026-07-28,2026-07-28,"SW ARG02 | 29/07",inactive,"7 días tras clic, 1 día tras visualización o 1 día tras visualización activa",,,0,0,,2500,Diario,0,"En curso",-,-,-,0,0,,,,,0,0,0,,,,,,,,,,,,,,,00:00:00,,
2026-07-28,2026-07-28,"Catalogo | 28/07",inactive,"7 días tras clic, 1 día tras visualización o 1 día tras visualización activa",,,292,1.256849,,2500,Diario,2298.59,"En curso",-,-,-,367,6263.188011,4,,574.6475,1.089918,7,1.907357,328.37,4,574.6475,,,,,,,,,,,,,0,,
2026-07-28,2026-07-28,"AD01 Sofia | 27/07",inactive,"7 días tras clic o 1 día tras visualización",,,573,1.108202,,2500,Diario,2307.51,"En curso",-,-,-,635,3633.874016,19,,121.447895,2.992126,23,3.622047,100.326522,18,128.195,4,,,,,,,,,,,,00:00:00,,
2026-07-28,2026-07-28,"3x2 Invierno | 24/07",inactive,"7 días tras clic, 1 día tras visualización o 1 día tras visualización activa",,,34,1.029412,,3000,Diario,501.5,"En curso",-,-,-,35,14328.571429,1,,501.5,2.857143,2,5.714286,250.75,1,501.5,,,,,,,6,,4,2,1,,2,,
2026-07-28,2026-07-28,"SW ARG02 | 23/07",inactive,"7 días tras clic, 1 día tras visualización o 1 día tras visualización activa",,,25,1.04,,2500,Diario,167.72,"En curso",-,-,-,26,6450.769231,,,,,0,0,0,,,,,,,,,5,,4,1,1,,1,,
2026-07-28,2026-07-28,"SW ARG02 | 22/07 Carrusel",inactive,"7 días tras clic, 1 día tras visualización o 1 día tras visualización activa",,,0,0,,2875,Diario,0,"En curso",-,-,-,0,0,,,,,0,0,0,,,,,,,,,,,,,,,00:00:00,,
2026-07-28,2026-07-28,"SW ARG02 | 22/07",inactive,"7 días tras clic, 1 día tras visualización o 1 día tras visualización activa",,,64,1.015625,,2875,Diario,426.78,"En curso",-,-,-,65,6565.846154,1,,426.78,1.538462,1,1.538462,426.78,1,426.78,,,,,,,20,6,24,12,8,6,4,,
2026-07-28,2026-07-28,"SW ARG | 19/07",inactive,"7 días tras clic, 1 día tras visualización o 1 día tras visualización activa",,,0,0,,2300,Diario,0,"En curso",-,-,-,0,0,,,,,0,0,0,,,,,,,,,,,,,,,00:00:00,,
2026-07-28,2026-07-28,"Sweater AFA  cupón | 10/07",inactive,"7 días tras clic, 1 día tras visualización o 1 día tras visualización activa",,,0,0,,2300,Diario,0,"En curso",-,-,-,0,0,,,,,0,0,0,,,,,,,,,,,,,,,00:00:00,,
2026-07-28,2026-07-28,"Ana tik tok | 06/07",inactive,"7 días tras clic, 1 día tras visualización o 1 día tras visualización activa",,,0,0,,3000,Diario,0,"En curso",-,-,-,0,0,,,,,0,0,0,,,,,,,,,,,,,,,00:00:00,,
2026-07-28,2026-07-28,"SW AFA | 02/07",inactive,"7 días tras clic, 1 día tras visualización o 1 día tras visualización activa",,,0,0,,3849,Diario,0,"En curso",-,-,-,0,0,,,,,0,0,0,,,,,,,,,,,,,,,00:00:00,,
2026-07-28,2026-07-28,"SW AFA | 30/06",inactive,"7 días tras clic, 1 día tras visualización o 1 día tras visualización activa",,,0,0,,2000,Diario,0,"En curso",-,-,-,0,0,,,,,0,0,0,,,,,,,,,,,,,,,00:00:00,,
2026-07-28,2026-07-28,"SW AFA | 30/06",not_delivering,"7 días tras clic, 1 día tras visualización o 1 día tras visualización activa",,,0,0,,2000,Diario,0,"En curso",-,-,-,0,0,,,,,0,0,0,,,,,,,,,,,,,,,00:00:00,,
2026-07-28,2026-07-28,"SW SOL | 27/06",inactive,"7 días tras clic, 1 día tras visualización o 1 día tras visualización activa",,,0,0,,3499,Diario,0,"En curso",-,-,-,0,0,,,,,0,0,0,,,,,,,,,,,,,,,00:00:00,,
2026-07-28,2026-07-28,"SW SOL | 19/06",inactive,"7 días tras clic, 1 día tras visualización o 1 día tras visualización activa",,,0,0,,2645,Diario,0,"En curso",-,-,-,0,0,,,,,0,0,0,,,,,,,,,,,,,,,00:00:00,,
2026-07-28,2026-07-28,"Ana tik tok",inactive,"7 días tras clic, 1 día tras visualización o 1 día tras visualización activa",,,0,0,,7781,Diario,0,"En curso",-,-,-,0,0,,,,,0,0,0,,,,,,,,,,,,,,,00:00:00,,
2026-07-27,2026-07-27,"Orgullosamente argentinas",active,"7 días tras clic, 1 día tras visualización o 1 día tras visualización activa",,,0,0,,15000,Diario,0,"En curso",-,-,-,0,0,,,,,0,0,0,,,,,,,,,,,,,,,00:00:00,,
2026-07-27,2026-07-27,"Cardigam Roma",active,"7 días tras clic, 1 día tras visualización o 1 día tras visualización activa",,,0,0,,15000,Diario,0,"En curso",-,-,-,0,0,,,,,0,0,0,,,,,,,,,,,,,,,00:00:00,,
2026-07-27,2026-07-27,"Catalogo + Video 5",active,"7 días tras clic, 1 día tras visualización o 1 día tras visualización activa",,,0,0,,15000,Diario,0,"En curso",-,-,-,0,0,,,,,0,0,0,,,,,,,,,,,,,,,00:00:00,,
2026-07-27,2026-07-27,"Catalogo + Video 4",active,"7 días tras clic, 1 día tras visualización o 1 día tras visualización activa",,,0,0,,15000,Diario,0,"En curso",-,-,-,0,0,,,,,0,0,0,,,,,,,,,,,,,,,00:00:00,,
2026-07-27,2026-07-27,"Catalogo + Video 3",active,"7 días tras clic, 1 día tras visualización o 1 día tras visualización activa",,,0,0,,15000,Diario,0,"En curso",-,-,-,0,0,,,,,0,0,0,,,,,,,,,,,,,,,00:00:00,,
2026-07-27,2026-07-27,"Catalogo + Video 2",active,"7 días tras clic, 1 día tras visualización o 1 día tras visualización activa",,,0,0,,15000,Diario,0,"En curso",-,-,-,0,0,,,,,0,0,0,,,,,,,,,,,,,,,00:00:00,,
2026-07-27,2026-07-27,"Catalogo + Video 1",active,"7 días tras clic, 1 día tras visualización o 1 día tras visualización activa",,,0,0,,15000,Diario,0,"En curso",-,-,-,0,0,,,,,0,0,0,,,,,,,,,,,,,,,00:00:00,,
2026-07-27,2026-07-27,"wtf arg | 13/02",inactive,"7 días tras clic, 1 día tras visualización o 1 día tras visualización activa",,,0,0,,5000,Diario,0,"En curso",-,-,-,0,0,,,,,0,0,0,,,,,,,,,,,,,,,00:00:00,,
2026-07-27,2026-07-27,"Cardigan  | 07/08",inactive,"7 días tras clic, 1 día tras visualización o 1 día tras visualización activa",,,0,0,,3000,Diario,0,"En curso",-,-,-,0,0,,,,,0,0,0,,,,,,,,,,,,,,,00:00:00,,
2026-07-27,2026-07-27,"SW ARG2  | 07/08 ULTIMOS",inactive,"7 días tras clic, 1 día tras visualización o 1 día tras visualización activa",,,0,0,,3000,Diario,0,"En curso",-,-,-,0,0,,,,,0,0,0,,,,,,,,,,,,,,,00:00:00,,
2026-07-27,2026-07-27,"Reviews | 06/08",not_delivering,"1 día tras clic",,,0,0,,1750,Diario,0,"En curso",-,-,-,0,0,,,,,0,0,0,,,,,,,,,,,,,,,00:00:00,,
2026-07-27,2026-07-27,"ANA TIK TOK | 06/08",not_delivering,"1 día tras clic",,,0,0,,1750,Diario,0,"En curso",-,-,-,0,0,,,,,0,0,0,,,,,,,,,,,,,,,00:00:00,,
2026-07-27,2026-07-27,"SW ARG2 | 06/08",inactive,"1 día tras clic",,,0,0,,1750,Diario,0,"En curso",-,-,-,0,0,,,,,0,0,0,,,,,,,,,,,,,,,00:00:00,,
2026-07-27,2026-07-27,"3x2 estatico | 05/08",inactive,"7 días tras clic, 1 día tras visualización o 1 día tras visualización activa",,,0,0,,5000,Diario,0,"En curso",-,-,-,0,0,,,,,0,0,0,,,,,,,,,,,,,,,00:00:00,,
2026-07-27,2026-07-27,"3x2 historia | 05/08",inactive,"7 días tras clic, 1 día tras visualización o 1 día tras visualización activa",,,0,0,,5000,Diario,0,"En curso",-,-,-,0,0,,,,,0,0,0,,,,,,,,,,,,,,,00:00:00,,
2026-07-27,2026-07-27,"3X2 feed | 05/08",inactive,"7 días tras clic, 1 día tras visualización o 1 día tras visualización activa",,,0,0,,5000,Diario,0,"En curso",-,-,-,0,0,,,,,0,0,0,,,,,,,,,,,,,,,00:00:00,,
2026-07-27,2026-07-27,"SW ARG2  | 03/08 ULTIMOS",inactive,"7 días tras clic, 1 día tras visualización o 1 día tras visualización activa",,,0,0,,3450,Diario,0,"En curso",-,-,-,0,0,,,,,0,0,0,,,,,,,,,,,,,,,00:00:00,,
2026-07-27,2026-07-27,"SW ARG2  | 03/08",inactive,"7 días tras clic, 1 día tras visualización o 1 día tras visualización activa",,,0,0,,3450,Diario,0,"En curso",-,-,-,0,0,,,,,0,0,0,,,,,,,,,,,,,,,00:00:00,,
2026-07-27,2026-07-27,"SW ARG2  | 30/07",inactive,"7 días tras clic, 1 día tras visualización o 1 día tras visualización activa",,,0,0,,2500,Diario,0,"En curso",-,-,-,0,0,,,,,0,0,0,,,,,,,,,,,,,,,00:00:00,,
2026-07-27,2026-07-27,"SW ARG02 | 29/07",inactive,"7 días tras clic, 1 día tras visualización o 1 día tras visualización activa",,,0,0,,2500,Diario,0,"En curso",-,-,-,0,0,,,,,0,0,0,,,,,,,,,,,,,,,00:00:00,,
2026-07-27,2026-07-27,"Catalogo | 28/07",inactive,"7 días tras clic, 1 día tras visualización o 1 día tras visualización activa",,,0,0,,2500,Diario,0,"En curso",-,-,-,0,0,,,,,0,0,0,,,,,,,,,,,,,,,00:00:00,,
2026-07-27,2026-07-27,"AD01 Sofia | 27/07",inactive,"7 días tras clic o 1 día tras visualización",,,343,1.049563,,2500,Diario,1476.11,"En curso",-,-,-,360,4100.305556,6,,246.018333,1.666667,8,2.222222,184.51375,5,295.222,,,,,,,,,,,,,00:00:00,,
2026-07-27,2026-07-27,"3x2 Invierno | 24/07",inactive,"7 días tras clic, 1 día tras visualización o 1 día tras visualización activa",,,273,1.168498,,3000,Diario,3314.61,"En curso",-,-,-,319,10390.626959,6,,552.435,1.880878,7,2.194357,473.515714,6,552.435,,1,,,,,55,10,47,22,13,10,4,,
2026-07-27,2026-07-27,"SW ARG02 | 23/07",inactive,"7 días tras clic, 1 día tras visualización o 1 día tras visualización activa",,,423,1.148936,,2500,Diario,2465.47,"En curso",-,-,-,486,5072.983539,7,,352.21,1.440329,9,1.851852,273.941111,5,493.094,,,,,,,60,8,56,23,14,8,2,,
2026-07-27,2026-07-27,"SW ARG02 | 22/07 Carrusel",inactive,"7 días tras clic, 1 día tras visualización o 1 día tras visualización activa",,,0,0,,2875,Diario,0,"En curso",-,-,-,0,0,,,,,0,0,0,,,,,,,,,,,,,,,00:00:00,,
2026-07-27,2026-07-27,"SW ARG02 | 22/07",inactive,"7 días tras clic, 1 día tras visualización o 1 día tras visualización activa",,,542,1.079336,,2875,Diario,3346.41,"En curso",-,-,-,585,5720.358974,17,,196.847647,2.905983,19,3.247863,176.126842,16,209.150625,2,2,,,,,132,31,164,95,55,31,2,,
2026-07-27,2026-07-27,"SW ARG | 19/07",inactive,"7 días tras clic, 1 día tras visualización o 1 día tras visualización activa",,,0,0,,2300,Diario,0,"En curso",-,-,-,0,0,,,,,0,0,0,,,,,,,,,,,,,,,00:00:00,,
2026-07-27,2026-07-27,"Sweater AFA  cupón | 10/07",inactive,"7 días tras clic, 1 día tras visualización o 1 día tras visualización activa",,,0,0,,2300,Diario,0,"En curso",-,-,-,0,0,,,,,0,0,0,,,,,,,,,,,,,,,00:00:00,,
2026-07-27,2026-07-27,"Ana tik tok | 06/07",inactive,"7 días tras clic, 1 día tras visualización o 1 día tras visualización activa",,,0,0,,3000,Diario,0,"En curso",-,-,-,0,0,,,,,0,0,0,,,,,,,,,,,,,,,00:00:00,,
2026-07-27,2026-07-27,"SW AFA | 02/07",inactive,"7 días tras clic, 1 día tras visualización o 1 día tras visualización activa",,,0,0,,3849,Diario,0,"En curso",-,-,-,0,0,,,,,0,0,0,,,,,,,,,,,,,,,00:00:00,,
2026-07-27,2026-07-27,"SW AFA | 30/06",inactive,"7 días tras clic, 1 día tras visualización o 1 día tras visualización activa",,,0,0,,2000,Diario,0,"En curso",-,-,-,0,0,,,,,0,0,0,,,,,,,,,,,,,,,00:00:00,,
2026-07-27,2026-07-27,"SW AFA | 30/06",not_delivering,"7 días tras clic, 1 día tras visualización o 1 día tras visualización activa",,,0,0,,2000,Diario,0,"En curso",-,-,-,0,0,,,,,0,0,0,,,,,,,,,,,,,,,00:00:00,,
2026-07-27,2026-07-27,"SW SOL | 27/06",inactive,"7 días tras clic, 1 día tras visualización o 1 día tras visualización activa",,,0,0,,3499,Diario,0,"En curso",-,-,-,0,0,,,,,0,0,0,,,,,,,,,,,,,,,00:00:00,,
2026-07-27,2026-07-27,"SW SOL | 19/06",inactive,"7 días tras clic, 1 día tras visualización o 1 día tras visualización activa",,,0,0,,2645,Diario,0,"En curso",-,-,-,0,0,,,,,0,0,0,,,,,,,,,,,,,,,00:00:00,,
2026-07-27,2026-07-27,"Ana tik tok",inactive,"7 días tras clic, 1 día tras visualización o 1 día tras visualización activa",,,0,0,,7781,Diario,0,"En curso",-,-,-,0,0,,,,,0,0,0,,,,,,,,,,,,,,,00:00:00,,
