"Inicio del informe","Fin del informe","Nombre del anuncio","Entrega del anuncio",Resultados,"Indicador de resultado","Costo por resultados","Presupuesto del conjunto de anuncios","Tipo de presupuesto del conjunto de anuncios","Importe gastado (CLP)",Impresiones,Alcance,Finalización,"Configuración de atribución",Puja,"Tipo de puja","Último cambio significativo","Clasificación de calidad","Clasificación del porcentaje de interacción","Clasificación del porcentaje de conversiones","Nombre del conjunto de anuncios","ROAS de resultados","Indicador de ROAS de resultado","CTR único (porcentaje de clics en el enlace)","Visitas a la página de destino","Artículos agregados al carrito","Pagos iniciados",Compras,"CPM (costo por mil impresiones) (CLP)","Valor de conversión de compras","Valor de conversión de compras promedio [Todas las conversiones de la atribución incremental]",Frecuencia,"Clics en el enlace","Reproducciones de video de 3 segundos","Tiempo promedio de reproducción del video","Reproducciones de video hasta el 25%","Reproducciones de video hasta el 50%","Reproducciones de video hasta el 75%","Reproducciones de video hasta el 100%",ThruPlays,"CTR (porcentaje de clics en el enlace)","CTR único (todos)","CTR (todos)","CPC (costo por clic en el enlace) (CLP)"
2026-08-25,2026-08-25,"Carrusel Catalogo 2 - Video",not_delivering,,,,15000,Diario,42,10,8,"En curso","7 días tras clic, 1 día tras visualización o 1 día tras visualización activa",0,ABSOLUTE_OCPM,2026-08-22T06:54:06-0400,-,-,-,"PieraCeresa_2026_Conversiones -Purchase",,,12.5,1,,,,4200,,,1.25,1,1,5,1,1,1,1,1,10,12.5,10,42
2026-08-25,2026-08-25,"Carrusel Catalogo",not_delivering,,,,15000,Diario,197,5,5,"En curso","7 días tras clic, 1 día tras visualización o 1 día tras visualización activa",0,ABSOLUTE_OCPM,2026-08-22T06:54:06-0400,-,-,-,"PieraCeresa_2026_Conversiones -Purchase",,,20,1,,,,39400,,,1,1,,1,,,,,,20,20,20,197
2026-08-25,2026-08-25,"Carrusel Catalogo - Video Nuevo 1",not_delivering,,,,15000,Diario,1380,92,85,"En curso","7 días tras clic, 1 día tras visualización o 1 día tras visualización activa",0,ABSOLUTE_OCPM,2026-08-22T06:54:06-0400,-,-,-,"PieraCeresa_2026_Conversiones -Purchase",,,4.705882,6,1,,,15000,,,1.082353,6,26,7,11,2,2,2,11,6.521739,8.235294,13.043478,230
2026-08-25,2026-08-25,"Carrusel Catalogo 2 - Video - AGO",not_delivering,,,,15000,Diario,5,2,2,"En curso","7 días tras clic, 1 día tras visualización o 1 día tras visualización activa",0,ABSOLUTE_OCPM,2026-08-22T06:54:06-0400,-,-,-,"PieraCeresa_2026_Conversiones -Purchase",,,0,,,,,2500,,,1,,1,3,,,,,,,0,0,
2026-08-25,2026-08-25,"Carrusel Catalogo 1 - Video - AGO",not_delivering,,,,15000,Diario,10,1,1,"En curso","7 días tras clic, 1 día tras visualización o 1 día tras visualización activa",0,ABSOLUTE_OCPM,2026-08-22T06:54:06-0400,-,-,-,"PieraCeresa_2026_Conversiones -Purchase",,,0,,,,,10000,,,1,,,00:00:00,,,,,,,0,0,
2026-08-25,2026-08-25,"Carrusel Catalogo 1 - Video - AGO",active,3,actions:offsite_conversion.fb_pixel_initiate_checkout,4681.66666667,15000,Diario,14045,6865,5255,"En curso","7 días tras clic, 1 día tras visualización o 1 día tras visualización activa",0,ABSOLUTE_OCPM,2026-08-18T08:00:30-0400,-,-,-,"PieraCeresa_2026_Conversiones - Add Payment Info",,,5.023787,281,4,3,,2045.884924,,,1.306375,352,134,5,108,58,36,24,29,5.127458,5.765937,6.278223,39.900568
2026-08-25,2026-08-25,"Carrusel Catalogo 2 - Video - AGO",active,,,,15000,Diario,2474,1181,1046,"En curso","7 días tras clic, 1 día tras visualización o 1 día tras visualización activa",0,ABSOLUTE_OCPM,2026-08-18T08:00:30-0400,-,-,-,"PieraCeresa_2026_Conversiones - Add Payment Info",,,4.58891,48,2,,,2094.834886,,,1.129063,66,17,3,11,4,2,2,2,5.588484,4.875717,5.419136,37.484848
2026-08-25,2026-08-25,"Carrusel Catalogo",active,,,,15000,Diario,0,0,0,"En curso","7 días tras clic, 1 día tras visualización o 1 día tras visualización activa",0,ABSOLUTE_OCPM,2026-08-18T08:00:30-0400,-,-,-,"PieraCeresa_2026_Conversiones - Add Payment Info",,,0,,,,,0,,,0,,,00:00:00,,,,,,,0,0,
2026-08-25,2026-08-25,"Carrusel Catalogo 2 - Video",active,,,,15000,Diario,0,0,0,"En curso","7 días tras clic, 1 día tras visualización o 1 día tras visualización activa",0,ABSOLUTE_OCPM,2026-08-18T08:00:30-0400,-,-,-,"PieraCeresa_2026_Conversiones - Add Payment Info",,,0,,,,,0,,,0,,,00:00:00,,,,,,,0,0,
2026-08-25,2026-08-25,"Carrusel Catalogo - Video Nuevo 1",active,,,,15000,Diario,0,0,0,"En curso","7 días tras clic, 1 día tras visualización o 1 día tras visualización activa",0,ABSOLUTE_OCPM,2026-08-18T08:00:30-0400,-,-,-,"PieraCeresa_2026_Conversiones - Add Payment Info",,,0,,,,,0,,,0,,,00:00:00,,,,,,,0,0,
2026-08-25,2026-08-25,"Carrusel Catalogo - Video Nuevo 6",inactive,,,,15000,Diario,0,0,0,"En curso","7 días tras clic, 1 día tras visualización o 1 día tras visualización activa",0,ABSOLUTE_OCPM,2026-08-03T21:53:15-0400,-,-,-,PieraCeresa_2026_Conversiones,,,0,,,,,0,,,0,,,00:00:00,,,,,,,0,0,
2026-08-25,2026-08-25,"Carrusel Catalogo - Video Nuevo 5",inactive,,,,15000,Diario,0,0,0,"En curso","7 días tras clic, 1 día tras visualización o 1 día tras visualización activa",0,ABSOLUTE_OCPM,2026-08-03T21:53:15-0400,-,-,-,PieraCeresa_2026_Conversiones,,,0,,,,,0,,,0,,,00:00:00,,,,,,,0,0,
2026-08-25,2026-08-25,"Carrusel Catalogo - Video Nuevo 4",inactive,,,,15000,Diario,0,0,0,"En curso","7 días tras clic, 1 día tras visualización o 1 día tras visualización activa",0,ABSOLUTE_OCPM,2026-08-03T21:53:15-0400,-,-,-,PieraCeresa_2026_Conversiones,,,0,,,,,0,,,0,,,00:00:00,,,,,,,0,0,
2026-08-25,2026-08-25,"Carrusel Catalogo - Video Nuevo 3",inactive,,,,15000,Diario,0,0,0,"En curso","7 días tras clic, 1 día tras visualización o 1 día tras visualización activa",0,ABSOLUTE_OCPM,2026-08-03T21:53:15-0400,-,-,-,PieraCeresa_2026_Conversiones,,,0,,,,,0,,,0,,,00:00:00,,,,,,,0,0,
2026-08-25,2026-08-25,"Carrusel Catalogo - Video Nuevo 2",inactive,,,,15000,Diario,0,0,0,"En curso","7 días tras clic, 1 día tras visualización o 1 día tras visualización activa",0,ABSOLUTE_OCPM,2026-08-03T21:53:15-0400,-,-,-,PieraCeresa_2026_Conversiones,,,0,,,,,0,,,0,,,00:00:00,,,,,,,0,0,
2026-08-25,2026-08-25,"Carrusel Catalogo - Video Nuevo 1",not_delivering,,,,15000,Diario,0,0,0,"En curso","7 días tras clic, 1 día tras visualización o 1 día tras visualización activa",0,ABSOLUTE_OCPM,2026-08-03T21:53:15-0400,-,-,-,PieraCeresa_2026_Conversiones,,,0,,,,,0,,,0,,,00:00:00,,,,,,,0,0,
2026-08-25,2026-08-25,"Carrusel Catalogo 3 - Video - Copia 2",inactive,,,,15000,Diario,0,0,0,"En curso","7 días tras clic, 1 día tras visualización o 1 día tras visualización activa",0,ABSOLUTE_OCPM,2026-08-03T21:53:15-0400,-,-,-,PieraCeresa_2026_Conversiones,,,0,,,,,0,,,0,,,00:00:00,,,,,,,0,0,
2026-08-25,2026-08-25,"Carrusel Catalogo 3 - Video - Copia",inactive,,,,15000,Diario,0,0,0,"En curso","7 días tras clic, 1 día tras visualización o 1 día tras visualización activa",0,ABSOLUTE_OCPM,2026-08-03T21:53:15-0400,-,-,-,PieraCeresa_2026_Conversiones,,,0,,,,,0,,,0,,,00:00:00,,,,,,,0,0,
2026-08-25,2026-08-25,"Carrusel Catalogo 3 - Video",inactive,,,,15000,Diario,0,0,0,"En curso","7 días tras clic, 1 día tras visualización o 1 día tras visualización activa",0,ABSOLUTE_OCPM,2026-08-03T21:53:15-0400,-,-,-,PieraCeresa_2026_Conversiones,,,0,,,,,0,,,0,,,00:00:00,,,,,,,0,0,
2026-08-25,2026-08-25,"Carrusel Catalogo 2 - Video",not_delivering,,,,15000,Diario,0,0,0,"En curso","7 días tras clic, 1 día tras visualización o 1 día tras visualización activa",0,ABSOLUTE_OCPM,2026-08-03T21:53:15-0400,-,-,-,PieraCeresa_2026_Conversiones,,,0,,,,,0,,,0,,,00:00:00,,,,,,,0,0,
2026-08-25,2026-08-25,"Carrusel Catalogo",not_delivering,,,,15000,Diario,0,0,0,"En curso","7 días tras clic, 1 día tras visualización o 1 día tras visualización activa",0,ABSOLUTE_OCPM,2026-08-03T21:53:15-0400,-,-,-,PieraCeresa_2026_Conversiones,,,0,,,,,0,,,0,,,00:00:00,,,,,,,0,0,
2026-08-24,2026-08-24,"Carrusel Catalogo 2 - Video",not_delivering,,,,15000,Diario,241,46,35,"En curso","7 días tras clic, 1 día tras visualización o 1 día tras visualización activa",0,ABSOLUTE_OCPM,2026-08-22T06:54:06-0400,-,-,-,"PieraCeresa_2026_Conversiones -Purchase",,,0,,,,,5239.130435,,,1.314286,,8,3,7,2,2,2,2,,0,0,
2026-08-24,2026-08-24,"Carrusel Catalogo",not_delivering,,,,15000,Diario,1278,152,114,"En curso","7 días tras clic, 1 día tras visualización o 1 día tras visualización activa",0,ABSOLUTE_OCPM,2026-08-22T06:54:06-0400,-,-,-,"PieraCeresa_2026_Conversiones -Purchase",,,1.754386,2,,,,8407.894737,,,1.333333,2,5,2,3,2,1,,,1.315789,2.631579,1.973684,639
2026-08-24,2026-08-24,"Carrusel Catalogo - Video Nuevo 1",not_delivering,,,,15000,Diario,11850,1425,1112,"En curso","7 días tras clic, 1 día tras visualización o 1 día tras visualización activa",0,ABSOLUTE_OCPM,2026-08-22T06:54:06-0400,-,-,-,"PieraCeresa_2026_Conversiones -Purchase",,,4.856115,62,,,,8315.789474,,,1.281475,71,335,6,98,42,30,14,96,4.982456,7.374101,8.140351,166.901408
2026-08-24,2026-08-24,"Carrusel Catalogo 2 - Video - AGO",not_delivering,,,,15000,Diario,1018,94,84,"En curso","7 días tras clic, 1 día tras visualización o 1 día tras visualización activa",0,ABSOLUTE_OCPM,2026-08-22T06:54:06-0400,-,-,-,"PieraCeresa_2026_Conversiones -Purchase",,,3.571429,3,,,,10829.787234,,,1.119048,3,22,11,11,6,4,3,6,3.191489,4.761905,4.255319,339.333333
2026-08-24,2026-08-24,"Carrusel Catalogo 1 - Video - AGO",not_delivering,,,,15000,Diario,168,16,16,"En curso","7 días tras clic, 1 día tras visualización o 1 día tras visualización activa",0,ABSOLUTE_OCPM,2026-08-22T06:54:06-0400,-,-,-,"PieraCeresa_2026_Conversiones -Purchase",,,0,,,,,10500,,,1,,,1,,,,,,,6.25,6.25,
2026-08-24,2026-08-24,"Carrusel Catalogo 1 - Video - AGO",active,,,,15000,Diario,0,0,0,"En curso","7 días tras clic, 1 día tras visualización o 1 día tras visualización activa",0,ABSOLUTE_OCPM,2026-08-18T08:00:30-0400,-,-,-,"PieraCeresa_2026_Conversiones - Add Payment Info",,,0,,,,,0,,,0,,,00:00:00,,,,,,,0,0,
2026-08-24,2026-08-24,"Carrusel Catalogo 2 - Video - AGO",active,,,,15000,Diario,0,0,0,"En curso","7 días tras clic, 1 día tras visualización o 1 día tras visualización activa",0,ABSOLUTE_OCPM,2026-08-18T08:00:30-0400,-,-,-,"PieraCeresa_2026_Conversiones - Add Payment Info",,,0,,,,,0,,,0,,,00:00:00,,,,,,,0,0,
2026-08-24,2026-08-24,"Carrusel Catalogo",active,,,,15000,Diario,0,0,0,"En curso","7 días tras clic, 1 día tras visualización o 1 día tras visualización activa",0,ABSOLUTE_OCPM,2026-08-18T08:00:30-0400,-,-,-,"PieraCeresa_2026_Conversiones - Add Payment Info",,,0,,,,,0,,,0,,,00:00:00,,,,,,,0,0,
2026-08-24,2026-08-24,"Carrusel Catalogo 2 - Video",active,,,,15000,Diario,0,0,0,"En curso","7 días tras clic, 1 día tras visualización o 1 día tras visualización activa",0,ABSOLUTE_OCPM,2026-08-18T08:00:30-0400,-,-,-,"PieraCeresa_2026_Conversiones - Add Payment Info",,,0,,,,,0,,,0,,,00:00:00,,,,,,,0,0,
2026-08-24,2026-08-24,"Carrusel Catalogo - Video Nuevo 1",active,,,,15000,Diario,0,0,0,"En curso","7 días tras clic, 1 día tras visualización o 1 día tras visualización activa",0,ABSOLUTE_OCPM,2026-08-18T08:00:30-0400,-,-,-,"PieraCeresa_2026_Conversiones - Add Payment Info",,,0,,,,,0,,,0,,,00:00:00,,,,,,,0,0,
2026-08-24,2026-08-24,"Carrusel Catalogo - Video Nuevo 6",inactive,,,,15000,Diario,0,0,0,"En curso","7 días tras clic, 1 día tras visualización o 1 día tras visualización activa",0,ABSOLUTE_OCPM,2026-08-03T21:53:15-0400,-,-,-,PieraCeresa_2026_Conversiones,,,0,,,,,0,,,0,,,00:00:00,,,,,,,0,0,
2026-08-24,2026-08-24,"Carrusel Catalogo - Video Nuevo 5",inactive,,,,15000,Diario,0,0,0,"En curso","7 días tras clic, 1 día tras visualización o 1 día tras visualización activa",0,ABSOLUTE_OCPM,2026-08-03T21:53:15-0400,-,-,-,PieraCeresa_2026_Conversiones,,,0,,,,,0,,,0,,,00:00:00,,,,,,,0,0,
2026-08-24,2026-08-24,"Carrusel Catalogo - Video Nuevo 4",inactive,,,,15000,Diario,0,0,0,"En curso","7 días tras clic, 1 día tras visualización o 1 día tras visualización activa",0,ABSOLUTE_OCPM,2026-08-03T21:53:15-0400,-,-,-,PieraCeresa_2026_Conversiones,,,0,,,,,0,,,0,,,00:00:00,,,,,,,0,0,
2026-08-24,2026-08-24,"Carrusel Catalogo - Video Nuevo 3",inactive,,,,15000,Diario,0,0,0,"En curso","7 días tras clic, 1 día tras visualización o 1 día tras visualización activa",0,ABSOLUTE_OCPM,2026-08-03T21:53:15-0400,-,-,-,PieraCeresa_2026_Conversiones,,,0,,,,,0,,,0,,,00:00:00,,,,,,,0,0,
2026-08-24,2026-08-24,"Carrusel Catalogo - Video Nuevo 2",inactive,,,,15000,Diario,0,0,0,"En curso","7 días tras clic, 1 día tras visualización o 1 día tras visualización activa",0,ABSOLUTE_OCPM,2026-08-03T21:53:15-0400,-,-,-,PieraCeresa_2026_Conversiones,,,0,,,,,0,,,0,,,00:00:00,,,,,,,0,0,
2026-08-24,2026-08-24,"Carrusel Catalogo - Video Nuevo 1",not_delivering,,,,15000,Diario,0,0,0,"En curso","7 días tras clic, 1 día tras visualización o 1 día tras visualización activa",0,ABSOLUTE_OCPM,2026-08-03T21:53:15-0400,-,-,-,PieraCeresa_2026_Conversiones,,,0,,,,,0,,,0,,,00:00:00,,,,,,,0,0,
2026-08-24,2026-08-24,"Carrusel Catalogo 3 - Video - Copia 2",inactive,,,,15000,Diario,0,0,0,"En curso","7 días tras clic, 1 día tras visualización o 1 día tras visualización activa",0,ABSOLUTE_OCPM,2026-08-03T21:53:15-0400,-,-,-,PieraCeresa_2026_Conversiones,,,0,,,,,0,,,0,,,00:00:00,,,,,,,0,0,
2026-08-24,2026-08-24,"Carrusel Catalogo 3 - Video - Copia",inactive,,,,15000,Diario,0,0,0,"En curso","7 días tras clic, 1 día tras visualización o 1 día tras visualización activa",0,ABSOLUTE_OCPM,2026-08-03T21:53:15-0400,-,-,-,PieraCeresa_2026_Conversiones,,,0,,,,,0,,,0,,,00:00:00,,,,,,,0,0,
2026-08-24,2026-08-24,"Carrusel Catalogo 3 - Video",inactive,,,,15000,Diario,0,0,0,"En curso","7 días tras clic, 1 día tras visualización o 1 día tras visualización activa",0,ABSOLUTE_OCPM,2026-08-03T21:53:15-0400,-,-,-,PieraCeresa_2026_Conversiones,,,0,,,,,0,,,0,,,00:00:00,,,,,,,0,0,
2026-08-24,2026-08-24,"Carrusel Catalogo 2 - Video",not_delivering,,,,15000,Diario,0,0,0,"En curso","7 días tras clic, 1 día tras visualización o 1 día tras visualización activa",0,ABSOLUTE_OCPM,2026-08-03T21:53:15-0400,-,-,-,PieraCeresa_2026_Conversiones,,,0,,,,,0,,,0,,,00:00:00,,,,,,,0,0,
2026-08-24,2026-08-24,"Carrusel Catalogo",not_delivering,,,,15000,Diario,0,0,0,"En curso","7 días tras clic, 1 día tras visualización o 1 día tras visualización activa",0,ABSOLUTE_OCPM,2026-08-03T21:53:15-0400,-,-,-,PieraCeresa_2026_Conversiones,,,0,,,,,0,,,0,,,00:00:00,,,,,,,0,0,
2026-08-23,2026-08-23,"Carrusel Catalogo 2 - Video",not_delivering,,,,15000,Diario,1111,102,73,"En curso","7 días tras clic, 1 día tras visualización o 1 día tras visualización activa",0,ABSOLUTE_OCPM,2026-08-22T06:54:06-0400,-,-,-,"PieraCeresa_2026_Conversiones -Purchase",,,6.849315,3,1,,,10892.156863,,,1.39726,5,17,3,16,8,4,2,2,4.901961,6.849315,6.862745,222.2
2026-08-23,2026-08-23,"Carrusel Catalogo",not_delivering,,,,15000,Diario,2498,265,201,"En curso","7 días tras clic, 1 día tras visualización o 1 día tras visualización activa",0,ABSOLUTE_OCPM,2026-08-22T06:54:06-0400,-,-,-,"PieraCeresa_2026_Conversiones -Purchase",,,6.467662,16,,,,9426.415094,,,1.318408,14,6,6,6,4,4,3,5,5.283019,7.462687,8.679245,178.428571
2026-08-23,2026-08-23,"Carrusel Catalogo - Video Nuevo 1",not_delivering,,,,15000,Diario,10598,885,714,"En curso","7 días tras clic, 1 día tras visualización o 1 día tras visualización activa",0,ABSOLUTE_OCPM,2026-08-22T06:54:06-0400,-,-,-,"PieraCeresa_2026_Conversiones -Purchase",,,6.162465,63,,,,11975.141243,,,1.239496,61,228,7,62,34,24,10,64,6.892655,8.403361,10.169492,173.737705
2026-08-23,2026-08-23,"Carrusel Catalogo 2 - Video - AGO",not_delivering,,,,15000,Diario,2218,250,205,"En curso","7 días tras clic, 1 día tras visualización o 1 día tras visualización activa",0,ABSOLUTE_OCPM,2026-08-22T06:54:06-0400,-,-,-,"PieraCeresa_2026_Conversiones -Purchase",,,3.414634,11,,,,8872,,,1.219512,9,35,5,15,6,4,3,5,3.6,6.829268,8,246.444444
2026-08-23,2026-08-23,"Carrusel Catalogo 1 - Video - AGO",not_delivering,,,,15000,Diario,696,86,72,"En curso","7 días tras clic, 1 día tras visualización o 1 día tras visualización activa",0,ABSOLUTE_OCPM,2026-08-22T06:54:06-0400,-,-,-,"PieraCeresa_2026_Conversiones -Purchase",,,4.166667,1,,,,8093.023256,,,1.194444,3,7,27,4,3,2,1,5,3.488372,4.166667,3.488372,232
2026-08-23,2026-08-23,"Carrusel Catalogo 1 - Video - AGO",active,,,,15000,Diario,0,0,0,"En curso","7 días tras clic, 1 día tras visualización o 1 día tras visualización activa",0,ABSOLUTE_OCPM,2026-08-18T08:00:30-0400,-,-,-,"PieraCeresa_2026_Conversiones - Add Payment Info",,,0,,,,,0,,,0,,,00:00:00,,,,,,,0,0,
2026-08-23,2026-08-23,"Carrusel Catalogo 2 - Video - AGO",active,,,,15000,Diario,0,0,0,"En curso","7 días tras clic, 1 día tras visualización o 1 día tras visualización activa",0,ABSOLUTE_OCPM,2026-08-18T08:00:30-0400,-,-,-,"PieraCeresa_2026_Conversiones - Add Payment Info",,,0,,,,,0,,,0,,,00:00:00,,,,,,,0,0,
2026-08-23,2026-08-23,"Carrusel Catalogo",active,1,actions:offsite_conversion.fb_pixel_initiate_checkout,0,15000,Diario,0,0,0,"En curso","7 días tras clic, 1 día tras visualización o 1 día tras visualización activa",0,ABSOLUTE_OCPM,2026-08-18T08:00:30-0400,-,-,-,"PieraCeresa_2026_Conversiones - Add Payment Info",,,0,,1,1,1,0,71990,71990,0,,,00:00:00,,,,,,,0,0,
2026-08-23,2026-08-23,"Carrusel Catalogo 2 - Video",active,,,,15000,Diario,0,0,0,"En curso","7 días tras clic, 1 día tras visualización o 1 día tras visualización activa",0,ABSOLUTE_OCPM,2026-08-18T08:00:30-0400,-,-,-,"PieraCeresa_2026_Conversiones - Add Payment Info",,,0,,,,,0,,,0,,,00:00:00,,,,,,,0,0,
2026-08-23,2026-08-23,"Carrusel Catalogo - Video Nuevo 1",active,,,,15000,Diario,0,0,0,"En curso","7 días tras clic, 1 día tras visualización o 1 día tras visualización activa",0,ABSOLUTE_OCPM,2026-08-18T08:00:30-0400,-,-,-,"PieraCeresa_2026_Conversiones - Add Payment Info",,,0,,,,,0,,,0,,,00:00:00,,,,,,,0,0,
2026-08-23,2026-08-23,"Carrusel Catalogo - Video Nuevo 6",inactive,,,,15000,Diario,0,0,0,"En curso","7 días tras clic, 1 día tras visualización o 1 día tras visualización activa",0,ABSOLUTE_OCPM,2026-08-03T21:53:15-0400,-,-,-,PieraCeresa_2026_Conversiones,,,0,,,,,0,,,0,,,00:00:00,,,,,,,0,0,
2026-08-23,2026-08-23,"Carrusel Catalogo - Video Nuevo 5",inactive,,,,15000,Diario,0,0,0,"En curso","7 días tras clic, 1 día tras visualización o 1 día tras visualización activa",0,ABSOLUTE_OCPM,2026-08-03T21:53:15-0400,-,-,-,PieraCeresa_2026_Conversiones,,,0,,,,,0,,,0,,,00:00:00,,,,,,,0,0,
2026-08-23,2026-08-23,"Carrusel Catalogo - Video Nuevo 4",inactive,,,,15000,Diario,0,0,0,"En curso","7 días tras clic, 1 día tras visualización o 1 día tras visualización activa",0,ABSOLUTE_OCPM,2026-08-03T21:53:15-0400,-,-,-,PieraCeresa_2026_Conversiones,,,0,,,,,0,,,0,,,00:00:00,,,,,,,0,0,
2026-08-23,2026-08-23,"Carrusel Catalogo - Video Nuevo 3",inactive,,,,15000,Diario,0,0,0,"En curso","7 días tras clic, 1 día tras visualización o 1 día tras visualización activa",0,ABSOLUTE_OCPM,2026-08-03T21:53:15-0400,-,-,-,PieraCeresa_2026_Conversiones,,,0,,,,,0,,,0,,,00:00:00,,,,,,,0,0,
2026-08-23,2026-08-23,"Carrusel Catalogo - Video Nuevo 2",inactive,,,,15000,Diario,0,0,0,"En curso","7 días tras clic, 1 día tras visualización o 1 día tras visualización activa",0,ABSOLUTE_OCPM,2026-08-03T21:53:15-0400,-,-,-,PieraCeresa_2026_Conversiones,,,0,,,,,0,,,0,,,00:00:00,,,,,,,0,0,
2026-08-23,2026-08-23,"Carrusel Catalogo - Video Nuevo 1",not_delivering,,,,15000,Diario,0,0,0,"En curso","7 días tras clic, 1 día tras visualización o 1 día tras visualización activa",0,ABSOLUTE_OCPM,2026-08-03T21:53:15-0400,-,-,-,PieraCeresa_2026_Conversiones,,,0,,,,,0,,,0,,,00:00:00,,,,,,,0,0,
2026-08-23,2026-08-23,"Carrusel Catalogo 3 - Video - Copia 2",inactive,,,,15000,Diario,0,0,0,"En curso","7 días tras clic, 1 día tras visualización o 1 día tras visualización activa",0,ABSOLUTE_OCPM,2026-08-03T21:53:15-0400,-,-,-,PieraCeresa_2026_Conversiones,,,0,,,,,0,,,0,,,00:00:00,,,,,,,0,0,
2026-08-23,2026-08-23,"Carrusel Catalogo 3 - Video - Copia",inactive,,,,15000,Diario,0,0,0,"En curso","7 días tras clic, 1 día tras visualización o 1 día tras visualización activa",0,ABSOLUTE_OCPM,2026-08-03T21:53:15-0400,-,-,-,PieraCeresa_2026_Conversiones,,,0,,,,,0,,,0,,,00:00:00,,,,,,,0,0,
2026-08-23,2026-08-23,"Carrusel Catalogo 3 - Video",inactive,,,,15000,Diario,0,0,0,"En curso","7 días tras clic, 1 día tras visualización o 1 día tras visualización activa",0,ABSOLUTE_OCPM,2026-08-03T21:53:15-0400,-,-,-,PieraCeresa_2026_Conversiones,,,0,,,,,0,,,0,,,00:00:00,,,,,,,0,0,
2026-08-23,2026-08-23,"Carrusel Catalogo 2 - Video",not_delivering,,,,15000,Diario,0,0,0,"En curso","7 días tras clic, 1 día tras visualización o 1 día tras visualización activa",0,ABSOLUTE_OCPM,2026-08-03T21:53:15-0400,-,-,-,PieraCeresa_2026_Conversiones,,,0,,,,,0,,,0,,,00:00:00,,,,,,,0,0,
2026-08-23,2026-08-23,"Carrusel Catalogo",not_delivering,,,,15000,Diario,0,0,0,"En curso","7 días tras clic, 1 día tras visualización o 1 día tras visualización activa",0,ABSOLUTE_OCPM,2026-08-03T21:53:15-0400,-,-,-,PieraCeresa_2026_Conversiones,,,0,,,,,0,,,0,,,00:00:00,,,,,,,0,0,
2026-08-22,2026-08-22,"Carrusel Catalogo 2 - Video",not_delivering,,,,15000,Diario,1012,127,113,"En curso","7 días tras clic, 1 día tras visualización o 1 día tras visualización activa",0,ABSOLUTE_OCPM,2026-08-22T06:54:06-0400,-,-,-,"PieraCeresa_2026_Conversiones -Purchase",,,4.424779,2,,,,7968.503937,,,1.123894,5,17,3,15,6,5,2,2,3.937008,5.309735,5.511811,202.4
2026-08-22,2026-08-22,"Carrusel Catalogo",not_delivering,,,,15000,Diario,134,23,19,"En curso","7 días tras clic, 1 día tras visualización o 1 día tras visualización activa",0,ABSOLUTE_OCPM,2026-08-22T06:54:06-0400,-,-,-,"PieraCeresa_2026_Conversiones -Purchase",,,10.526316,1,,,,5826.086957,,,1.210526,2,2,13,2,1,1,,1,8.695652,10.526316,8.695652,67
2026-08-22,2026-08-22,"Carrusel Catalogo - Video Nuevo 1",not_delivering,,,,15000,Diario,8606,975,734,"En curso","7 días tras clic, 1 día tras visualización o 1 día tras visualización activa",0,ABSOLUTE_OCPM,2026-08-22T06:54:06-0400,-,-,-,"PieraCeresa_2026_Conversiones -Purchase",,,2.861035,27,,,,8826.666667,,,1.328338,24,183,5,45,21,18,8,45,2.461538,4.495913,4.410256,358.583333
2026-08-22,2026-08-22,"Carrusel Catalogo 2 - Video - AGO",not_delivering,,,,15000,Diario,574,70,56,"En curso","7 días tras clic, 1 día tras visualización o 1 día tras visualización activa",0,ABSOLUTE_OCPM,2026-08-22T06:54:06-0400,-,-,-,"PieraCeresa_2026_Conversiones -Purchase",,,17.857143,9,,,,8200,,,1.25,12,9,8,7,5,3,2,4,17.142857,17.857143,22.857143,47.833333
2026-08-22,2026-08-22,"Carrusel Catalogo 1 - Video - AGO",not_delivering,,,,15000,Diario,232,34,32,"En curso","7 días tras clic, 1 día tras visualización o 1 día tras visualización activa",0,ABSOLUTE_OCPM,2026-08-22T06:54:06-0400,-,-,-,"PieraCeresa_2026_Conversiones -Purchase",,,9.375,2,,,,6823.529412,,,1.0625,3,3,13,1,1,1,,1,8.823529,9.375,11.764706,77.333333
2026-08-22,2026-08-22,"Carrusel Catalogo 1 - Video - AGO",active,,,,15000,Diario,413,133,124,"En curso","7 días tras clic, 1 día tras visualización o 1 día tras visualización activa",0,ABSOLUTE_OCPM,2026-08-18T08:00:30-0400,-,-,-,"PieraCeresa_2026_Conversiones - Add Payment Info",,,2.419355,4,2,,,3105.263158,,,1.072581,5,2,44,2,2,2,1,2,3.759399,4.032258,5.263158,82.6
2026-08-22,2026-08-22,"Carrusel Catalogo 2 - Video - AGO",active,,,,15000,Diario,0,0,0,"En curso","7 días tras clic, 1 día tras visualización o 1 día tras visualización activa",0,ABSOLUTE_OCPM,2026-08-18T08:00:30-0400,-,-,-,"PieraCeresa_2026_Conversiones - Add Payment Info",,,0,,,,,0,,,0,,,00:00:00,,,,,,,0,0,
2026-08-22,2026-08-22,"Carrusel Catalogo",active,4,actions:offsite_conversion.fb_pixel_initiate_checkout,317.25,15000,Diario,1269,531,502,"En curso","7 días tras clic, 1 día tras visualización o 1 día tras visualización activa",0,ABSOLUTE_OCPM,2026-08-18T08:00:30-0400,Promedio,-,-,"PieraCeresa_2026_Conversiones - Add Payment Info",78.79432624,action_values:offsite_conversion.fb_pixel_initiate_checkout,4.183267,29,4,4,,2389.830508,,,1.057769,30,5,4,5,4,2,1,1,5.649718,4.581673,6.591337,42.3
2026-08-22,2026-08-22,"Carrusel Catalogo 2 - Video",active,,,,15000,Diario,126,36,35,"En curso","7 días tras clic, 1 día tras visualización o 1 día tras visualización activa",0,ABSOLUTE_OCPM,2026-08-18T08:00:30-0400,-,-,-,"PieraCeresa_2026_Conversiones - Add Payment Info",,,2.857143,1,,,,3500,,,1.028571,1,2,2,2,,,,,2.777778,8.571429,8.333333,126
2026-08-22,2026-08-22,"Carrusel Catalogo - Video Nuevo 1",active,,,,15000,Diario,20,3,3,"En curso","7 días tras clic, 1 día tras visualización o 1 día tras visualización activa",0,ABSOLUTE_OCPM,2026-08-18T08:00:30-0400,-,-,-,"PieraCeresa_2026_Conversiones - Add Payment Info",,,33.333333,1,,,,6666.666667,,,1,1,,1,,,,,,33.333333,33.333333,33.333333,20
2026-08-22,2026-08-22,"Carrusel Catalogo - Video Nuevo 6",inactive,,,,15000,Diario,0,0,0,"En curso","7 días tras clic, 1 día tras visualización o 1 día tras visualización activa",0,ABSOLUTE_OCPM,2026-08-03T21:53:15-0400,-,-,-,PieraCeresa_2026_Conversiones,,,0,,,,,0,,,0,,,00:00:00,,,,,,,0,0,
2026-08-22,2026-08-22,"Carrusel Catalogo - Video Nuevo 5",inactive,,,,15000,Diario,0,0,0,"En curso","7 días tras clic, 1 día tras visualización o 1 día tras visualización activa",0,ABSOLUTE_OCPM,2026-08-03T21:53:15-0400,-,-,-,PieraCeresa_2026_Conversiones,,,0,,,,,0,,,0,,,00:00:00,,,,,,,0,0,
2026-08-22,2026-08-22,"Carrusel Catalogo - Video Nuevo 4",inactive,,,,15000,Diario,0,0,0,"En curso","7 días tras clic, 1 día tras visualización o 1 día tras visualización activa",0,ABSOLUTE_OCPM,2026-08-03T21:53:15-0400,-,-,-,PieraCeresa_2026_Conversiones,,,0,,,,,0,,,0,,,00:00:00,,,,,,,0,0,
2026-08-22,2026-08-22,"Carrusel Catalogo - Video Nuevo 3",inactive,,,,15000,Diario,0,0,0,"En curso","7 días tras clic, 1 día tras visualización o 1 día tras visualización activa",0,ABSOLUTE_OCPM,2026-08-03T21:53:15-0400,-,-,-,PieraCeresa_2026_Conversiones,,,0,,,,,0,,,0,,,00:00:00,,,,,,,0,0,
2026-08-22,2026-08-22,"Carrusel Catalogo - Video Nuevo 2",inactive,,,,15000,Diario,0,0,0,"En curso","7 días tras clic, 1 día tras visualización o 1 día tras visualización activa",0,ABSOLUTE_OCPM,2026-08-03T21:53:15-0400,-,-,-,PieraCeresa_2026_Conversiones,,,0,,,,,0,,,0,,,00:00:00,,,,,,,0,0,
2026-08-22,2026-08-22,"Carrusel Catalogo - Video Nuevo 1",not_delivering,,,,15000,Diario,0,0,0,"En curso","7 días tras clic, 1 día tras visualización o 1 día tras visualización activa",0,ABSOLUTE_OCPM,2026-08-03T21:53:15-0400,-,-,-,PieraCeresa_2026_Conversiones,,,0,,,,,0,,,0,,,00:00:00,,,,,,,0,0,
2026-08-22,2026-08-22,"Carrusel Catalogo 3 - Video - Copia 2",inactive,,,,15000,Diario,0,0,0,"En curso","7 días tras clic, 1 día tras visualización o 1 día tras visualización activa",0,ABSOLUTE_OCPM,2026-08-03T21:53:15-0400,-,-,-,PieraCeresa_2026_Conversiones,,,0,,,,,0,,,0,,,00:00:00,,,,,,,0,0,
2026-08-22,2026-08-22,"Carrusel Catalogo 3 - Video - Copia",inactive,,,,15000,Diario,0,0,0,"En curso","7 días tras clic, 1 día tras visualización o 1 día tras visualización activa",0,ABSOLUTE_OCPM,2026-08-03T21:53:15-0400,-,-,-,PieraCeresa_2026_Conversiones,,,0,,,,,0,,,0,,,00:00:00,,,,,,,0,0,
2026-08-22,2026-08-22,"Carrusel Catalogo 3 - Video",inactive,,,,15000,Diario,0,0,0,"En curso","7 días tras clic, 1 día tras visualización o 1 día tras visualización activa",0,ABSOLUTE_OCPM,2026-08-03T21:53:15-0400,-,-,-,PieraCeresa_2026_Conversiones,,,0,,,,,0,,,0,,,00:00:00,,,,,,,0,0,
2026-08-22,2026-08-22,"Carrusel Catalogo 2 - Video",not_delivering,,,,15000,Diario,0,0,0,"En curso","7 días tras clic, 1 día tras visualización o 1 día tras visualización activa",0,ABSOLUTE_OCPM,2026-08-03T21:53:15-0400,-,-,-,PieraCeresa_2026_Conversiones,,,0,,,,,0,,,0,,,00:00:00,,,,,,,0,0,
2026-08-22,2026-08-22,"Carrusel Catalogo",not_delivering,,,,15000,Diario,0,0,0,"En curso","7 días tras clic, 1 día tras visualización o 1 día tras visualización activa",0,ABSOLUTE_OCPM,2026-08-03T21:53:15-0400,-,-,-,PieraCeresa_2026_Conversiones,,,0,,,,,0,,,0,,,00:00:00,,,,,,,0,0,
2026-08-21,2026-08-21,"Carrusel Catalogo 2 - Video",not_delivering,,,,15000,Diario,0,0,0,"En curso","7 días tras clic, 1 día tras visualización o 1 día tras visualización activa",0,ABSOLUTE_OCPM,2026-08-22T06:54:06-0400,-,-,-,"PieraCeresa_2026_Conversiones -Purchase",,,0,,,,,0,,,0,,,00:00:00,,,,,,,0,0,
2026-08-21,2026-08-21,"Carrusel Catalogo",not_delivering,,,,15000,Diario,0,0,0,"En curso","7 días tras clic, 1 día tras visualización o 1 día tras visualización activa",0,ABSOLUTE_OCPM,2026-08-22T06:54:06-0400,-,-,-,"PieraCeresa_2026_Conversiones -Purchase",,,0,,,,,0,,,0,,,00:00:00,,,,,,,0,0,
2026-08-21,2026-08-21,"Carrusel Catalogo - Video Nuevo 1",not_delivering,,,,15000,Diario,0,0,0,"En curso","7 días tras clic, 1 día tras visualización o 1 día tras visualización activa",0,ABSOLUTE_OCPM,2026-08-22T06:54:06-0400,-,-,-,"PieraCeresa_2026_Conversiones -Purchase",,,0,,,,,0,,,0,,,00:00:00,,,,,,,0,0,
2026-08-21,2026-08-21,"Carrusel Catalogo 2 - Video - AGO",not_delivering,,,,15000,Diario,0,0,0,"En curso","7 días tras clic, 1 día tras visualización o 1 día tras visualización activa",0,ABSOLUTE_OCPM,2026-08-22T06:54:06-0400,-,-,-,"PieraCeresa_2026_Conversiones -Purchase",,,0,,,,,0,,,0,,,00:00:00,,,,,,,0,0,
2026-08-21,2026-08-21,"Carrusel Catalogo 1 - Video - AGO",not_delivering,,,,15000,Diario,0,0,0,"En curso","7 días tras clic, 1 día tras visualización o 1 día tras visualización activa",0,ABSOLUTE_OCPM,2026-08-22T06:54:06-0400,-,-,-,"PieraCeresa_2026_Conversiones -Purchase",,,0,,,,,0,,,0,,,00:00:00,,,,,,,0,0,
2026-08-21,2026-08-21,"Carrusel Catalogo 1 - Video - AGO",active,,,,15000,Diario,711,195,169,"En curso","7 días tras clic, 1 día tras visualización o 1 día tras visualización activa",0,ABSOLUTE_OCPM,2026-08-18T08:00:30-0400,-,-,-,"PieraCeresa_2026_Conversiones - Add Payment Info",,,3.550296,6,,,,3646.153846,,,1.153846,7,6,10,3,2,2,1,1,3.589744,5.325444,5.641026,101.571429
2026-08-21,2026-08-21,"Carrusel Catalogo 2 - Video - AGO",active,,,,15000,Diario,0,0,0,"En curso","7 días tras clic, 1 día tras visualización o 1 día tras visualización activa",0,ABSOLUTE_OCPM,2026-08-18T08:00:30-0400,-,-,-,"PieraCeresa_2026_Conversiones - Add Payment Info",,,0,,,,,0,,,0,,,00:00:00,,,,,,,0,0,
2026-08-21,2026-08-21,"Carrusel Catalogo",active,2,actions:offsite_conversion.fb_pixel_initiate_checkout,6868.5,15000,Diario,13737,5838,4566,"En curso","7 días tras clic, 1 día tras visualización o 1 día tras visualización activa",0,ABSOLUTE_OCPM,2026-08-18T08:00:30-0400,Promedio,-,-,"PieraCeresa_2026_Conversiones - Add Payment Info",6.95202737,action_values:offsite_conversion.fb_pixel_initiate_checkout,5.059133,284,3,2,,2353.03186,,,1.278581,313,74,3,65,23,13,8,8,5.361425,5.781866,6.577595,43.888179
2026-08-21,2026-08-21,"Carrusel Catalogo 2 - Video",active,,,,15000,Diario,717,197,177,"En curso","7 días tras clic, 1 día tras visualización o 1 día tras visualización activa",0,ABSOLUTE_OCPM,2026-08-18T08:00:30-0400,-,-,-,"PieraCeresa_2026_Conversiones - Add Payment Info",,,5.649718,8,,,,3639.593909,,,1.112994,10,10,3,10,5,3,3,3,5.076142,6.214689,7.106599,71.7
2026-08-21,2026-08-21,"Carrusel Catalogo - Video Nuevo 1",active,,,,15000,Diario,1324,573,508,"En curso","7 días tras clic, 1 día tras visualización o 1 día tras visualización activa",0,ABSOLUTE_OCPM,2026-08-18T08:00:30-0400,-,-,-,"PieraCeresa_2026_Conversiones - Add Payment Info",,,4.92126,27,,,,2310.645724,,,1.127953,29,24,4,11,3,3,2,7,5.061082,5.511811,6.980803,45.655172
2026-08-21,2026-08-21,"Carrusel Catalogo - Video Nuevo 6",inactive,,,,15000,Diario,0,0,0,"En curso","7 días tras clic, 1 día tras visualización o 1 día tras visualización activa",0,ABSOLUTE_OCPM,2026-08-03T21:53:15-0400,-,-,-,PieraCeresa_2026_Conversiones,,,0,,,,,0,,,0,,,00:00:00,,,,,,,0,0,
2026-08-21,2026-08-21,"Carrusel Catalogo - Video Nuevo 5",inactive,,,,15000,Diario,0,0,0,"En curso","7 días tras clic, 1 día tras visualización o 1 día tras visualización activa",0,ABSOLUTE_OCPM,2026-08-03T21:53:15-0400,-,-,-,PieraCeresa_2026_Conversiones,,,0,,,,,0,,,0,,,00:00:00,,,,,,,0,0,
2026-08-21,2026-08-21,"Carrusel Catalogo - Video Nuevo 4",inactive,,,,15000,Diario,0,0,0,"En curso","7 días tras clic, 1 día tras visualización o 1 día tras visualización activa",0,ABSOLUTE_OCPM,2026-08-03T21:53:15-0400,-,-,-,PieraCeresa_2026_Conversiones,,,0,,,,,0,,,0,,,00:00:00,,,,,,,0,0,
2026-08-21,2026-08-21,"Carrusel Catalogo - Video Nuevo 3",inactive,,,,15000,Diario,0,0,0,"En curso","7 días tras clic, 1 día tras visualización o 1 día tras visualización activa",0,ABSOLUTE_OCPM,2026-08-03T21:53:15-0400,-,-,-,PieraCeresa_2026_Conversiones,,,0,,,,,0,,,0,,,00:00:00,,,,,,,0,0,
2026-08-21,2026-08-21,"Carrusel Catalogo - Video Nuevo 2",inactive,,,,15000,Diario,0,0,0,"En curso","7 días tras clic, 1 día tras visualización o 1 día tras visualización activa",0,ABSOLUTE_OCPM,2026-08-03T21:53:15-0400,-,-,-,PieraCeresa_2026_Conversiones,,,0,,,,,0,,,0,,,00:00:00,,,,,,,0,0,
2026-08-21,2026-08-21,"Carrusel Catalogo - Video Nuevo 1",not_delivering,,,,15000,Diario,0,0,0,"En curso","7 días tras clic, 1 día tras visualización o 1 día tras visualización activa",0,ABSOLUTE_OCPM,2026-08-03T21:53:15-0400,-,-,-,PieraCeresa_2026_Conversiones,,,0,,,,,0,,,0,,,00:00:00,,,,,,,0,0,
2026-08-21,2026-08-21,"Carrusel Catalogo 3 - Video - Copia 2",inactive,,,,15000,Diario,0,0,0,"En curso","7 días tras clic, 1 día tras visualización o 1 día tras visualización activa",0,ABSOLUTE_OCPM,2026-08-03T21:53:15-0400,-,-,-,PieraCeresa_2026_Conversiones,,,0,,,,,0,,,0,,,00:00:00,,,,,,,0,0,
2026-08-21,2026-08-21,"Carrusel Catalogo 3 - Video - Copia",inactive,,,,15000,Diario,0,0,0,"En curso","7 días tras clic, 1 día tras visualización o 1 día tras visualización activa",0,ABSOLUTE_OCPM,2026-08-03T21:53:15-0400,-,-,-,PieraCeresa_2026_Conversiones,,,0,,,,,0,,,0,,,00:00:00,,,,,,,0,0,
2026-08-21,2026-08-21,"Carrusel Catalogo 3 - Video",inactive,,,,15000,Diario,0,0,0,"En curso","7 días tras clic, 1 día tras visualización o 1 día tras visualización activa",0,ABSOLUTE_OCPM,2026-08-03T21:53:15-0400,-,-,-,PieraCeresa_2026_Conversiones,,,0,,,,,0,,,0,,,00:00:00,,,,,,,0,0,
2026-08-21,2026-08-21,"Carrusel Catalogo 2 - Video",not_delivering,,,,15000,Diario,0,0,0,"En curso","7 días tras clic, 1 día tras visualización o 1 día tras visualización activa",0,ABSOLUTE_OCPM,2026-08-03T21:53:15-0400,-,-,-,PieraCeresa_2026_Conversiones,,,0,,,,,0,,,0,,,00:00:00,,,,,,,0,0,
2026-08-21,2026-08-21,"Carrusel Catalogo",not_delivering,,,,15000,Diario,0,0,0,"En curso","7 días tras clic, 1 día tras visualización o 1 día tras visualización activa",0,ABSOLUTE_OCPM,2026-08-03T21:53:15-0400,-,-,-,PieraCeresa_2026_Conversiones,,,0,,,,,0,,,0,,,00:00:00,,,,,,,0,0,
2026-08-20,2026-08-20,"Carrusel Catalogo 2 - Video",not_delivering,,,,15000,Diario,0,0,0,"En curso","7 días tras clic, 1 día tras visualización o 1 día tras visualización activa",0,ABSOLUTE_OCPM,2026-08-22T06:54:06-0400,-,-,-,"PieraCeresa_2026_Conversiones -Purchase",,,0,,,,,0,,,0,,,00:00:00,,,,,,,0,0,
2026-08-20,2026-08-20,"Carrusel Catalogo",not_delivering,,,,15000,Diario,0,0,0,"En curso","7 días tras clic, 1 día tras visualización o 1 día tras visualización activa",0,ABSOLUTE_OCPM,2026-08-22T06:54:06-0400,-,-,-,"PieraCeresa_2026_Conversiones -Purchase",,,0,,,,,0,,,0,,,00:00:00,,,,,,,0,0,
2026-08-20,2026-08-20,"Carrusel Catalogo - Video Nuevo 1",not_delivering,,,,15000,Diario,0,0,0,"En curso","7 días tras clic, 1 día tras visualización o 1 día tras visualización activa",0,ABSOLUTE_OCPM,2026-08-22T06:54:06-0400,-,-,-,"PieraCeresa_2026_Conversiones -Purchase",,,0,,,,,0,,,0,,,00:00:00,,,,,,,0,0,
2026-08-20,2026-08-20,"Carrusel Catalogo 2 - Video - AGO",not_delivering,,,,15000,Diario,0,0,0,"En curso","7 días tras clic, 1 día tras visualización o 1 día tras visualización activa",0,ABSOLUTE_OCPM,2026-08-22T06:54:06-0400,-,-,-,"PieraCeresa_2026_Conversiones -Purchase",,,0,,,,,0,,,0,,,00:00:00,,,,,,,0,0,
2026-08-20,2026-08-20,"Carrusel Catalogo 1 - Video - AGO",not_delivering,,,,15000,Diario,0,0,0,"En curso","7 días tras clic, 1 día tras visualización o 1 día tras visualización activa",0,ABSOLUTE_OCPM,2026-08-22T06:54:06-0400,-,-,-,"PieraCeresa_2026_Conversiones -Purchase",,,0,,,,,0,,,0,,,00:00:00,,,,,,,0,0,
2026-08-20,2026-08-20,"Carrusel Catalogo 1 - Video - AGO",active,,,,15000,Diario,447,142,136,"En curso","7 días tras clic, 1 día tras visualización o 1 día tras visualización activa",0,ABSOLUTE_OCPM,2026-08-18T08:00:30-0400,-,-,-,"PieraCeresa_2026_Conversiones - Add Payment Info",,,4.411765,6,,,,3147.887324,,,1.044118,6,1,8,1,,,,1,4.225352,5.147059,5.633803,74.5
2026-08-20,2026-08-20,"Carrusel Catalogo 2 - Video - AGO",active,,,,15000,Diario,1096,403,383,"En curso","7 días tras clic, 1 día tras visualización o 1 día tras visualización activa",0,ABSOLUTE_OCPM,2026-08-18T08:00:30-0400,-,-,-,"PieraCeresa_2026_Conversiones - Add Payment Info",,,4.699739,17,1,,,2719.602978,,,1.052219,21,11,5,7,2,1,1,2,5.210918,5.221932,6.451613,52.190476
2026-08-20,2026-08-20,"Carrusel Catalogo",active,1,actions:offsite_conversion.fb_pixel_initiate_checkout,10287,15000,Diario,10287,3726,2996,"En curso","7 días tras clic, 1 día tras visualización o 1 día tras visualización activa",0,ABSOLUTE_OCPM,2026-08-18T08:00:30-0400,"Por encima del promedio",-,-,"PieraCeresa_2026_Conversiones - Add Payment Info",,,4.672897,141,2,1,,2760.869565,,,1.243658,169,15,4,14,5,3,3,3,4.535695,5.173565,5.448202,60.869822
2026-08-20,2026-08-20,"Carrusel Catalogo 2 - Video",active,,,,15000,Diario,2343,630,539,"En curso","7 días tras clic, 1 día tras visualización o 1 día tras visualización activa",0,ABSOLUTE_OCPM,2026-08-18T08:00:30-0400,-,-,-,"PieraCeresa_2026_Conversiones - Add Payment Info",,,5.380334,26,,,,3719.047619,,,1.168831,31,27,5,27,20,11,8,8,4.920635,6.493506,7.301587,75.580645
2026-08-20,2026-08-20,"Carrusel Catalogo - Video Nuevo 1",active,,,,15000,Diario,717,171,156,"En curso","7 días tras clic, 1 día tras visualización o 1 día tras visualización activa",0,ABSOLUTE_OCPM,2026-08-18T08:00:30-0400,-,-,-,"PieraCeresa_2026_Conversiones - Add Payment Info",,,2.564103,4,,,,4192.982456,,,1.096154,4,18,5,2,2,2,2,2,2.339181,3.205128,4.093567,179.25
2026-08-20,2026-08-20,"Carrusel Catalogo - Video Nuevo 6",inactive,,,,15000,Diario,0,0,0,"En curso","7 días tras clic, 1 día tras visualización o 1 día tras visualización activa",0,ABSOLUTE_OCPM,2026-08-03T21:53:15-0400,-,-,-,PieraCeresa_2026_Conversiones,,,0,,,,,0,,,0,,,00:00:00,,,,,,,0,0,
2026-08-20,2026-08-20,"Carrusel Catalogo - Video Nuevo 5",inactive,,,,15000,Diario,0,0,0,"En curso","7 días tras clic, 1 día tras visualización o 1 día tras visualización activa",0,ABSOLUTE_OCPM,2026-08-03T21:53:15-0400,-,-,-,PieraCeresa_2026_Conversiones,,,0,,,,,0,,,0,,,00:00:00,,,,,,,0,0,
2026-08-20,2026-08-20,"Carrusel Catalogo - Video Nuevo 4",inactive,,,,15000,Diario,0,0,0,"En curso","7 días tras clic, 1 día tras visualización o 1 día tras visualización activa",0,ABSOLUTE_OCPM,2026-08-03T21:53:15-0400,-,-,-,PieraCeresa_2026_Conversiones,,,0,,,,,0,,,0,,,00:00:00,,,,,,,0,0,
2026-08-20,2026-08-20,"Carrusel Catalogo - Video Nuevo 3",inactive,,,,15000,Diario,0,0,0,"En curso","7 días tras clic, 1 día tras visualización o 1 día tras visualización activa",0,ABSOLUTE_OCPM,2026-08-03T21:53:15-0400,-,-,-,PieraCeresa_2026_Conversiones,,,0,,,,,0,,,0,,,00:00:00,,,,,,,0,0,
2026-08-20,2026-08-20,"Carrusel Catalogo - Video Nuevo 2",inactive,,,,15000,Diario,0,0,0,"En curso","7 días tras clic, 1 día tras visualización o 1 día tras visualización activa",0,ABSOLUTE_OCPM,2026-08-03T21:53:15-0400,-,-,-,PieraCeresa_2026_Conversiones,,,0,,,,,0,,,0,,,00:00:00,,,,,,,0,0,
2026-08-20,2026-08-20,"Carrusel Catalogo - Video Nuevo 1",not_delivering,,,,15000,Diario,0,0,0,"En curso","7 días tras clic, 1 día tras visualización o 1 día tras visualización activa",0,ABSOLUTE_OCPM,2026-08-03T21:53:15-0400,-,-,-,PieraCeresa_2026_Conversiones,,,0,,,,,0,,,0,,,00:00:00,,,,,,,0,0,
2026-08-20,2026-08-20,"Carrusel Catalogo 3 - Video - Copia 2",inactive,,,,15000,Diario,0,0,0,"En curso","7 días tras clic, 1 día tras visualización o 1 día tras visualización activa",0,ABSOLUTE_OCPM,2026-08-03T21:53:15-0400,-,-,-,PieraCeresa_2026_Conversiones,,,0,,,,,0,,,0,,,00:00:00,,,,,,,0,0,
2026-08-20,2026-08-20,"Carrusel Catalogo 3 - Video - Copia",inactive,,,,15000,Diario,0,0,0,"En curso","7 días tras clic, 1 día tras visualización o 1 día tras visualización activa",0,ABSOLUTE_OCPM,2026-08-03T21:53:15-0400,-,-,-,PieraCeresa_2026_Conversiones,,,0,,,,,0,,,0,,,00:00:00,,,,,,,0,0,
2026-08-20,2026-08-20,"Carrusel Catalogo 3 - Video",inactive,,,,15000,Diario,0,0,0,"En curso","7 días tras clic, 1 día tras visualización o 1 día tras visualización activa",0,ABSOLUTE_OCPM,2026-08-03T21:53:15-0400,-,-,-,PieraCeresa_2026_Conversiones,,,0,,,,,0,,,0,,,00:00:00,,,,,,,0,0,
2026-08-20,2026-08-20,"Carrusel Catalogo 2 - Video",not_delivering,,,,15000,Diario,0,0,0,"En curso","7 días tras clic, 1 día tras visualización o 1 día tras visualización activa",0,ABSOLUTE_OCPM,2026-08-03T21:53:15-0400,-,-,-,PieraCeresa_2026_Conversiones,,,0,,,,,0,,,0,,,00:00:00,,,,,,,0,0,
2026-08-20,2026-08-20,"Carrusel Catalogo",not_delivering,,,,15000,Diario,0,0,0,"En curso","7 días tras clic, 1 día tras visualización o 1 día tras visualización activa",0,ABSOLUTE_OCPM,2026-08-03T21:53:15-0400,-,-,-,PieraCeresa_2026_Conversiones,,,0,,,,,0,,,0,,,00:00:00,,,,,,,0,0,
2026-08-19,2026-08-19,"Carrusel Catalogo 2 - Video",not_delivering,,,,15000,Diario,0,0,0,"En curso","7 días tras clic, 1 día tras visualización o 1 día tras visualización activa",0,ABSOLUTE_OCPM,2026-08-22T06:54:06-0400,-,-,-,"PieraCeresa_2026_Conversiones -Purchase",,,0,,,,,0,,,0,,,00:00:00,,,,,,,0,0,
2026-08-19,2026-08-19,"Carrusel Catalogo",not_delivering,,,,15000,Diario,0,0,0,"En curso","7 días tras clic, 1 día tras visualización o 1 día tras visualización activa",0,ABSOLUTE_OCPM,2026-08-22T06:54:06-0400,-,-,-,"PieraCeresa_2026_Conversiones -Purchase",,,0,,,,,0,,,0,,,00:00:00,,,,,,,0,0,
2026-08-19,2026-08-19,"Carrusel Catalogo - Video Nuevo 1",not_delivering,,,,15000,Diario,0,0,0,"En curso","7 días tras clic, 1 día tras visualización o 1 día tras visualización activa",0,ABSOLUTE_OCPM,2026-08-22T06:54:06-0400,-,-,-,"PieraCeresa_2026_Conversiones -Purchase",,,0,,,,,0,,,0,,,00:00:00,,,,,,,0,0,
2026-08-19,2026-08-19,"Carrusel Catalogo 2 - Video - AGO",not_delivering,,,,15000,Diario,0,0,0,"En curso","7 días tras clic, 1 día tras visualización o 1 día tras visualización activa",0,ABSOLUTE_OCPM,2026-08-22T06:54:06-0400,-,-,-,"PieraCeresa_2026_Conversiones -Purchase",,,0,,,,,0,,,0,,,00:00:00,,,,,,,0,0,
2026-08-19,2026-08-19,"Carrusel Catalogo 1 - Video - AGO",not_delivering,,,,15000,Diario,0,0,0,"En curso","7 días tras clic, 1 día tras visualización o 1 día tras visualización activa",0,ABSOLUTE_OCPM,2026-08-22T06:54:06-0400,-,-,-,"PieraCeresa_2026_Conversiones -Purchase",,,0,,,,,0,,,0,,,00:00:00,,,,,,,0,0,
2026-08-19,2026-08-19,"Carrusel Catalogo 1 - Video - AGO",active,1,actions:offsite_conversion.fb_pixel_initiate_checkout,1938,15000,Diario,1938,601,521,"En curso","7 días tras clic, 1 día tras visualización o 1 día tras visualización activa",0,ABSOLUTE_OCPM,2026-08-18T08:00:30-0400,-,-,-,"PieraCeresa_2026_Conversiones - Add Payment Info",,,4.798464,24,2,1,1,3224.625624,101500,101500,1.153551,28,12,5,1,1,1,,1,4.658902,5.950096,6.489185,69.214286
2026-08-19,2026-08-19,"Carrusel Catalogo 2 - Video - AGO",active,1,actions:offsite_conversion.fb_pixel_initiate_checkout,1980,15000,Diario,1980,591,526,"En curso","7 días tras clic, 1 día tras visualización o 1 día tras visualización activa",0,ABSOLUTE_OCPM,2026-08-18T08:00:30-0400,-,-,-,"PieraCeresa_2026_Conversiones - Add Payment Info",,,6.08365,22,2,1,,3350.253807,,,1.123574,43,14,7,10,5,1,1,5,7.275804,6.844106,9.98308,46.046512
2026-08-19,2026-08-19,"Carrusel Catalogo",active,,,,15000,Diario,4527,1269,996,"En curso","7 días tras clic, 1 día tras visualización o 1 día tras visualización activa",0,ABSOLUTE_OCPM,2026-08-18T08:00:30-0400,Promedio,-,-,"PieraCeresa_2026_Conversiones - Add Payment Info",,,4.819277,45,,,,3567.375887,,,1.274096,51,6,3,4,3,3,3,3,4.018913,5.522088,5.35855,88.764706
2026-08-19,2026-08-19,"Carrusel Catalogo 2 - Video",active,,,,15000,Diario,5,1,1,"En curso","7 días tras clic, 1 día tras visualización o 1 día tras visualización activa",0,ABSOLUTE_OCPM,2026-08-18T08:00:30-0400,-,-,-,"PieraCeresa_2026_Conversiones - Add Payment Info",,,0,,,,,5000,,,1,,,00:00:00,,,,,,,0,0,
2026-08-19,2026-08-19,"Carrusel Catalogo - Video Nuevo 1",active,,,,15000,Diario,4311,927,789,"En curso","7 días tras clic, 1 día tras visualización o 1 día tras visualización activa",0,ABSOLUTE_OCPM,2026-08-18T08:00:30-0400,-,-,-,"PieraCeresa_2026_Conversiones - Add Payment Info",,,5.830165,46,3,,,4650.485437,,,1.174905,52,89,6,18,7,5,3,17,5.609493,7.097592,8.19849,82.903846
2026-08-19,2026-08-19,"Carrusel Catalogo - Video Nuevo 6",inactive,,,,15000,Diario,0,0,0,"En curso","7 días tras clic, 1 día tras visualización o 1 día tras visualización activa",0,ABSOLUTE_OCPM,2026-08-03T21:53:15-0400,-,-,-,PieraCeresa_2026_Conversiones,,,0,,,,,0,,,0,,,00:00:00,,,,,,,0,0,
2026-08-19,2026-08-19,"Carrusel Catalogo - Video Nuevo 5",inactive,,,,15000,Diario,0,0,0,"En curso","7 días tras clic, 1 día tras visualización o 1 día tras visualización activa",0,ABSOLUTE_OCPM,2026-08-03T21:53:15-0400,-,-,-,PieraCeresa_2026_Conversiones,,,0,,,,,0,,,0,,,00:00:00,,,,,,,0,0,
2026-08-19,2026-08-19,"Carrusel Catalogo - Video Nuevo 4",inactive,,,,15000,Diario,0,0,0,"En curso","7 días tras clic, 1 día tras visualización o 1 día tras visualización activa",0,ABSOLUTE_OCPM,2026-08-03T21:53:15-0400,-,-,-,PieraCeresa_2026_Conversiones,,,0,,,,,0,,,0,,,00:00:00,,,,,,,0,0,
2026-08-19,2026-08-19,"Carrusel Catalogo - Video Nuevo 3",inactive,,,,15000,Diario,0,0,0,"En curso","7 días tras clic, 1 día tras visualización o 1 día tras visualización activa",0,ABSOLUTE_OCPM,2026-08-03T21:53:15-0400,-,-,-,PieraCeresa_2026_Conversiones,,,0,,,,,0,,,0,,,00:00:00,,,,,,,0,0,
2026-08-19,2026-08-19,"Carrusel Catalogo - Video Nuevo 2",inactive,,,,15000,Diario,0,0,0,"En curso","7 días tras clic, 1 día tras visualización o 1 día tras visualización activa",0,ABSOLUTE_OCPM,2026-08-03T21:53:15-0400,-,-,-,PieraCeresa_2026_Conversiones,,,0,,,,,0,,,0,,,00:00:00,,,,,,,0,0,
2026-08-19,2026-08-19,"Carrusel Catalogo - Video Nuevo 1",not_delivering,,,,15000,Diario,0,0,0,"En curso","7 días tras clic, 1 día tras visualización o 1 día tras visualización activa",0,ABSOLUTE_OCPM,2026-08-03T21:53:15-0400,-,-,-,PieraCeresa_2026_Conversiones,,,0,,,,,0,,,0,,,00:00:00,,,,,,,0,0,
2026-08-19,2026-08-19,"Carrusel Catalogo 3 - Video - Copia 2",inactive,,,,15000,Diario,0,0,0,"En curso","7 días tras clic, 1 día tras visualización o 1 día tras visualización activa",0,ABSOLUTE_OCPM,2026-08-03T21:53:15-0400,-,-,-,PieraCeresa_2026_Conversiones,,,0,,,,,0,,,0,,,00:00:00,,,,,,,0,0,
2026-08-19,2026-08-19,"Carrusel Catalogo 3 - Video - Copia",inactive,,,,15000,Diario,0,0,0,"En curso","7 días tras clic, 1 día tras visualización o 1 día tras visualización activa",0,ABSOLUTE_OCPM,2026-08-03T21:53:15-0400,-,-,-,PieraCeresa_2026_Conversiones,,,0,,,,,0,,,0,,,00:00:00,,,,,,,0,0,
2026-08-19,2026-08-19,"Carrusel Catalogo 3 - Video",inactive,,,,15000,Diario,0,0,0,"En curso","7 días tras clic, 1 día tras visualización o 1 día tras visualización activa",0,ABSOLUTE_OCPM,2026-08-03T21:53:15-0400,-,-,-,PieraCeresa_2026_Conversiones,,,0,,,,,0,,,0,,,00:00:00,,,,,,,0,0,
2026-08-19,2026-08-19,"Carrusel Catalogo 2 - Video",not_delivering,,,,15000,Diario,0,0,0,"En curso","7 días tras clic, 1 día tras visualización o 1 día tras visualización activa",0,ABSOLUTE_OCPM,2026-08-03T21:53:15-0400,-,-,-,PieraCeresa_2026_Conversiones,,,0,,,,,0,,,0,,,00:00:00,,,,,,,0,0,
2026-08-19,2026-08-19,"Carrusel Catalogo",not_delivering,,,,15000,Diario,0,0,0,"En curso","7 días tras clic, 1 día tras visualización o 1 día tras visualización activa",0,ABSOLUTE_OCPM,2026-08-03T21:53:15-0400,-,-,-,PieraCeresa_2026_Conversiones,,,0,,,,,0,,,0,,,00:00:00,,,,,,,0,0,
2026-08-18,2026-08-18,"Carrusel Catalogo 2 - Video",not_delivering,,,,15000,Diario,0,0,0,"En curso","7 días tras clic, 1 día tras visualización o 1 día tras visualización activa",0,ABSOLUTE_OCPM,2026-08-22T06:54:06-0400,-,-,-,"PieraCeresa_2026_Conversiones -Purchase",,,0,,,,,0,,,0,,,00:00:00,,,,,,,0,0,
2026-08-18,2026-08-18,"Carrusel Catalogo",not_delivering,,,,15000,Diario,0,0,0,"En curso","7 días tras clic, 1 día tras visualización o 1 día tras visualización activa",0,ABSOLUTE_OCPM,2026-08-22T06:54:06-0400,-,-,-,"PieraCeresa_2026_Conversiones -Purchase",,,0,,,,,0,,,0,,,00:00:00,,,,,,,0,0,
2026-08-18,2026-08-18,"Carrusel Catalogo - Video Nuevo 1",not_delivering,,,,15000,Diario,0,0,0,"En curso","7 días tras clic, 1 día tras visualización o 1 día tras visualización activa",0,ABSOLUTE_OCPM,2026-08-22T06:54:06-0400,-,-,-,"PieraCeresa_2026_Conversiones -Purchase",,,0,,,,,0,,,0,,,00:00:00,,,,,,,0,0,
2026-08-18,2026-08-18,"Carrusel Catalogo 2 - Video - AGO",not_delivering,,,,15000,Diario,0,0,0,"En curso","7 días tras clic, 1 día tras visualización o 1 día tras visualización activa",0,ABSOLUTE_OCPM,2026-08-22T06:54:06-0400,-,-,-,"PieraCeresa_2026_Conversiones -Purchase",,,0,,,,,0,,,0,,,00:00:00,,,,,,,0,0,
2026-08-18,2026-08-18,"Carrusel Catalogo 1 - Video - AGO",not_delivering,,,,15000,Diario,0,0,0,"En curso","7 días tras clic, 1 día tras visualización o 1 día tras visualización activa",0,ABSOLUTE_OCPM,2026-08-22T06:54:06-0400,-,-,-,"PieraCeresa_2026_Conversiones -Purchase",,,0,,,,,0,,,0,,,00:00:00,,,,,,,0,0,
2026-08-18,2026-08-18,"Carrusel Catalogo 1 - Video - AGO",active,,,,15000,Diario,36,10,9,"En curso","7 días tras clic, 1 día tras visualización o 1 día tras visualización activa",0,ABSOLUTE_OCPM,2026-08-18T08:00:30-0400,-,-,-,"PieraCeresa_2026_Conversiones - Add Payment Info",,,0,,,,,3600,,,1.111111,,1,5,,,,,,,0,0,
2026-08-18,2026-08-18,"Carrusel Catalogo 2 - Video - AGO",active,,,,15000,Diario,159,37,34,"En curso","7 días tras clic, 1 día tras visualización o 1 día tras visualización activa",0,ABSOLUTE_OCPM,2026-08-18T08:00:30-0400,-,-,-,"PieraCeresa_2026_Conversiones - Add Payment Info",,,5.882353,2,,,,4297.297297,,,1.088235,2,3,5,1,1,1,,1,5.405405,5.882353,5.405405,79.5
2026-08-18,2026-08-18,"Carrusel Catalogo",active,,,,15000,Diario,127,11,11,"En curso","7 días tras clic, 1 día tras visualización o 1 día tras visualización activa",0,ABSOLUTE_OCPM,2026-08-18T08:00:30-0400,-,-,-,"PieraCeresa_2026_Conversiones - Add Payment Info",,,0,,,,,11545.454545,,,1,,2,2,2,1,,,,,0,0,
2026-08-18,2026-08-18,"Carrusel Catalogo 2 - Video",active,,,,15000,Diario,290,72,65,"En curso","7 días tras clic, 1 día tras visualización o 1 día tras visualización activa",0,ABSOLUTE_OCPM,2026-08-18T08:00:30-0400,-,-,-,"PieraCeresa_2026_Conversiones - Add Payment Info",,,9.230769,8,,,,4027.777778,,,1.107692,12,17,6,15,9,6,5,5,16.666667,10.769231,23.611111,24.166667
2026-08-18,2026-08-18,"Carrusel Catalogo - Video Nuevo 1",active,1,actions:offsite_conversion.fb_pixel_initiate_checkout,303,15000,Diario,303,75,68,"En curso","7 días tras clic, 1 día tras visualización o 1 día tras visualización activa",0,ABSOLUTE_OCPM,2026-08-18T08:00:30-0400,-,-,-,"PieraCeresa_2026_Conversiones - Add Payment Info",,,7.352941,5,1,1,1,4040,12899,12899,1.102941,5,19,9,7,3,3,2,7,6.666667,8.823529,16,60.6
2026-08-18,2026-08-18,"Carrusel Catalogo - Video Nuevo 6",inactive,,,,15000,Diario,0,0,0,"En curso","7 días tras clic, 1 día tras visualización o 1 día tras visualización activa",0,ABSOLUTE_OCPM,2026-08-03T21:53:15-0400,-,-,-,PieraCeresa_2026_Conversiones,,,0,,,,,0,,,0,,,00:00:00,,,,,,,0,0,
2026-08-18,2026-08-18,"Carrusel Catalogo - Video Nuevo 5",inactive,,,,15000,Diario,0,0,0,"En curso","7 días tras clic, 1 día tras visualización o 1 día tras visualización activa",0,ABSOLUTE_OCPM,2026-08-03T21:53:15-0400,-,-,-,PieraCeresa_2026_Conversiones,,,0,,,,,0,,,0,,,00:00:00,,,,,,,0,0,
2026-08-18,2026-08-18,"Carrusel Catalogo - Video Nuevo 4",inactive,,,,15000,Diario,0,0,0,"En curso","7 días tras clic, 1 día tras visualización o 1 día tras visualización activa",0,ABSOLUTE_OCPM,2026-08-03T21:53:15-0400,-,-,-,PieraCeresa_2026_Conversiones,,,0,,,,,0,,,0,,,00:00:00,,,,,,,0,0,
2026-08-18,2026-08-18,"Carrusel Catalogo - Video Nuevo 3",inactive,,,,15000,Diario,0,0,0,"En curso","7 días tras clic, 1 día tras visualización o 1 día tras visualización activa",0,ABSOLUTE_OCPM,2026-08-03T21:53:15-0400,-,-,-,PieraCeresa_2026_Conversiones,,,0,,,,,0,,,0,,,00:00:00,,,,,,,0,0,
2026-08-18,2026-08-18,"Carrusel Catalogo - Video Nuevo 2",inactive,,,,15000,Diario,0,0,0,"En curso","7 días tras clic, 1 día tras visualización o 1 día tras visualización activa",0,ABSOLUTE_OCPM,2026-08-03T21:53:15-0400,-,-,-,PieraCeresa_2026_Conversiones,,,0,,,,,0,,,0,,,00:00:00,,,,,,,0,0,
2026-08-18,2026-08-18,"Carrusel Catalogo - Video Nuevo 1",not_delivering,,,,15000,Diario,0,0,0,"En curso","7 días tras clic, 1 día tras visualización o 1 día tras visualización activa",0,ABSOLUTE_OCPM,2026-08-03T21:53:15-0400,-,-,-,PieraCeresa_2026_Conversiones,,,0,,,,,0,,,0,,,00:00:00,,,,,,,0,0,
2026-08-18,2026-08-18,"Carrusel Catalogo 3 - Video - Copia 2",inactive,,,,15000,Diario,0,0,0,"En curso","7 días tras clic, 1 día tras visualización o 1 día tras visualización activa",0,ABSOLUTE_OCPM,2026-08-03T21:53:15-0400,-,-,-,PieraCeresa_2026_Conversiones,,,0,,,,,0,,,0,,,00:00:00,,,,,,,0,0,
2026-08-18,2026-08-18,"Carrusel Catalogo 3 - Video - Copia",inactive,,,,15000,Diario,0,0,0,"En curso","7 días tras clic, 1 día tras visualización o 1 día tras visualización activa",0,ABSOLUTE_OCPM,2026-08-03T21:53:15-0400,-,-,-,PieraCeresa_2026_Conversiones,,,0,,,,,0,,,0,,,00:00:00,,,,,,,0,0,
2026-08-18,2026-08-18,"Carrusel Catalogo 3 - Video",inactive,,,,15000,Diario,0,0,0,"En curso","7 días tras clic, 1 día tras visualización o 1 día tras visualización activa",0,ABSOLUTE_OCPM,2026-08-03T21:53:15-0400,-,-,-,PieraCeresa_2026_Conversiones,,,0,,,,,0,,,0,,,00:00:00,,,,,,,0,0,
2026-08-18,2026-08-18,"Carrusel Catalogo 2 - Video",not_delivering,,,,15000,Diario,0,0,0,"En curso","7 días tras clic, 1 día tras visualización o 1 día tras visualización activa",0,ABSOLUTE_OCPM,2026-08-03T21:53:15-0400,-,-,-,PieraCeresa_2026_Conversiones,,,0,,,,,0,,,0,,,00:00:00,,,,,,,0,0,
2026-08-18,2026-08-18,"Carrusel Catalogo",not_delivering,,,,15000,Diario,0,0,0,"En curso","7 días tras clic, 1 día tras visualización o 1 día tras visualización activa",0,ABSOLUTE_OCPM,2026-08-03T21:53:15-0400,-,-,-,PieraCeresa_2026_Conversiones,,,0,,,,,0,,,0,,,00:00:00,,,,,,,0,0,
2026-08-17,2026-08-17,"Carrusel Catalogo 2 - Video",not_delivering,,,,15000,Diario,0,0,0,"En curso","7 días tras clic, 1 día tras visualización o 1 día tras visualización activa",0,ABSOLUTE_OCPM,2026-08-22T06:54:06-0400,-,-,-,"PieraCeresa_2026_Conversiones -Purchase",,,0,,,,,0,,,0,,,00:00:00,,,,,,,0,0,
2026-08-17,2026-08-17,"Carrusel Catalogo",not_delivering,,,,15000,Diario,0,0,0,"En curso","7 días tras clic, 1 día tras visualización o 1 día tras visualización activa",0,ABSOLUTE_OCPM,2026-08-22T06:54:06-0400,-,-,-,"PieraCeresa_2026_Conversiones -Purchase",,,0,,,,,0,,,0,,,00:00:00,,,,,,,0,0,
2026-08-17,2026-08-17,"Carrusel Catalogo - Video Nuevo 1",not_delivering,,,,15000,Diario,0,0,0,"En curso","7 días tras clic, 1 día tras visualización o 1 día tras visualización activa",0,ABSOLUTE_OCPM,2026-08-22T06:54:06-0400,-,-,-,"PieraCeresa_2026_Conversiones -Purchase",,,0,,,,,0,,,0,,,00:00:00,,,,,,,0,0,
2026-08-17,2026-08-17,"Carrusel Catalogo 2 - Video - AGO",not_delivering,,,,15000,Diario,0,0,0,"En curso","7 días tras clic, 1 día tras visualización o 1 día tras visualización activa",0,ABSOLUTE_OCPM,2026-08-22T06:54:06-0400,-,-,-,"PieraCeresa_2026_Conversiones -Purchase",,,0,,,,,0,,,0,,,00:00:00,,,,,,,0,0,
2026-08-17,2026-08-17,"Carrusel Catalogo 1 - Video - AGO",not_delivering,,,,15000,Diario,0,0,0,"En curso","7 días tras clic, 1 día tras visualización o 1 día tras visualización activa",0,ABSOLUTE_OCPM,2026-08-22T06:54:06-0400,-,-,-,"PieraCeresa_2026_Conversiones -Purchase",,,0,,,,,0,,,0,,,00:00:00,,,,,,,0,0,
2026-08-17,2026-08-17,"Carrusel Catalogo 1 - Video - AGO",active,,,,15000,Diario,0,0,0,"En curso","7 días tras clic, 1 día tras visualización o 1 día tras visualización activa",0,ABSOLUTE_OCPM,2026-08-18T08:00:30-0400,-,-,-,"PieraCeresa_2026_Conversiones - Add Payment Info",,,0,,,,,0,,,0,,,00:00:00,,,,,,,0,0,
2026-08-17,2026-08-17,"Carrusel Catalogo 2 - Video - AGO",active,,,,15000,Diario,0,0,0,"En curso","7 días tras clic, 1 día tras visualización o 1 día tras visualización activa",0,ABSOLUTE_OCPM,2026-08-18T08:00:30-0400,-,-,-,"PieraCeresa_2026_Conversiones - Add Payment Info",,,0,,,,,0,,,0,,,00:00:00,,,,,,,0,0,
2026-08-17,2026-08-17,"Carrusel Catalogo",active,,,,15000,Diario,0,0,0,"En curso","7 días tras clic, 1 día tras visualización o 1 día tras visualización activa",0,ABSOLUTE_OCPM,2026-08-18T08:00:30-0400,-,-,-,"PieraCeresa_2026_Conversiones - Add Payment Info",,,0,,,,,0,,,0,,,00:00:00,,,,,,,0,0,
2026-08-17,2026-08-17,"Carrusel Catalogo 2 - Video",active,,,,15000,Diario,0,0,0,"En curso","7 días tras clic, 1 día tras visualización o 1 día tras visualización activa",0,ABSOLUTE_OCPM,2026-08-18T08:00:30-0400,-,-,-,"PieraCeresa_2026_Conversiones - Add Payment Info",,,0,,,,,0,,,0,,,00:00:00,,,,,,,0,0,
2026-08-17,2026-08-17,"Carrusel Catalogo - Video Nuevo 1",active,,,,15000,Diario,0,0,0,"En curso","7 días tras clic, 1 día tras visualización o 1 día tras visualización activa",0,ABSOLUTE_OCPM,2026-08-18T08:00:30-0400,-,-,-,"PieraCeresa_2026_Conversiones - Add Payment Info",,,0,,,,,0,,,0,,,00:00:00,,,,,,,0,0,
2026-08-17,2026-08-17,"Carrusel Catalogo - Video Nuevo 6",inactive,,,,15000,Diario,0,0,0,"En curso","7 días tras clic, 1 día tras visualización o 1 día tras visualización activa",0,ABSOLUTE_OCPM,2026-08-03T21:53:15-0400,-,-,-,PieraCeresa_2026_Conversiones,,,0,,,,,0,,,0,,,00:00:00,,,,,,,0,0,
2026-08-17,2026-08-17,"Carrusel Catalogo - Video Nuevo 5",inactive,,,,15000,Diario,0,0,0,"En curso","7 días tras clic, 1 día tras visualización o 1 día tras visualización activa",0,ABSOLUTE_OCPM,2026-08-03T21:53:15-0400,-,-,-,PieraCeresa_2026_Conversiones,,,0,,,,,0,,,0,,,00:00:00,,,,,,,0,0,
2026-08-17,2026-08-17,"Carrusel Catalogo - Video Nuevo 4",inactive,,,,15000,Diario,0,0,0,"En curso","7 días tras clic, 1 día tras visualización o 1 día tras visualización activa",0,ABSOLUTE_OCPM,2026-08-03T21:53:15-0400,-,-,-,PieraCeresa_2026_Conversiones,,,0,,,,,0,,,0,,,00:00:00,,,,,,,0,0,
2026-08-17,2026-08-17,"Carrusel Catalogo - Video Nuevo 3",inactive,,,,15000,Diario,0,0,0,"En curso","7 días tras clic, 1 día tras visualización o 1 día tras visualización activa",0,ABSOLUTE_OCPM,2026-08-03T21:53:15-0400,-,-,-,PieraCeresa_2026_Conversiones,,,0,,,,,0,,,0,,,00:00:00,,,,,,,0,0,
2026-08-17,2026-08-17,"Carrusel Catalogo - Video Nuevo 2",inactive,,,,15000,Diario,0,0,0,"En curso","7 días tras clic, 1 día tras visualización o 1 día tras visualización activa",0,ABSOLUTE_OCPM,2026-08-03T21:53:15-0400,-,-,-,PieraCeresa_2026_Conversiones,,,0,,,,,0,,,0,,,00:00:00,,,,,,,0,0,
2026-08-17,2026-08-17,"Carrusel Catalogo - Video Nuevo 1",not_delivering,,,,15000,Diario,0,0,0,"En curso","7 días tras clic, 1 día tras visualización o 1 día tras visualización activa",0,ABSOLUTE_OCPM,2026-08-03T21:53:15-0400,-,-,-,PieraCeresa_2026_Conversiones,,,0,,,,,0,,,0,,,00:00:00,,,,,,,0,0,
2026-08-17,2026-08-17,"Carrusel Catalogo 3 - Video - Copia 2",inactive,,,,15000,Diario,0,0,0,"En curso","7 días tras clic, 1 día tras visualización o 1 día tras visualización activa",0,ABSOLUTE_OCPM,2026-08-03T21:53:15-0400,-,-,-,PieraCeresa_2026_Conversiones,,,0,,,,,0,,,0,,,00:00:00,,,,,,,0,0,
2026-08-17,2026-08-17,"Carrusel Catalogo 3 - Video - Copia",inactive,,,,15000,Diario,0,0,0,"En curso","7 días tras clic, 1 día tras visualización o 1 día tras visualización activa",0,ABSOLUTE_OCPM,2026-08-03T21:53:15-0400,-,-,-,PieraCeresa_2026_Conversiones,,,0,,,,,0,,,0,,,00:00:00,,,,,,,0,0,
2026-08-17,2026-08-17,"Carrusel Catalogo 3 - Video",inactive,,,,15000,Diario,0,0,0,"En curso","7 días tras clic, 1 día tras visualización o 1 día tras visualización activa",0,ABSOLUTE_OCPM,2026-08-03T21:53:15-0400,-,-,-,PieraCeresa_2026_Conversiones,,,0,,,,,0,,,0,,,00:00:00,,,,,,,0,0,
2026-08-17,2026-08-17,"Carrusel Catalogo 2 - Video",not_delivering,,,,15000,Diario,0,0,0,"En curso","7 días tras clic, 1 día tras visualización o 1 día tras visualización activa",0,ABSOLUTE_OCPM,2026-08-03T21:53:15-0400,-,-,-,PieraCeresa_2026_Conversiones,,,0,,,,,0,,,0,,,00:00:00,,,,,,,0,0,
2026-08-17,2026-08-17,"Carrusel Catalogo",not_delivering,,,,15000,Diario,0,0,0,"En curso","7 días tras clic, 1 día tras visualización o 1 día tras visualización activa",0,ABSOLUTE_OCPM,2026-08-03T21:53:15-0400,-,-,-,PieraCeresa_2026_Conversiones,,,0,,,,,0,,,0,,,00:00:00,,,,,,,0,0,
2026-08-16,2026-08-16,"Carrusel Catalogo 2 - Video",not_delivering,,,,15000,Diario,0,0,0,"En curso","7 días tras clic, 1 día tras visualización o 1 día tras visualización activa",0,ABSOLUTE_OCPM,2026-08-22T06:54:06-0400,-,-,-,"PieraCeresa_2026_Conversiones -Purchase",,,0,,,,,0,,,0,,,00:00:00,,,,,,,0,0,
2026-08-16,2026-08-16,"Carrusel Catalogo",not_delivering,,,,15000,Diario,0,0,0,"En curso","7 días tras clic, 1 día tras visualización o 1 día tras visualización activa",0,ABSOLUTE_OCPM,2026-08-22T06:54:06-0400,-,-,-,"PieraCeresa_2026_Conversiones -Purchase",,,0,,,,,0,,,0,,,00:00:00,,,,,,,0,0,
2026-08-16,2026-08-16,"Carrusel Catalogo - Video Nuevo 1",not_delivering,,,,15000,Diario,0,0,0,"En curso","7 días tras clic, 1 día tras visualización o 1 día tras visualización activa",0,ABSOLUTE_OCPM,2026-08-22T06:54:06-0400,-,-,-,"PieraCeresa_2026_Conversiones -Purchase",,,0,,,,,0,,,0,,,00:00:00,,,,,,,0,0,
2026-08-16,2026-08-16,"Carrusel Catalogo 2 - Video - AGO",not_delivering,,,,15000,Diario,0,0,0,"En curso","7 días tras clic, 1 día tras visualización o 1 día tras visualización activa",0,ABSOLUTE_OCPM,2026-08-22T06:54:06-0400,-,-,-,"PieraCeresa_2026_Conversiones -Purchase",,,0,,,,,0,,,0,,,00:00:00,,,,,,,0,0,
2026-08-16,2026-08-16,"Carrusel Catalogo 1 - Video - AGO",not_delivering,,,,15000,Diario,0,0,0,"En curso","7 días tras clic, 1 día tras visualización o 1 día tras visualización activa",0,ABSOLUTE_OCPM,2026-08-22T06:54:06-0400,-,-,-,"PieraCeresa_2026_Conversiones -Purchase",,,0,,,,,0,,,0,,,00:00:00,,,,,,,0,0,
2026-08-16,2026-08-16,"Carrusel Catalogo 1 - Video - AGO",active,,,,15000,Diario,0,0,0,"En curso","7 días tras clic, 1 día tras visualización o 1 día tras visualización activa",0,ABSOLUTE_OCPM,2026-08-18T08:00:30-0400,-,-,-,"PieraCeresa_2026_Conversiones - Add Payment Info",,,0,,,,,0,,,0,,,00:00:00,,,,,,,0,0,
2026-08-16,2026-08-16,"Carrusel Catalogo 2 - Video - AGO",active,,,,15000,Diario,0,0,0,"En curso","7 días tras clic, 1 día tras visualización o 1 día tras visualización activa",0,ABSOLUTE_OCPM,2026-08-18T08:00:30-0400,-,-,-,"PieraCeresa_2026_Conversiones - Add Payment Info",,,0,,,,,0,,,0,,,00:00:00,,,,,,,0,0,
2026-08-16,2026-08-16,"Carrusel Catalogo",active,,,,15000,Diario,0,0,0,"En curso","7 días tras clic, 1 día tras visualización o 1 día tras visualización activa",0,ABSOLUTE_OCPM,2026-08-18T08:00:30-0400,-,-,-,"PieraCeresa_2026_Conversiones - Add Payment Info",,,0,,,,,0,,,0,,,00:00:00,,,,,,,0,0,
2026-08-16,2026-08-16,"Carrusel Catalogo 2 - Video",active,,,,15000,Diario,0,0,0,"En curso","7 días tras clic, 1 día tras visualización o 1 día tras visualización activa",0,ABSOLUTE_OCPM,2026-08-18T08:00:30-0400,-,-,-,"PieraCeresa_2026_Conversiones - Add Payment Info",,,0,,,,,0,,,0,,,00:00:00,,,,,,,0,0,
2026-08-16,2026-08-16,"Carrusel Catalogo - Video Nuevo 1",active,,,,15000,Diario,0,0,0,"En curso","7 días tras clic, 1 día tras visualización o 1 día tras visualización activa",0,ABSOLUTE_OCPM,2026-08-18T08:00:30-0400,-,-,-,"PieraCeresa_2026_Conversiones - Add Payment Info",,,0,,,,,0,,,0,,,00:00:00,,,,,,,0,0,
2026-08-16,2026-08-16,"Carrusel Catalogo - Video Nuevo 6",inactive,,,,15000,Diario,0,0,0,"En curso","7 días tras clic, 1 día tras visualización o 1 día tras visualización activa",0,ABSOLUTE_OCPM,2026-08-03T21:53:15-0400,-,-,-,PieraCeresa_2026_Conversiones,,,0,,,,,0,,,0,,,00:00:00,,,,,,,0,0,
2026-08-16,2026-08-16,"Carrusel Catalogo - Video Nuevo 5",inactive,,,,15000,Diario,0,0,0,"En curso","7 días tras clic, 1 día tras visualización o 1 día tras visualización activa",0,ABSOLUTE_OCPM,2026-08-03T21:53:15-0400,-,-,-,PieraCeresa_2026_Conversiones,,,0,,,,,0,,,0,,,00:00:00,,,,,,,0,0,
2026-08-16,2026-08-16,"Carrusel Catalogo - Video Nuevo 4",inactive,,,,15000,Diario,0,0,0,"En curso","7 días tras clic, 1 día tras visualización o 1 día tras visualización activa",0,ABSOLUTE_OCPM,2026-08-03T21:53:15-0400,-,-,-,PieraCeresa_2026_Conversiones,,,0,,,,,0,,,0,,,00:00:00,,,,,,,0,0,
2026-08-16,2026-08-16,"Carrusel Catalogo - Video Nuevo 3",inactive,,,,15000,Diario,0,0,0,"En curso","7 días tras clic, 1 día tras visualización o 1 día tras visualización activa",0,ABSOLUTE_OCPM,2026-08-03T21:53:15-0400,-,-,-,PieraCeresa_2026_Conversiones,,,0,,,,,0,,,0,,,00:00:00,,,,,,,0,0,
2026-08-16,2026-08-16,"Carrusel Catalogo - Video Nuevo 2",inactive,,,,15000,Diario,0,0,0,"En curso","7 días tras clic, 1 día tras visualización o 1 día tras visualización activa",0,ABSOLUTE_OCPM,2026-08-03T21:53:15-0400,-,-,-,PieraCeresa_2026_Conversiones,,,0,,,,,0,,,0,,,00:00:00,,,,,,,0,0,
2026-08-16,2026-08-16,"Carrusel Catalogo - Video Nuevo 1",not_delivering,,,,15000,Diario,0,0,0,"En curso","7 días tras clic, 1 día tras visualización o 1 día tras visualización activa",0,ABSOLUTE_OCPM,2026-08-03T21:53:15-0400,-,-,-,PieraCeresa_2026_Conversiones,,,0,,,,,0,,,0,,,00:00:00,,,,,,,0,0,
2026-08-16,2026-08-16,"Carrusel Catalogo 3 - Video - Copia 2",inactive,,,,15000,Diario,0,0,0,"En curso","7 días tras clic, 1 día tras visualización o 1 día tras visualización activa",0,ABSOLUTE_OCPM,2026-08-03T21:53:15-0400,-,-,-,PieraCeresa_2026_Conversiones,,,0,,,,,0,,,0,,,00:00:00,,,,,,,0,0,
2026-08-16,2026-08-16,"Carrusel Catalogo 3 - Video - Copia",inactive,,,,15000,Diario,0,0,0,"En curso","7 días tras clic, 1 día tras visualización o 1 día tras visualización activa",0,ABSOLUTE_OCPM,2026-08-03T21:53:15-0400,-,-,-,PieraCeresa_2026_Conversiones,,,0,,,,,0,,,0,,,00:00:00,,,,,,,0,0,
2026-08-16,2026-08-16,"Carrusel Catalogo 3 - Video",inactive,,,,15000,Diario,0,0,0,"En curso","7 días tras clic, 1 día tras visualización o 1 día tras visualización activa",0,ABSOLUTE_OCPM,2026-08-03T21:53:15-0400,-,-,-,PieraCeresa_2026_Conversiones,,,0,,,,,0,,,0,,,00:00:00,,,,,,,0,0,
2026-08-16,2026-08-16,"Carrusel Catalogo 2 - Video",not_delivering,,,,15000,Diario,0,0,0,"En curso","7 días tras clic, 1 día tras visualización o 1 día tras visualización activa",0,ABSOLUTE_OCPM,2026-08-03T21:53:15-0400,-,-,-,PieraCeresa_2026_Conversiones,,,0,,,,,0,,,0,,,00:00:00,,,,,,,0,0,
2026-08-16,2026-08-16,"Carrusel Catalogo",not_delivering,,,,15000,Diario,0,0,0,"En curso","7 días tras clic, 1 día tras visualización o 1 día tras visualización activa",0,ABSOLUTE_OCPM,2026-08-03T21:53:15-0400,-,-,-,PieraCeresa_2026_Conversiones,,,0,,,,,0,,,0,,,00:00:00,,,,,,,0,0,
2026-08-15,2026-08-15,"Carrusel Catalogo 2 - Video",not_delivering,,,,15000,Diario,0,0,0,"En curso","7 días tras clic, 1 día tras visualización o 1 día tras visualización activa",0,ABSOLUTE_OCPM,2026-08-22T06:54:06-0400,-,-,-,"PieraCeresa_2026_Conversiones -Purchase",,,0,,,,,0,,,0,,,00:00:00,,,,,,,0,0,
2026-08-15,2026-08-15,"Carrusel Catalogo",not_delivering,,,,15000,Diario,0,0,0,"En curso","7 días tras clic, 1 día tras visualización o 1 día tras visualización activa",0,ABSOLUTE_OCPM,2026-08-22T06:54:06-0400,-,-,-,"PieraCeresa_2026_Conversiones -Purchase",,,0,,,,,0,,,0,,,00:00:00,,,,,,,0,0,
2026-08-15,2026-08-15,"Carrusel Catalogo - Video Nuevo 1",not_delivering,,,,15000,Diario,0,0,0,"En curso","7 días tras clic, 1 día tras visualización o 1 día tras visualización activa",0,ABSOLUTE_OCPM,2026-08-22T06:54:06-0400,-,-,-,"PieraCeresa_2026_Conversiones -Purchase",,,0,,,,,0,,,0,,,00:00:00,,,,,,,0,0,
2026-08-15,2026-08-15,"Carrusel Catalogo 2 - Video - AGO",not_delivering,,,,15000,Diario,0,0,0,"En curso","7 días tras clic, 1 día tras visualización o 1 día tras visualización activa",0,ABSOLUTE_OCPM,2026-08-22T06:54:06-0400,-,-,-,"PieraCeresa_2026_Conversiones -Purchase",,,0,,,,,0,,,0,,,00:00:00,,,,,,,0,0,
2026-08-15,2026-08-15,"Carrusel Catalogo 1 - Video - AGO",not_delivering,,,,15000,Diario,0,0,0,"En curso","7 días tras clic, 1 día tras visualización o 1 día tras visualización activa",0,ABSOLUTE_OCPM,2026-08-22T06:54:06-0400,-,-,-,"PieraCeresa_2026_Conversiones -Purchase",,,0,,,,,0,,,0,,,00:00:00,,,,,,,0,0,
2026-08-15,2026-08-15,"Carrusel Catalogo 1 - Video - AGO",active,,,,15000,Diario,0,0,0,"En curso","7 días tras clic, 1 día tras visualización o 1 día tras visualización activa",0,ABSOLUTE_OCPM,2026-08-18T08:00:30-0400,-,-,-,"PieraCeresa_2026_Conversiones - Add Payment Info",,,0,,,,,0,,,0,,,00:00:00,,,,,,,0,0,
2026-08-15,2026-08-15,"Carrusel Catalogo 2 - Video - AGO",active,,,,15000,Diario,0,0,0,"En curso","7 días tras clic, 1 día tras visualización o 1 día tras visualización activa",0,ABSOLUTE_OCPM,2026-08-18T08:00:30-0400,-,-,-,"PieraCeresa_2026_Conversiones - Add Payment Info",,,0,,,,,0,,,0,,,00:00:00,,,,,,,0,0,
2026-08-15,2026-08-15,"Carrusel Catalogo",active,,,,15000,Diario,0,0,0,"En curso","7 días tras clic, 1 día tras visualización o 1 día tras visualización activa",0,ABSOLUTE_OCPM,2026-08-18T08:00:30-0400,-,-,-,"PieraCeresa_2026_Conversiones - Add Payment Info",,,0,,,,,0,,,0,,,00:00:00,,,,,,,0,0,
2026-08-15,2026-08-15,"Carrusel Catalogo 2 - Video",active,,,,15000,Diario,0,0,0,"En curso","7 días tras clic, 1 día tras visualización o 1 día tras visualización activa",0,ABSOLUTE_OCPM,2026-08-18T08:00:30-0400,-,-,-,"PieraCeresa_2026_Conversiones - Add Payment Info",,,0,,,,,0,,,0,,,00:00:00,,,,,,,0,0,
2026-08-15,2026-08-15,"Carrusel Catalogo - Video Nuevo 1",active,,,,15000,Diario,0,0,0,"En curso","7 días tras clic, 1 día tras visualización o 1 día tras visualización activa",0,ABSOLUTE_OCPM,2026-08-18T08:00:30-0400,-,-,-,"PieraCeresa_2026_Conversiones - Add Payment Info",,,0,,,,,0,,,0,,,00:00:00,,,,,,,0,0,
2026-08-15,2026-08-15,"Carrusel Catalogo - Video Nuevo 6",inactive,,,,15000,Diario,0,0,0,"En curso","7 días tras clic, 1 día tras visualización o 1 día tras visualización activa",0,ABSOLUTE_OCPM,2026-08-03T21:53:15-0400,-,-,-,PieraCeresa_2026_Conversiones,,,0,,,,,0,,,0,,,00:00:00,,,,,,,0,0,
2026-08-15,2026-08-15,"Carrusel Catalogo - Video Nuevo 5",inactive,,,,15000,Diario,0,0,0,"En curso","7 días tras clic, 1 día tras visualización o 1 día tras visualización activa",0,ABSOLUTE_OCPM,2026-08-03T21:53:15-0400,-,-,-,PieraCeresa_2026_Conversiones,,,0,,,,,0,,,0,,,00:00:00,,,,,,,0,0,
2026-08-15,2026-08-15,"Carrusel Catalogo - Video Nuevo 4",inactive,,,,15000,Diario,0,0,0,"En curso","7 días tras clic, 1 día tras visualización o 1 día tras visualización activa",0,ABSOLUTE_OCPM,2026-08-03T21:53:15-0400,-,-,-,PieraCeresa_2026_Conversiones,,,0,,,,,0,,,0,,,00:00:00,,,,,,,0,0,
2026-08-15,2026-08-15,"Carrusel Catalogo - Video Nuevo 3",inactive,,,,15000,Diario,0,0,0,"En curso","7 días tras clic, 1 día tras visualización o 1 día tras visualización activa",0,ABSOLUTE_OCPM,2026-08-03T21:53:15-0400,-,-,-,PieraCeresa_2026_Conversiones,,,0,,,,,0,,,0,,,00:00:00,,,,,,,0,0,
2026-08-15,2026-08-15,"Carrusel Catalogo - Video Nuevo 2",inactive,,,,15000,Diario,0,0,0,"En curso","7 días tras clic, 1 día tras visualización o 1 día tras visualización activa",0,ABSOLUTE_OCPM,2026-08-03T21:53:15-0400,-,-,-,PieraCeresa_2026_Conversiones,,,0,,,,,0,,,0,,,00:00:00,,,,,,,0,0,
2026-08-15,2026-08-15,"Carrusel Catalogo - Video Nuevo 1",not_delivering,,,,15000,Diario,0,0,0,"En curso","7 días tras clic, 1 día tras visualización o 1 día tras visualización activa",0,ABSOLUTE_OCPM,2026-08-03T21:53:15-0400,-,-,-,PieraCeresa_2026_Conversiones,,,0,,,,,0,,,0,,,00:00:00,,,,,,,0,0,
2026-08-15,2026-08-15,"Carrusel Catalogo 3 - Video - Copia 2",inactive,,,,15000,Diario,0,0,0,"En curso","7 días tras clic, 1 día tras visualización o 1 día tras visualización activa",0,ABSOLUTE_OCPM,2026-08-03T21:53:15-0400,-,-,-,PieraCeresa_2026_Conversiones,,,0,,,,,0,,,0,,,00:00:00,,,,,,,0,0,
2026-08-15,2026-08-15,"Carrusel Catalogo 3 - Video - Copia",inactive,,,,15000,Diario,0,0,0,"En curso","7 días tras clic, 1 día tras visualización o 1 día tras visualización activa",0,ABSOLUTE_OCPM,2026-08-03T21:53:15-0400,-,-,-,PieraCeresa_2026_Conversiones,,,0,,,,,0,,,0,,,00:00:00,,,,,,,0,0,
2026-08-15,2026-08-15,"Carrusel Catalogo 3 - Video",inactive,,,,15000,Diario,0,0,0,"En curso","7 días tras clic, 1 día tras visualización o 1 día tras visualización activa",0,ABSOLUTE_OCPM,2026-08-03T21:53:15-0400,-,-,-,PieraCeresa_2026_Conversiones,,,0,,,,,0,,,0,,,00:00:00,,,,,,,0,0,
2026-08-15,2026-08-15,"Carrusel Catalogo 2 - Video",not_delivering,,,,15000,Diario,0,0,0,"En curso","7 días tras clic, 1 día tras visualización o 1 día tras visualización activa",0,ABSOLUTE_OCPM,2026-08-03T21:53:15-0400,-,-,-,PieraCeresa_2026_Conversiones,,,0,,,,,0,,,0,,,00:00:00,,,,,,,0,0,
2026-08-15,2026-08-15,"Carrusel Catalogo",not_delivering,,,,15000,Diario,0,0,0,"En curso","7 días tras clic, 1 día tras visualización o 1 día tras visualización activa",0,ABSOLUTE_OCPM,2026-08-03T21:53:15-0400,-,-,-,PieraCeresa_2026_Conversiones,,,0,,,,,0,,,0,,,00:00:00,,,,,,,0,0,
2026-08-14,2026-08-14,"Carrusel Catalogo 2 - Video",not_delivering,,,,15000,Diario,0,0,0,"En curso","7 días tras clic, 1 día tras visualización o 1 día tras visualización activa",0,ABSOLUTE_OCPM,2026-08-22T06:54:06-0400,-,-,-,"PieraCeresa_2026_Conversiones -Purchase",,,0,,,,,0,,,0,,,00:00:00,,,,,,,0,0,
2026-08-14,2026-08-14,"Carrusel Catalogo",not_delivering,,,,15000,Diario,0,0,0,"En curso","7 días tras clic, 1 día tras visualización o 1 día tras visualización activa",0,ABSOLUTE_OCPM,2026-08-22T06:54:06-0400,-,-,-,"PieraCeresa_2026_Conversiones -Purchase",,,0,,,,,0,,,0,,,00:00:00,,,,,,,0,0,
2026-08-14,2026-08-14,"Carrusel Catalogo - Video Nuevo 1",not_delivering,,,,15000,Diario,0,0,0,"En curso","7 días tras clic, 1 día tras visualización o 1 día tras visualización activa",0,ABSOLUTE_OCPM,2026-08-22T06:54:06-0400,-,-,-,"PieraCeresa_2026_Conversiones -Purchase",,,0,,,,,0,,,0,,,00:00:00,,,,,,,0,0,
2026-08-14,2026-08-14,"Carrusel Catalogo 2 - Video - AGO",not_delivering,,,,15000,Diario,0,0,0,"En curso","7 días tras clic, 1 día tras visualización o 1 día tras visualización activa",0,ABSOLUTE_OCPM,2026-08-22T06:54:06-0400,-,-,-,"PieraCeresa_2026_Conversiones -Purchase",,,0,,,,,0,,,0,,,00:00:00,,,,,,,0,0,
2026-08-14,2026-08-14,"Carrusel Catalogo 1 - Video - AGO",not_delivering,,,,15000,Diario,0,0,0,"En curso","7 días tras clic, 1 día tras visualización o 1 día tras visualización activa",0,ABSOLUTE_OCPM,2026-08-22T06:54:06-0400,-,-,-,"PieraCeresa_2026_Conversiones -Purchase",,,0,,,,,0,,,0,,,00:00:00,,,,,,,0,0,
2026-08-14,2026-08-14,"Carrusel Catalogo 1 - Video - AGO",active,,,,15000,Diario,0,0,0,"En curso","7 días tras clic, 1 día tras visualización o 1 día tras visualización activa",0,ABSOLUTE_OCPM,2026-08-18T08:00:30-0400,-,-,-,"PieraCeresa_2026_Conversiones - Add Payment Info",,,0,,,,,0,,,0,,,00:00:00,,,,,,,0,0,
2026-08-14,2026-08-14,"Carrusel Catalogo 2 - Video - AGO",active,,,,15000,Diario,0,0,0,"En curso","7 días tras clic, 1 día tras visualización o 1 día tras visualización activa",0,ABSOLUTE_OCPM,2026-08-18T08:00:30-0400,-,-,-,"PieraCeresa_2026_Conversiones - Add Payment Info",,,0,,,,,0,,,0,,,00:00:00,,,,,,,0,0,
2026-08-14,2026-08-14,"Carrusel Catalogo",active,,,,15000,Diario,0,0,0,"En curso","7 días tras clic, 1 día tras visualización o 1 día tras visualización activa",0,ABSOLUTE_OCPM,2026-08-18T08:00:30-0400,-,-,-,"PieraCeresa_2026_Conversiones - Add Payment Info",,,0,,,,,0,,,0,,,00:00:00,,,,,,,0,0,
2026-08-14,2026-08-14,"Carrusel Catalogo 2 - Video",active,,,,15000,Diario,0,0,0,"En curso","7 días tras clic, 1 día tras visualización o 1 día tras visualización activa",0,ABSOLUTE_OCPM,2026-08-18T08:00:30-0400,-,-,-,"PieraCeresa_2026_Conversiones - Add Payment Info",,,0,,,,,0,,,0,,,00:00:00,,,,,,,0,0,
2026-08-14,2026-08-14,"Carrusel Catalogo - Video Nuevo 1",active,,,,15000,Diario,0,0,0,"En curso","7 días tras clic, 1 día tras visualización o 1 día tras visualización activa",0,ABSOLUTE_OCPM,2026-08-18T08:00:30-0400,-,-,-,"PieraCeresa_2026_Conversiones - Add Payment Info",,,0,,,,,0,,,0,,,00:00:00,,,,,,,0,0,
2026-08-14,2026-08-14,"Carrusel Catalogo - Video Nuevo 6",inactive,,,,15000,Diario,0,0,0,"En curso","7 días tras clic, 1 día tras visualización o 1 día tras visualización activa",0,ABSOLUTE_OCPM,2026-08-03T21:53:15-0400,-,-,-,PieraCeresa_2026_Conversiones,,,0,,,,,0,,,0,,,00:00:00,,,,,,,0,0,
2026-08-14,2026-08-14,"Carrusel Catalogo - Video Nuevo 5",inactive,,,,15000,Diario,0,0,0,"En curso","7 días tras clic, 1 día tras visualización o 1 día tras visualización activa",0,ABSOLUTE_OCPM,2026-08-03T21:53:15-0400,-,-,-,PieraCeresa_2026_Conversiones,,,0,,,,,0,,,0,,,00:00:00,,,,,,,0,0,
2026-08-14,2026-08-14,"Carrusel Catalogo - Video Nuevo 4",inactive,,,,15000,Diario,0,0,0,"En curso","7 días tras clic, 1 día tras visualización o 1 día tras visualización activa",0,ABSOLUTE_OCPM,2026-08-03T21:53:15-0400,-,-,-,PieraCeresa_2026_Conversiones,,,0,,,,,0,,,0,,,00:00:00,,,,,,,0,0,
2026-08-14,2026-08-14,"Carrusel Catalogo - Video Nuevo 3",inactive,,,,15000,Diario,0,0,0,"En curso","7 días tras clic, 1 día tras visualización o 1 día tras visualización activa",0,ABSOLUTE_OCPM,2026-08-03T21:53:15-0400,-,-,-,PieraCeresa_2026_Conversiones,,,0,,,,,0,,,0,,,00:00:00,,,,,,,0,0,
2026-08-14,2026-08-14,"Carrusel Catalogo - Video Nuevo 2",inactive,,,,15000,Diario,0,0,0,"En curso","7 días tras clic, 1 día tras visualización o 1 día tras visualización activa",0,ABSOLUTE_OCPM,2026-08-03T21:53:15-0400,-,-,-,PieraCeresa_2026_Conversiones,,,0,,,,,0,,,0,,,00:00:00,,,,,,,0,0,
2026-08-14,2026-08-14,"Carrusel Catalogo - Video Nuevo 1",not_delivering,,,,15000,Diario,0,0,0,"En curso","7 días tras clic, 1 día tras visualización o 1 día tras visualización activa",0,ABSOLUTE_OCPM,2026-08-03T21:53:15-0400,-,-,-,PieraCeresa_2026_Conversiones,,,0,,,,,0,,,0,,,00:00:00,,,,,,,0,0,
2026-08-14,2026-08-14,"Carrusel Catalogo 3 - Video - Copia 2",inactive,,,,15000,Diario,0,0,0,"En curso","7 días tras clic, 1 día tras visualización o 1 día tras visualización activa",0,ABSOLUTE_OCPM,2026-08-03T21:53:15-0400,-,-,-,PieraCeresa_2026_Conversiones,,,0,,,,,0,,,0,,,00:00:00,,,,,,,0,0,
2026-08-14,2026-08-14,"Carrusel Catalogo 3 - Video - Copia",inactive,,,,15000,Diario,0,0,0,"En curso","7 días tras clic, 1 día tras visualización o 1 día tras visualización activa",0,ABSOLUTE_OCPM,2026-08-03T21:53:15-0400,-,-,-,PieraCeresa_2026_Conversiones,,,0,,,,,0,,,0,,,00:00:00,,,,,,,0,0,
2026-08-14,2026-08-14,"Carrusel Catalogo 3 - Video",inactive,,,,15000,Diario,0,0,0,"En curso","7 días tras clic, 1 día tras visualización o 1 día tras visualización activa",0,ABSOLUTE_OCPM,2026-08-03T21:53:15-0400,-,-,-,PieraCeresa_2026_Conversiones,,,0,,,,,0,,,0,,,00:00:00,,,,,,,0,0,
2026-08-14,2026-08-14,"Carrusel Catalogo 2 - Video",not_delivering,,,,15000,Diario,0,0,0,"En curso","7 días tras clic, 1 día tras visualización o 1 día tras visualización activa",0,ABSOLUTE_OCPM,2026-08-03T21:53:15-0400,-,-,-,PieraCeresa_2026_Conversiones,,,0,,,,,0,,,0,,,00:00:00,,,,,,,0,0,
2026-08-14,2026-08-14,"Carrusel Catalogo",not_delivering,,,,15000,Diario,0,0,0,"En curso","7 días tras clic, 1 día tras visualización o 1 día tras visualización activa",0,ABSOLUTE_OCPM,2026-08-03T21:53:15-0400,-,-,-,PieraCeresa_2026_Conversiones,,,0,,,,,0,,,0,,,00:00:00,,,,,,,0,0,
2026-08-13,2026-08-13,"Carrusel Catalogo 2 - Video",not_delivering,,,,15000,Diario,0,0,0,"En curso","7 días tras clic, 1 día tras visualización o 1 día tras visualización activa",0,ABSOLUTE_OCPM,2026-08-22T06:54:06-0400,-,-,-,"PieraCeresa_2026_Conversiones -Purchase",,,0,,,,,0,,,0,,,00:00:00,,,,,,,0,0,
2026-08-13,2026-08-13,"Carrusel Catalogo",not_delivering,,,,15000,Diario,0,0,0,"En curso","7 días tras clic, 1 día tras visualización o 1 día tras visualización activa",0,ABSOLUTE_OCPM,2026-08-22T06:54:06-0400,-,-,-,"PieraCeresa_2026_Conversiones -Purchase",,,0,,,,,0,,,0,,,00:00:00,,,,,,,0,0,
2026-08-13,2026-08-13,"Carrusel Catalogo - Video Nuevo 1",not_delivering,,,,15000,Diario,0,0,0,"En curso","7 días tras clic, 1 día tras visualización o 1 día tras visualización activa",0,ABSOLUTE_OCPM,2026-08-22T06:54:06-0400,-,-,-,"PieraCeresa_2026_Conversiones -Purchase",,,0,,,,,0,,,0,,,00:00:00,,,,,,,0,0,
2026-08-13,2026-08-13,"Carrusel Catalogo 2 - Video - AGO",not_delivering,,,,15000,Diario,0,0,0,"En curso","7 días tras clic, 1 día tras visualización o 1 día tras visualización activa",0,ABSOLUTE_OCPM,2026-08-22T06:54:06-0400,-,-,-,"PieraCeresa_2026_Conversiones -Purchase",,,0,,,,,0,,,0,,,00:00:00,,,,,,,0,0,
2026-08-13,2026-08-13,"Carrusel Catalogo 1 - Video - AGO",not_delivering,,,,15000,Diario,0,0,0,"En curso","7 días tras clic, 1 día tras visualización o 1 día tras visualización activa",0,ABSOLUTE_OCPM,2026-08-22T06:54:06-0400,-,-,-,"PieraCeresa_2026_Conversiones -Purchase",,,0,,,,,0,,,0,,,00:00:00,,,,,,,0,0,
2026-08-13,2026-08-13,"Carrusel Catalogo 1 - Video - AGO",active,,,,15000,Diario,0,0,0,"En curso","7 días tras clic, 1 día tras visualización o 1 día tras visualización activa",0,ABSOLUTE_OCPM,2026-08-18T08:00:30-0400,-,-,-,"PieraCeresa_2026_Conversiones - Add Payment Info",,,0,,,,,0,,,0,,,00:00:00,,,,,,,0,0,
2026-08-13,2026-08-13,"Carrusel Catalogo 2 - Video - AGO",active,,,,15000,Diario,0,0,0,"En curso","7 días tras clic, 1 día tras visualización o 1 día tras visualización activa",0,ABSOLUTE_OCPM,2026-08-18T08:00:30-0400,-,-,-,"PieraCeresa_2026_Conversiones - Add Payment Info",,,0,,,,,0,,,0,,,00:00:00,,,,,,,0,0,
2026-08-13,2026-08-13,"Carrusel Catalogo",active,,,,15000,Diario,0,0,0,"En curso","7 días tras clic, 1 día tras visualización o 1 día tras visualización activa",0,ABSOLUTE_OCPM,2026-08-18T08:00:30-0400,-,-,-,"PieraCeresa_2026_Conversiones - Add Payment Info",,,0,,,,,0,,,0,,,00:00:00,,,,,,,0,0,
2026-08-13,2026-08-13,"Carrusel Catalogo 2 - Video",active,,,,15000,Diario,0,0,0,"En curso","7 días tras clic, 1 día tras visualización o 1 día tras visualización activa",0,ABSOLUTE_OCPM,2026-08-18T08:00:30-0400,-,-,-,"PieraCeresa_2026_Conversiones - Add Payment Info",,,0,,,,,0,,,0,,,00:00:00,,,,,,,0,0,
2026-08-13,2026-08-13,"Carrusel Catalogo - Video Nuevo 1",active,,,,15000,Diario,0,0,0,"En curso","7 días tras clic, 1 día tras visualización o 1 día tras visualización activa",0,ABSOLUTE_OCPM,2026-08-18T08:00:30-0400,-,-,-,"PieraCeresa_2026_Conversiones - Add Payment Info",,,0,,,,,0,,,0,,,00:00:00,,,,,,,0,0,
2026-08-13,2026-08-13,"Carrusel Catalogo - Video Nuevo 6",inactive,,,,15000,Diario,0,0,0,"En curso","7 días tras clic, 1 día tras visualización o 1 día tras visualización activa",0,ABSOLUTE_OCPM,2026-08-03T21:53:15-0400,-,-,-,PieraCeresa_2026_Conversiones,,,0,,,,,0,,,0,,,00:00:00,,,,,,,0,0,
2026-08-13,2026-08-13,"Carrusel Catalogo - Video Nuevo 5",inactive,,,,15000,Diario,0,0,0,"En curso","7 días tras clic, 1 día tras visualización o 1 día tras visualización activa",0,ABSOLUTE_OCPM,2026-08-03T21:53:15-0400,-,-,-,PieraCeresa_2026_Conversiones,,,0,,,,,0,,,0,,,00:00:00,,,,,,,0,0,
2026-08-13,2026-08-13,"Carrusel Catalogo - Video Nuevo 4",inactive,,,,15000,Diario,0,0,0,"En curso","7 días tras clic, 1 día tras visualización o 1 día tras visualización activa",0,ABSOLUTE_OCPM,2026-08-03T21:53:15-0400,-,-,-,PieraCeresa_2026_Conversiones,,,0,,,,,0,,,0,,,00:00:00,,,,,,,0,0,
2026-08-13,2026-08-13,"Carrusel Catalogo - Video Nuevo 3",inactive,,,,15000,Diario,0,0,0,"En curso","7 días tras clic, 1 día tras visualización o 1 día tras visualización activa",0,ABSOLUTE_OCPM,2026-08-03T21:53:15-0400,-,-,-,PieraCeresa_2026_Conversiones,,,0,,,,,0,,,0,,,00:00:00,,,,,,,0,0,
2026-08-13,2026-08-13,"Carrusel Catalogo - Video Nuevo 2",inactive,,,,15000,Diario,0,0,0,"En curso","7 días tras clic, 1 día tras visualización o 1 día tras visualización activa",0,ABSOLUTE_OCPM,2026-08-03T21:53:15-0400,-,-,-,PieraCeresa_2026_Conversiones,,,0,,,,,0,,,0,,,00:00:00,,,,,,,0,0,
2026-08-13,2026-08-13,"Carrusel Catalogo - Video Nuevo 1",not_delivering,,,,15000,Diario,0,0,0,"En curso","7 días tras clic, 1 día tras visualización o 1 día tras visualización activa",0,ABSOLUTE_OCPM,2026-08-03T21:53:15-0400,-,-,-,PieraCeresa_2026_Conversiones,,,0,,,,,0,,,0,,,00:00:00,,,,,,,0,0,
2026-08-13,2026-08-13,"Carrusel Catalogo 3 - Video - Copia 2",inactive,,,,15000,Diario,0,0,0,"En curso","7 días tras clic, 1 día tras visualización o 1 día tras visualización activa",0,ABSOLUTE_OCPM,2026-08-03T21:53:15-0400,-,-,-,PieraCeresa_2026_Conversiones,,,0,,,,,0,,,0,,,00:00:00,,,,,,,0,0,
2026-08-13,2026-08-13,"Carrusel Catalogo 3 - Video - Copia",inactive,,,,15000,Diario,0,0,0,"En curso","7 días tras clic, 1 día tras visualización o 1 día tras visualización activa",0,ABSOLUTE_OCPM,2026-08-03T21:53:15-0400,-,-,-,PieraCeresa_2026_Conversiones,,,0,,,,,0,,,0,,,00:00:00,,,,,,,0,0,
2026-08-13,2026-08-13,"Carrusel Catalogo 3 - Video",inactive,,,,15000,Diario,0,0,0,"En curso","7 días tras clic, 1 día tras visualización o 1 día tras visualización activa",0,ABSOLUTE_OCPM,2026-08-03T21:53:15-0400,-,-,-,PieraCeresa_2026_Conversiones,,,0,,,,,0,,,0,,,00:00:00,,,,,,,0,0,
2026-08-13,2026-08-13,"Carrusel Catalogo 2 - Video",not_delivering,,,,15000,Diario,0,0,0,"En curso","7 días tras clic, 1 día tras visualización o 1 día tras visualización activa",0,ABSOLUTE_OCPM,2026-08-03T21:53:15-0400,-,-,-,PieraCeresa_2026_Conversiones,,,0,,,,,0,,,0,,,00:00:00,,,,,,,0,0,
2026-08-13,2026-08-13,"Carrusel Catalogo",not_delivering,,,,15000,Diario,0,0,0,"En curso","7 días tras clic, 1 día tras visualización o 1 día tras visualización activa",0,ABSOLUTE_OCPM,2026-08-03T21:53:15-0400,-,-,-,PieraCeresa_2026_Conversiones,,,0,,,,,0,,,0,,,00:00:00,,,,,,,0,0,
2026-08-12,2026-08-12,"Carrusel Catalogo 2 - Video",not_delivering,,,,15000,Diario,0,0,0,"En curso","7 días tras clic, 1 día tras visualización o 1 día tras visualización activa",0,ABSOLUTE_OCPM,2026-08-22T06:54:06-0400,-,-,-,"PieraCeresa_2026_Conversiones -Purchase",,,0,,,,,0,,,0,,,00:00:00,,,,,,,0,0,
2026-08-12,2026-08-12,"Carrusel Catalogo",not_delivering,,,,15000,Diario,0,0,0,"En curso","7 días tras clic, 1 día tras visualización o 1 día tras visualización activa",0,ABSOLUTE_OCPM,2026-08-22T06:54:06-0400,-,-,-,"PieraCeresa_2026_Conversiones -Purchase",,,0,,,,,0,,,0,,,00:00:00,,,,,,,0,0,
2026-08-12,2026-08-12,"Carrusel Catalogo - Video Nuevo 1",not_delivering,,,,15000,Diario,0,0,0,"En curso","7 días tras clic, 1 día tras visualización o 1 día tras visualización activa",0,ABSOLUTE_OCPM,2026-08-22T06:54:06-0400,-,-,-,"PieraCeresa_2026_Conversiones -Purchase",,,0,,,,,0,,,0,,,00:00:00,,,,,,,0,0,
2026-08-12,2026-08-12,"Carrusel Catalogo 2 - Video - AGO",not_delivering,,,,15000,Diario,0,0,0,"En curso","7 días tras clic, 1 día tras visualización o 1 día tras visualización activa",0,ABSOLUTE_OCPM,2026-08-22T06:54:06-0400,-,-,-,"PieraCeresa_2026_Conversiones -Purchase",,,0,,,,,0,,,0,,,00:00:00,,,,,,,0,0,
2026-08-12,2026-08-12,"Carrusel Catalogo 1 - Video - AGO",not_delivering,,,,15000,Diario,0,0,0,"En curso","7 días tras clic, 1 día tras visualización o 1 día tras visualización activa",0,ABSOLUTE_OCPM,2026-08-22T06:54:06-0400,-,-,-,"PieraCeresa_2026_Conversiones -Purchase",,,0,,,,,0,,,0,,,00:00:00,,,,,,,0,0,
2026-08-12,2026-08-12,"Carrusel Catalogo 1 - Video - AGO",active,,,,15000,Diario,0,0,0,"En curso","7 días tras clic, 1 día tras visualización o 1 día tras visualización activa",0,ABSOLUTE_OCPM,2026-08-18T08:00:30-0400,-,-,-,"PieraCeresa_2026_Conversiones - Add Payment Info",,,0,,,,,0,,,0,,,00:00:00,,,,,,,0,0,
2026-08-12,2026-08-12,"Carrusel Catalogo 2 - Video - AGO",active,,,,15000,Diario,0,0,0,"En curso","7 días tras clic, 1 día tras visualización o 1 día tras visualización activa",0,ABSOLUTE_OCPM,2026-08-18T08:00:30-0400,-,-,-,"PieraCeresa_2026_Conversiones - Add Payment Info",,,0,,,,,0,,,0,,,00:00:00,,,,,,,0,0,
2026-08-12,2026-08-12,"Carrusel Catalogo",active,,,,15000,Diario,0,0,0,"En curso","7 días tras clic, 1 día tras visualización o 1 día tras visualización activa",0,ABSOLUTE_OCPM,2026-08-18T08:00:30-0400,-,-,-,"PieraCeresa_2026_Conversiones - Add Payment Info",,,0,,,,,0,,,0,,,00:00:00,,,,,,,0,0,
2026-08-12,2026-08-12,"Carrusel Catalogo 2 - Video",active,,,,15000,Diario,0,0,0,"En curso","7 días tras clic, 1 día tras visualización o 1 día tras visualización activa",0,ABSOLUTE_OCPM,2026-08-18T08:00:30-0400,-,-,-,"PieraCeresa_2026_Conversiones - Add Payment Info",,,0,,,,,0,,,0,,,00:00:00,,,,,,,0,0,
2026-08-12,2026-08-12,"Carrusel Catalogo - Video Nuevo 1",active,,,,15000,Diario,0,0,0,"En curso","7 días tras clic, 1 día tras visualización o 1 día tras visualización activa",0,ABSOLUTE_OCPM,2026-08-18T08:00:30-0400,-,-,-,"PieraCeresa_2026_Conversiones - Add Payment Info",,,0,,,,,0,,,0,,,00:00:00,,,,,,,0,0,
2026-08-12,2026-08-12,"Carrusel Catalogo - Video Nuevo 6",inactive,,,,15000,Diario,0,0,0,"En curso","7 días tras clic, 1 día tras visualización o 1 día tras visualización activa",0,ABSOLUTE_OCPM,2026-08-03T21:53:15-0400,-,-,-,PieraCeresa_2026_Conversiones,,,0,,,,,0,,,0,,,00:00:00,,,,,,,0,0,
2026-08-12,2026-08-12,"Carrusel Catalogo - Video Nuevo 5",inactive,,,,15000,Diario,0,0,0,"En curso","7 días tras clic, 1 día tras visualización o 1 día tras visualización activa",0,ABSOLUTE_OCPM,2026-08-03T21:53:15-0400,-,-,-,PieraCeresa_2026_Conversiones,,,0,,,,,0,,,0,,,00:00:00,,,,,,,0,0,
2026-08-12,2026-08-12,"Carrusel Catalogo - Video Nuevo 4",inactive,,,,15000,Diario,0,0,0,"En curso","7 días tras clic, 1 día tras visualización o 1 día tras visualización activa",0,ABSOLUTE_OCPM,2026-08-03T21:53:15-0400,-,-,-,PieraCeresa_2026_Conversiones,,,0,,,,,0,,,0,,,00:00:00,,,,,,,0,0,
2026-08-12,2026-08-12,"Carrusel Catalogo - Video Nuevo 3",inactive,,,,15000,Diario,0,0,0,"En curso","7 días tras clic, 1 día tras visualización o 1 día tras visualización activa",0,ABSOLUTE_OCPM,2026-08-03T21:53:15-0400,-,-,-,PieraCeresa_2026_Conversiones,,,0,,,,,0,,,0,,,00:00:00,,,,,,,0,0,
2026-08-12,2026-08-12,"Carrusel Catalogo - Video Nuevo 2",inactive,,,,15000,Diario,0,0,0,"En curso","7 días tras clic, 1 día tras visualización o 1 día tras visualización activa",0,ABSOLUTE_OCPM,2026-08-03T21:53:15-0400,-,-,-,PieraCeresa_2026_Conversiones,,,0,,,,,0,,,0,,,00:00:00,,,,,,,0,0,
2026-08-12,2026-08-12,"Carrusel Catalogo - Video Nuevo 1",not_delivering,,,,15000,Diario,522,73,65,"En curso","7 días tras clic, 1 día tras visualización o 1 día tras visualización activa",0,ABSOLUTE_OCPM,2026-08-03T21:53:15-0400,-,-,-,PieraCeresa_2026_Conversiones,,,3.076923,2,1,1,,7150.684932,,,1.123077,2,8,7,1,1,1,1,1,2.739726,3.076923,4.109589,261
2026-08-12,2026-08-12,"Carrusel Catalogo 3 - Video - Copia 2",inactive,,,,15000,Diario,0,0,0,"En curso","7 días tras clic, 1 día tras visualización o 1 día tras visualización activa",0,ABSOLUTE_OCPM,2026-08-03T21:53:15-0400,-,-,-,PieraCeresa_2026_Conversiones,,,0,,,,,0,,,0,,,00:00:00,,,,,,,0,0,
2026-08-12,2026-08-12,"Carrusel Catalogo 3 - Video - Copia",inactive,,,,15000,Diario,0,0,0,"En curso","7 días tras clic, 1 día tras visualización o 1 día tras visualización activa",0,ABSOLUTE_OCPM,2026-08-03T21:53:15-0400,-,-,-,PieraCeresa_2026_Conversiones,,,0,,,,,0,,,0,,,00:00:00,,,,,,,0,0,
2026-08-12,2026-08-12,"Carrusel Catalogo 3 - Video",inactive,,,,15000,Diario,0,0,0,"En curso","7 días tras clic, 1 día tras visualización o 1 día tras visualización activa",0,ABSOLUTE_OCPM,2026-08-03T21:53:15-0400,-,-,-,PieraCeresa_2026_Conversiones,,,0,,,,,0,,,0,,,00:00:00,,,,,,,0,0,
2026-08-12,2026-08-12,"Carrusel Catalogo 2 - Video",not_delivering,,,,15000,Diario,15,2,2,"En curso","7 días tras clic, 1 día tras visualización o 1 día tras visualización activa",0,ABSOLUTE_OCPM,2026-08-03T21:53:15-0400,-,-,-,PieraCeresa_2026_Conversiones,,,0,,,,,7500,,,1,,,2,,,,,,,0,0,
2026-08-12,2026-08-12,"Carrusel Catalogo",not_delivering,,,,15000,Diario,0,0,0,"En curso","7 días tras clic, 1 día tras visualización o 1 día tras visualización activa",0,ABSOLUTE_OCPM,2026-08-03T21:53:15-0400,-,-,-,PieraCeresa_2026_Conversiones,,,0,,,,,0,,,0,,,00:00:00,,,,,,,0,0,
2026-08-11,2026-08-11,"Carrusel Catalogo 2 - Video",not_delivering,,,,15000,Diario,0,0,0,"En curso","7 días tras clic, 1 día tras visualización o 1 día tras visualización activa",0,ABSOLUTE_OCPM,2026-08-22T06:54:06-0400,-,-,-,"PieraCeresa_2026_Conversiones -Purchase",,,0,,,,,0,,,0,,,00:00:00,,,,,,,0,0,
2026-08-11,2026-08-11,"Carrusel Catalogo",not_delivering,,,,15000,Diario,0,0,0,"En curso","7 días tras clic, 1 día tras visualización o 1 día tras visualización activa",0,ABSOLUTE_OCPM,2026-08-22T06:54:06-0400,-,-,-,"PieraCeresa_2026_Conversiones -Purchase",,,0,,,,,0,,,0,,,00:00:00,,,,,,,0,0,
2026-08-11,2026-08-11,"Carrusel Catalogo - Video Nuevo 1",not_delivering,,,,15000,Diario,0,0,0,"En curso","7 días tras clic, 1 día tras visualización o 1 día tras visualización activa",0,ABSOLUTE_OCPM,2026-08-22T06:54:06-0400,-,-,-,"PieraCeresa_2026_Conversiones -Purchase",,,0,,,,,0,,,0,,,00:00:00,,,,,,,0,0,
2026-08-11,2026-08-11,"Carrusel Catalogo 2 - Video - AGO",not_delivering,,,,15000,Diario,0,0,0,"En curso","7 días tras clic, 1 día tras visualización o 1 día tras visualización activa",0,ABSOLUTE_OCPM,2026-08-22T06:54:06-0400,-,-,-,"PieraCeresa_2026_Conversiones -Purchase",,,0,,,,,0,,,0,,,00:00:00,,,,,,,0,0,
2026-08-11,2026-08-11,"Carrusel Catalogo 1 - Video - AGO",not_delivering,,,,15000,Diario,0,0,0,"En curso","7 días tras clic, 1 día tras visualización o 1 día tras visualización activa",0,ABSOLUTE_OCPM,2026-08-22T06:54:06-0400,-,-,-,"PieraCeresa_2026_Conversiones -Purchase",,,0,,,,,0,,,0,,,00:00:00,,,,,,,0,0,
2026-08-11,2026-08-11,"Carrusel Catalogo 1 - Video - AGO",active,,,,15000,Diario,0,0,0,"En curso","7 días tras clic, 1 día tras visualización o 1 día tras visualización activa",0,ABSOLUTE_OCPM,2026-08-18T08:00:30-0400,-,-,-,"PieraCeresa_2026_Conversiones - Add Payment Info",,,0,,,,,0,,,0,,,00:00:00,,,,,,,0,0,
2026-08-11,2026-08-11,"Carrusel Catalogo 2 - Video - AGO",active,,,,15000,Diario,0,0,0,"En curso","7 días tras clic, 1 día tras visualización o 1 día tras visualización activa",0,ABSOLUTE_OCPM,2026-08-18T08:00:30-0400,-,-,-,"PieraCeresa_2026_Conversiones - Add Payment Info",,,0,,,,,0,,,0,,,00:00:00,,,,,,,0,0,
2026-08-11,2026-08-11,"Carrusel Catalogo",active,,,,15000,Diario,0,0,0,"En curso","7 días tras clic, 1 día tras visualización o 1 día tras visualización activa",0,ABSOLUTE_OCPM,2026-08-18T08:00:30-0400,-,-,-,"PieraCeresa_2026_Conversiones - Add Payment Info",,,0,,,,,0,,,0,,,00:00:00,,,,,,,0,0,
2026-08-11,2026-08-11,"Carrusel Catalogo 2 - Video",active,,,,15000,Diario,0,0,0,"En curso","7 días tras clic, 1 día tras visualización o 1 día tras visualización activa",0,ABSOLUTE_OCPM,2026-08-18T08:00:30-0400,-,-,-,"PieraCeresa_2026_Conversiones - Add Payment Info",,,0,,,,,0,,,0,,,00:00:00,,,,,,,0,0,
2026-08-11,2026-08-11,"Carrusel Catalogo - Video Nuevo 1",active,,,,15000,Diario,0,0,0,"En curso","7 días tras clic, 1 día tras visualización o 1 día tras visualización activa",0,ABSOLUTE_OCPM,2026-08-18T08:00:30-0400,-,-,-,"PieraCeresa_2026_Conversiones - Add Payment Info",,,0,,,,,0,,,0,,,00:00:00,,,,,,,0,0,
2026-08-11,2026-08-11,"Carrusel Catalogo - Video Nuevo 6",inactive,,,,15000,Diario,0,0,0,"En curso","7 días tras clic, 1 día tras visualización o 1 día tras visualización activa",0,ABSOLUTE_OCPM,2026-08-03T21:53:15-0400,-,-,-,PieraCeresa_2026_Conversiones,,,0,,,,,0,,,0,,,00:00:00,,,,,,,0,0,
2026-08-11,2026-08-11,"Carrusel Catalogo - Video Nuevo 5",inactive,,,,15000,Diario,0,0,0,"En curso","7 días tras clic, 1 día tras visualización o 1 día tras visualización activa",0,ABSOLUTE_OCPM,2026-08-03T21:53:15-0400,-,-,-,PieraCeresa_2026_Conversiones,,,0,,,,,0,,,0,,,00:00:00,,,,,,,0,0,
2026-08-11,2026-08-11,"Carrusel Catalogo - Video Nuevo 4",inactive,,,,15000,Diario,0,0,0,"En curso","7 días tras clic, 1 día tras visualización o 1 día tras visualización activa",0,ABSOLUTE_OCPM,2026-08-03T21:53:15-0400,-,-,-,PieraCeresa_2026_Conversiones,,,0,,,,,0,,,0,,,00:00:00,,,,,,,0,0,
2026-08-11,2026-08-11,"Carrusel Catalogo - Video Nuevo 3",inactive,,,,15000,Diario,0,0,0,"En curso","7 días tras clic, 1 día tras visualización o 1 día tras visualización activa",0,ABSOLUTE_OCPM,2026-08-03T21:53:15-0400,-,-,-,PieraCeresa_2026_Conversiones,,,0,,,,,0,,,0,,,00:00:00,,,,,,,0,0,
2026-08-11,2026-08-11,"Carrusel Catalogo - Video Nuevo 2",inactive,,,,15000,Diario,0,0,0,"En curso","7 días tras clic, 1 día tras visualización o 1 día tras visualización activa",0,ABSOLUTE_OCPM,2026-08-03T21:53:15-0400,-,-,-,PieraCeresa_2026_Conversiones,,,0,,,,,0,,,0,,,00:00:00,,,,,,,0,0,
2026-08-11,2026-08-11,"Carrusel Catalogo - Video Nuevo 1",not_delivering,,,,15000,Diario,13924,2463,1772,"En curso","7 días tras clic, 1 día tras visualización o 1 día tras visualización activa",0,ABSOLUTE_OCPM,2026-08-03T21:53:15-0400,-,-,-,PieraCeresa_2026_Conversiones,,,4.345372,75,1,1,,5653.268372,,,1.389955,90,175,8,60,29,18,9,60,3.65408,5.474041,5.237515,154.711111
2026-08-11,2026-08-11,"Carrusel Catalogo 3 - Video - Copia 2",inactive,,,,15000,Diario,0,0,0,"En curso","7 días tras clic, 1 día tras visualización o 1 día tras visualización activa",0,ABSOLUTE_OCPM,2026-08-03T21:53:15-0400,-,-,-,PieraCeresa_2026_Conversiones,,,0,,,,,0,,,0,,,00:00:00,,,,,,,0,0,
2026-08-11,2026-08-11,"Carrusel Catalogo 3 - Video - Copia",inactive,,,,15000,Diario,139,11,11,"En curso","7 días tras clic, 1 día tras visualización o 1 día tras visualización activa",0,ABSOLUTE_OCPM,2026-08-03T21:53:15-0400,-,-,-,PieraCeresa_2026_Conversiones,,,0,,,,,12636.363636,,,1,,,00:00:00,,,,,,,0,0,
2026-08-11,2026-08-11,"Carrusel Catalogo 3 - Video",inactive,,,,15000,Diario,0,0,0,"En curso","7 días tras clic, 1 día tras visualización o 1 día tras visualización activa",0,ABSOLUTE_OCPM,2026-08-03T21:53:15-0400,-,-,-,PieraCeresa_2026_Conversiones,,,0,,,,,0,,,0,,,00:00:00,,,,,,,0,0,
2026-08-11,2026-08-11,"Carrusel Catalogo 2 - Video",not_delivering,,,,15000,Diario,2,1,1,"En curso","7 días tras clic, 1 día tras visualización o 1 día tras visualización activa",0,ABSOLUTE_OCPM,2026-08-03T21:53:15-0400,-,-,-,PieraCeresa_2026_Conversiones,,,0,,,,,2000,,,1,,,00:00:00,,,,,,,0,0,
2026-08-11,2026-08-11,"Carrusel Catalogo",not_delivering,,,,15000,Diario,18,8,8,"En curso","7 días tras clic, 1 día tras visualización o 1 día tras visualización activa",0,ABSOLUTE_OCPM,2026-08-03T21:53:15-0400,-,-,-,PieraCeresa_2026_Conversiones,,,0,,,,,2250,,,1,,,00:00:00,,,,,,,0,0,
2026-08-10,2026-08-10,"Carrusel Catalogo 2 - Video",not_delivering,,,,15000,Diario,0,0,0,"En curso","7 días tras clic, 1 día tras visualización o 1 día tras visualización activa",0,ABSOLUTE_OCPM,2026-08-22T06:54:06-0400,-,-,-,"PieraCeresa_2026_Conversiones -Purchase",,,0,,,,,0,,,0,,,00:00:00,,,,,,,0,0,
2026-08-10,2026-08-10,"Carrusel Catalogo",not_delivering,,,,15000,Diario,0,0,0,"En curso","7 días tras clic, 1 día tras visualización o 1 día tras visualización activa",0,ABSOLUTE_OCPM,2026-08-22T06:54:06-0400,-,-,-,"PieraCeresa_2026_Conversiones -Purchase",,,0,,,,,0,,,0,,,00:00:00,,,,,,,0,0,
2026-08-10,2026-08-10,"Carrusel Catalogo - Video Nuevo 1",not_delivering,,,,15000,Diario,0,0,0,"En curso","7 días tras clic, 1 día tras visualización o 1 día tras visualización activa",0,ABSOLUTE_OCPM,2026-08-22T06:54:06-0400,-,-,-,"PieraCeresa_2026_Conversiones -Purchase",,,0,,,,,0,,,0,,,00:00:00,,,,,,,0,0,
2026-08-10,2026-08-10,"Carrusel Catalogo 2 - Video - AGO",not_delivering,,,,15000,Diario,0,0,0,"En curso","7 días tras clic, 1 día tras visualización o 1 día tras visualización activa",0,ABSOLUTE_OCPM,2026-08-22T06:54:06-0400,-,-,-,"PieraCeresa_2026_Conversiones -Purchase",,,0,,,,,0,,,0,,,00:00:00,,,,,,,0,0,
2026-08-10,2026-08-10,"Carrusel Catalogo 1 - Video - AGO",not_delivering,,,,15000,Diario,0,0,0,"En curso","7 días tras clic, 1 día tras visualización o 1 día tras visualización activa",0,ABSOLUTE_OCPM,2026-08-22T06:54:06-0400,-,-,-,"PieraCeresa_2026_Conversiones -Purchase",,,0,,,,,0,,,0,,,00:00:00,,,,,,,0,0,
2026-08-10,2026-08-10,"Carrusel Catalogo 1 - Video - AGO",active,,,,15000,Diario,0,0,0,"En curso","7 días tras clic, 1 día tras visualización o 1 día tras visualización activa",0,ABSOLUTE_OCPM,2026-08-18T08:00:30-0400,-,-,-,"PieraCeresa_2026_Conversiones - Add Payment Info",,,0,,,,,0,,,0,,,00:00:00,,,,,,,0,0,
2026-08-10,2026-08-10,"Carrusel Catalogo 2 - Video - AGO",active,,,,15000,Diario,0,0,0,"En curso","7 días tras clic, 1 día tras visualización o 1 día tras visualización activa",0,ABSOLUTE_OCPM,2026-08-18T08:00:30-0400,-,-,-,"PieraCeresa_2026_Conversiones - Add Payment Info",,,0,,,,,0,,,0,,,00:00:00,,,,,,,0,0,
2026-08-10,2026-08-10,"Carrusel Catalogo",active,,,,15000,Diario,0,0,0,"En curso","7 días tras clic, 1 día tras visualización o 1 día tras visualización activa",0,ABSOLUTE_OCPM,2026-08-18T08:00:30-0400,-,-,-,"PieraCeresa_2026_Conversiones - Add Payment Info",,,0,,,,,0,,,0,,,00:00:00,,,,,,,0,0,
2026-08-10,2026-08-10,"Carrusel Catalogo 2 - Video",active,,,,15000,Diario,0,0,0,"En curso","7 días tras clic, 1 día tras visualización o 1 día tras visualización activa",0,ABSOLUTE_OCPM,2026-08-18T08:00:30-0400,-,-,-,"PieraCeresa_2026_Conversiones - Add Payment Info",,,0,,,,,0,,,0,,,00:00:00,,,,,,,0,0,
2026-08-10,2026-08-10,"Carrusel Catalogo - Video Nuevo 1",active,,,,15000,Diario,0,0,0,"En curso","7 días tras clic, 1 día tras visualización o 1 día tras visualización activa",0,ABSOLUTE_OCPM,2026-08-18T08:00:30-0400,-,-,-,"PieraCeresa_2026_Conversiones - Add Payment Info",,,0,,,,,0,,,0,,,00:00:00,,,,,,,0,0,
2026-08-10,2026-08-10,"Carrusel Catalogo - Video Nuevo 6",inactive,,,,15000,Diario,0,0,0,"En curso","7 días tras clic, 1 día tras visualización o 1 día tras visualización activa",0,ABSOLUTE_OCPM,2026-08-03T21:53:15-0400,-,-,-,PieraCeresa_2026_Conversiones,,,0,,,,,0,,,0,,,00:00:00,,,,,,,0,0,
2026-08-10,2026-08-10,"Carrusel Catalogo - Video Nuevo 5",inactive,,,,15000,Diario,0,0,0,"En curso","7 días tras clic, 1 día tras visualización o 1 día tras visualización activa",0,ABSOLUTE_OCPM,2026-08-03T21:53:15-0400,-,-,-,PieraCeresa_2026_Conversiones,,,0,,,,,0,,,0,,,00:00:00,,,,,,,0,0,
2026-08-10,2026-08-10,"Carrusel Catalogo - Video Nuevo 4",inactive,,,,15000,Diario,0,0,0,"En curso","7 días tras clic, 1 día tras visualización o 1 día tras visualización activa",0,ABSOLUTE_OCPM,2026-08-03T21:53:15-0400,-,-,-,PieraCeresa_2026_Conversiones,,,0,,,,,0,,,0,,,00:00:00,,,,,,,0,0,
2026-08-10,2026-08-10,"Carrusel Catalogo - Video Nuevo 3",inactive,,,,15000,Diario,0,0,0,"En curso","7 días tras clic, 1 día tras visualización o 1 día tras visualización activa",0,ABSOLUTE_OCPM,2026-08-03T21:53:15-0400,-,-,-,PieraCeresa_2026_Conversiones,,,0,,,,,0,,,0,,,00:00:00,,,,,,,0,0,
2026-08-10,2026-08-10,"Carrusel Catalogo - Video Nuevo 2",inactive,,,,15000,Diario,312,29,22,"En curso","7 días tras clic, 1 día tras visualización o 1 día tras visualización activa",0,ABSOLUTE_OCPM,2026-08-03T21:53:15-0400,-,-,-,PieraCeresa_2026_Conversiones,,,4.545455,,,,,10758.62069,,,1.318182,1,10,6,10,8,8,7,7,3.448276,4.545455,3.448276,312
2026-08-10,2026-08-10,"Carrusel Catalogo - Video Nuevo 1",not_delivering,,,,15000,Diario,9055,1016,642,"En curso","7 días tras clic, 1 día tras visualización o 1 día tras visualización activa",0,ABSOLUTE_OCPM,2026-08-03T21:53:15-0400,-,-,-,PieraCeresa_2026_Conversiones,,,5.919003,44,,,,8912.401575,,,1.582555,49,88,8,27,15,13,7,26,4.822835,7.320872,6.791339,184.795918
2026-08-10,2026-08-10,"Carrusel Catalogo 3 - Video - Copia 2",inactive,,,,15000,Diario,0,0,0,"En curso","7 días tras clic, 1 día tras visualización o 1 día tras visualización activa",0,ABSOLUTE_OCPM,2026-08-03T21:53:15-0400,-,-,-,PieraCeresa_2026_Conversiones,,,0,,,,,0,,,0,,,00:00:00,,,,,,,0,0,
2026-08-10,2026-08-10,"Carrusel Catalogo 3 - Video - Copia",inactive,,,,15000,Diario,139,48,37,"En curso","7 días tras clic, 1 día tras visualización o 1 día tras visualización activa",0,ABSOLUTE_OCPM,2026-08-03T21:53:15-0400,-,-,-,PieraCeresa_2026_Conversiones,,,0,,,,,2895.833333,,,1.297297,,,00:00:00,,,,,,,0,0,
2026-08-10,2026-08-10,"Carrusel Catalogo 3 - Video",inactive,,,,15000,Diario,0,0,0,"En curso","7 días tras clic, 1 día tras visualización o 1 día tras visualización activa",0,ABSOLUTE_OCPM,2026-08-03T21:53:15-0400,-,-,-,PieraCeresa_2026_Conversiones,,,0,,,,,0,,,0,,,00:00:00,,,,,,,0,0,
2026-08-10,2026-08-10,"Carrusel Catalogo 2 - Video",not_delivering,,,,15000,Diario,147,15,14,"En curso","7 días tras clic, 1 día tras visualización o 1 día tras visualización activa",0,ABSOLUTE_OCPM,2026-08-03T21:53:15-0400,-,-,-,PieraCeresa_2026_Conversiones,,,7.142857,1,,,,9800,,,1.071429,1,1,1,1,,,,,6.666667,7.142857,6.666667,147
2026-08-10,2026-08-10,"Carrusel Catalogo",not_delivering,,,,15000,Diario,434,62,55,"En curso","7 días tras clic, 1 día tras visualización o 1 día tras visualización activa",0,ABSOLUTE_OCPM,2026-08-03T21:53:15-0400,-,-,-,PieraCeresa_2026_Conversiones,,,0,,,,,7000,,,1.127273,,,2,,,,,,,0,0,
2026-08-09,2026-08-09,"Carrusel Catalogo 2 - Video",not_delivering,,,,15000,Diario,0,0,0,"En curso","7 días tras clic, 1 día tras visualización o 1 día tras visualización activa",0,ABSOLUTE_OCPM,2026-08-22T06:54:06-0400,-,-,-,"PieraCeresa_2026_Conversiones -Purchase",,,0,,,,,0,,,0,,,00:00:00,,,,,,,0,0,
2026-08-09,2026-08-09,"Carrusel Catalogo",not_delivering,,,,15000,Diario,0,0,0,"En curso","7 días tras clic, 1 día tras visualización o 1 día tras visualización activa",0,ABSOLUTE_OCPM,2026-08-22T06:54:06-0400,-,-,-,"PieraCeresa_2026_Conversiones -Purchase",,,0,,,,,0,,,0,,,00:00:00,,,,,,,0,0,
2026-08-09,2026-08-09,"Carrusel Catalogo - Video Nuevo 1",not_delivering,,,,15000,Diario,0,0,0,"En curso","7 días tras clic, 1 día tras visualización o 1 día tras visualización activa",0,ABSOLUTE_OCPM,2026-08-22T06:54:06-0400,-,-,-,"PieraCeresa_2026_Conversiones -Purchase",,,0,,,,,0,,,0,,,00:00:00,,,,,,,0,0,
2026-08-09,2026-08-09,"Carrusel Catalogo 2 - Video - AGO",not_delivering,,,,15000,Diario,0,0,0,"En curso","7 días tras clic, 1 día tras visualización o 1 día tras visualización activa",0,ABSOLUTE_OCPM,2026-08-22T06:54:06-0400,-,-,-,"PieraCeresa_2026_Conversiones -Purchase",,,0,,,,,0,,,0,,,00:00:00,,,,,,,0,0,
2026-08-09,2026-08-09,"Carrusel Catalogo 1 - Video - AGO",not_delivering,,,,15000,Diario,0,0,0,"En curso","7 días tras clic, 1 día tras visualización o 1 día tras visualización activa",0,ABSOLUTE_OCPM,2026-08-22T06:54:06-0400,-,-,-,"PieraCeresa_2026_Conversiones -Purchase",,,0,,,,,0,,,0,,,00:00:00,,,,,,,0,0,
2026-08-09,2026-08-09,"Carrusel Catalogo 1 - Video - AGO",active,,,,15000,Diario,0,0,0,"En curso","7 días tras clic, 1 día tras visualización o 1 día tras visualización activa",0,ABSOLUTE_OCPM,2026-08-18T08:00:30-0400,-,-,-,"PieraCeresa_2026_Conversiones - Add Payment Info",,,0,,,,,0,,,0,,,00:00:00,,,,,,,0,0,
2026-08-09,2026-08-09,"Carrusel Catalogo 2 - Video - AGO",active,,,,15000,Diario,0,0,0,"En curso","7 días tras clic, 1 día tras visualización o 1 día tras visualización activa",0,ABSOLUTE_OCPM,2026-08-18T08:00:30-0400,-,-,-,"PieraCeresa_2026_Conversiones - Add Payment Info",,,0,,,,,0,,,0,,,00:00:00,,,,,,,0,0,
2026-08-09,2026-08-09,"Carrusel Catalogo",active,,,,15000,Diario,0,0,0,"En curso","7 días tras clic, 1 día tras visualización o 1 día tras visualización activa",0,ABSOLUTE_OCPM,2026-08-18T08:00:30-0400,-,-,-,"PieraCeresa_2026_Conversiones - Add Payment Info",,,0,,,,,0,,,0,,,00:00:00,,,,,,,0,0,
2026-08-09,2026-08-09,"Carrusel Catalogo 2 - Video",active,,,,15000,Diario,0,0,0,"En curso","7 días tras clic, 1 día tras visualización o 1 día tras visualización activa",0,ABSOLUTE_OCPM,2026-08-18T08:00:30-0400,-,-,-,"PieraCeresa_2026_Conversiones - Add Payment Info",,,0,,,,,0,,,0,,,00:00:00,,,,,,,0,0,
2026-08-09,2026-08-09,"Carrusel Catalogo - Video Nuevo 1",active,,,,15000,Diario,0,0,0,"En curso","7 días tras clic, 1 día tras visualización o 1 día tras visualización activa",0,ABSOLUTE_OCPM,2026-08-18T08:00:30-0400,-,-,-,"PieraCeresa_2026_Conversiones - Add Payment Info",,,0,,,,,0,,,0,,,00:00:00,,,,,,,0,0,
2026-08-09,2026-08-09,"Carrusel Catalogo - Video Nuevo 6",inactive,,,,15000,Diario,225,29,26,"En curso","7 días tras clic, 1 día tras visualización o 1 día tras visualización activa",0,ABSOLUTE_OCPM,2026-08-03T21:53:15-0400,-,-,-,PieraCeresa_2026_Conversiones,,,3.846154,1,,,,7758.62069,,,1.115385,1,7,4,5,3,1,,1,3.448276,3.846154,6.896552,225
2026-08-09,2026-08-09,"Carrusel Catalogo - Video Nuevo 5",inactive,,,,15000,Diario,0,0,0,"En curso","7 días tras clic, 1 día tras visualización o 1 día tras visualización activa",0,ABSOLUTE_OCPM,2026-08-03T21:53:15-0400,-,-,-,PieraCeresa_2026_Conversiones,,,0,,,,,0,,,0,,,00:00:00,,,,,,,0,0,
2026-08-09,2026-08-09,"Carrusel Catalogo - Video Nuevo 4",inactive,,,,15000,Diario,2128,254,190,"En curso","7 días tras clic, 1 día tras visualización o 1 día tras visualización activa",0,ABSOLUTE_OCPM,2026-08-03T21:53:15-0400,-,-,-,PieraCeresa_2026_Conversiones,,,4.736842,11,,,,8377.952756,,,1.336842,12,11,3,15,6,4,4,4,4.724409,4.736842,5.511811,177.333333
2026-08-09,2026-08-09,"Carrusel Catalogo - Video Nuevo 3",inactive,,,,15000,Diario,884,123,107,"En curso","7 días tras clic, 1 día tras visualización o 1 día tras visualización activa",0,ABSOLUTE_OCPM,2026-08-03T21:53:15-0400,-,-,-,PieraCeresa_2026_Conversiones,,,3.738318,4,,,,7186.99187,,,1.149533,4,29,17,60,33,27,23,23,3.252033,3.738318,3.252033,221
2026-08-09,2026-08-09,"Carrusel Catalogo - Video Nuevo 2",inactive,,,,15000,Diario,0,0,0,"En curso","7 días tras clic, 1 día tras visualización o 1 día tras visualización activa",0,ABSOLUTE_OCPM,2026-08-03T21:53:15-0400,-,-,-,PieraCeresa_2026_Conversiones,,,0,,,,,0,,,0,,,00:00:00,,,,,,,0,0,
2026-08-09,2026-08-09,"Carrusel Catalogo - Video Nuevo 1",not_delivering,,,,15000,Diario,15817,1512,1168,"En curso","7 días tras clic, 1 día tras visualización o 1 día tras visualización activa",0,ABSOLUTE_OCPM,2026-08-03T21:53:15-0400,-,-,-,PieraCeresa_2026_Conversiones,,,4.708904,59,1,,,10460.978836,,,1.294521,73,121,7,38,17,10,3,38,4.828042,6.421233,7.539683,216.671233
2026-08-09,2026-08-09,"Carrusel Catalogo 3 - Video - Copia 2",inactive,,,,15000,Diario,0,0,0,"En curso","7 días tras clic, 1 día tras visualización o 1 día tras visualización activa",0,ABSOLUTE_OCPM,2026-08-03T21:53:15-0400,-,-,-,PieraCeresa_2026_Conversiones,,,0,,,,,0,,,0,,,00:00:00,,,,,,,0,0,
2026-08-09,2026-08-09,"Carrusel Catalogo 3 - Video - Copia",inactive,,,,15000,Diario,658,66,46,"En curso","7 días tras clic, 1 día tras visualización o 1 día tras visualización activa",0,ABSOLUTE_OCPM,2026-08-03T21:53:15-0400,-,-,-,PieraCeresa_2026_Conversiones,,,6.521739,2,,,,9969.69697,,,1.434783,3,,00:00:00,,,,,,4.545455,6.521739,9.090909,219.333333
2026-08-09,2026-08-09,"Carrusel Catalogo 3 - Video",inactive,,,,15000,Diario,0,0,0,"En curso","7 días tras clic, 1 día tras visualización o 1 día tras visualización activa",0,ABSOLUTE_OCPM,2026-08-03T21:53:15-0400,-,-,-,PieraCeresa_2026_Conversiones,,,0,,,,,0,,,0,,,00:00:00,,,,,,,0,0,
2026-08-09,2026-08-09,"Carrusel Catalogo 2 - Video",not_delivering,,,,15000,Diario,0,0,0,"En curso","7 días tras clic, 1 día tras visualización o 1 día tras visualización activa",0,ABSOLUTE_OCPM,2026-08-03T21:53:15-0400,-,-,-,PieraCeresa_2026_Conversiones,,,0,,,,,0,,,0,,,00:00:00,,,,,,,0,0,
2026-08-09,2026-08-09,"Carrusel Catalogo",not_delivering,,,,15000,Diario,0,0,0,"En curso","7 días tras clic, 1 día tras visualización o 1 día tras visualización activa",0,ABSOLUTE_OCPM,2026-08-03T21:53:15-0400,-,-,-,PieraCeresa_2026_Conversiones,,,0,,,,,0,,,0,,,00:00:00,,,,,,,0,0,
2026-08-08,2026-08-08,"Carrusel Catalogo 2 - Video",not_delivering,,,,15000,Diario,0,0,0,"En curso","7 días tras clic, 1 día tras visualización o 1 día tras visualización activa",0,ABSOLUTE_OCPM,2026-08-22T06:54:06-0400,-,-,-,"PieraCeresa_2026_Conversiones -Purchase",,,0,,,,,0,,,0,,,00:00:00,,,,,,,0,0,
2026-08-08,2026-08-08,"Carrusel Catalogo",not_delivering,,,,15000,Diario,0,0,0,"En curso","7 días tras clic, 1 día tras visualización o 1 día tras visualización activa",0,ABSOLUTE_OCPM,2026-08-22T06:54:06-0400,-,-,-,"PieraCeresa_2026_Conversiones -Purchase",,,0,,,,,0,,,0,,,00:00:00,,,,,,,0,0,
2026-08-08,2026-08-08,"Carrusel Catalogo - Video Nuevo 1",not_delivering,,,,15000,Diario,0,0,0,"En curso","7 días tras clic, 1 día tras visualización o 1 día tras visualización activa",0,ABSOLUTE_OCPM,2026-08-22T06:54:06-0400,-,-,-,"PieraCeresa_2026_Conversiones -Purchase",,,0,,,,,0,,,0,,,00:00:00,,,,,,,0,0,
2026-08-08,2026-08-08,"Carrusel Catalogo 2 - Video - AGO",not_delivering,,,,15000,Diario,0,0,0,"En curso","7 días tras clic, 1 día tras visualización o 1 día tras visualización activa",0,ABSOLUTE_OCPM,2026-08-22T06:54:06-0400,-,-,-,"PieraCeresa_2026_Conversiones -Purchase",,,0,,,,,0,,,0,,,00:00:00,,,,,,,0,0,
2026-08-08,2026-08-08,"Carrusel Catalogo 1 - Video - AGO",not_delivering,,,,15000,Diario,0,0,0,"En curso","7 días tras clic, 1 día tras visualización o 1 día tras visualización activa",0,ABSOLUTE_OCPM,2026-08-22T06:54:06-0400,-,-,-,"PieraCeresa_2026_Conversiones -Purchase",,,0,,,,,0,,,0,,,00:00:00,,,,,,,0,0,
2026-08-08,2026-08-08,"Carrusel Catalogo 1 - Video - AGO",active,,,,15000,Diario,0,0,0,"En curso","7 días tras clic, 1 día tras visualización o 1 día tras visualización activa",0,ABSOLUTE_OCPM,2026-08-18T08:00:30-0400,-,-,-,"PieraCeresa_2026_Conversiones - Add Payment Info",,,0,,,,,0,,,0,,,00:00:00,,,,,,,0,0,
2026-08-08,2026-08-08,"Carrusel Catalogo 2 - Video - AGO",active,,,,15000,Diario,0,0,0,"En curso","7 días tras clic, 1 día tras visualización o 1 día tras visualización activa",0,ABSOLUTE_OCPM,2026-08-18T08:00:30-0400,-,-,-,"PieraCeresa_2026_Conversiones - Add Payment Info",,,0,,,,,0,,,0,,,00:00:00,,,,,,,0,0,
2026-08-08,2026-08-08,"Carrusel Catalogo",active,,,,15000,Diario,0,0,0,"En curso","7 días tras clic, 1 día tras visualización o 1 día tras visualización activa",0,ABSOLUTE_OCPM,2026-08-18T08:00:30-0400,-,-,-,"PieraCeresa_2026_Conversiones - Add Payment Info",,,0,,,,,0,,,0,,,00:00:00,,,,,,,0,0,
2026-08-08,2026-08-08,"Carrusel Catalogo 2 - Video",active,,,,15000,Diario,0,0,0,"En curso","7 días tras clic, 1 día tras visualización o 1 día tras visualización activa",0,ABSOLUTE_OCPM,2026-08-18T08:00:30-0400,-,-,-,"PieraCeresa_2026_Conversiones - Add Payment Info",,,0,,,,,0,,,0,,,00:00:00,,,,,,,0,0,
2026-08-08,2026-08-08,"Carrusel Catalogo - Video Nuevo 1",active,,,,15000,Diario,0,0,0,"En curso","7 días tras clic, 1 día tras visualización o 1 día tras visualización activa",0,ABSOLUTE_OCPM,2026-08-18T08:00:30-0400,-,-,-,"PieraCeresa_2026_Conversiones - Add Payment Info",,,0,,,,,0,,,0,,,00:00:00,,,,,,,0,0,
2026-08-08,2026-08-08,"Carrusel Catalogo - Video Nuevo 6",inactive,,,,15000,Diario,1,3,3,"En curso","7 días tras clic, 1 día tras visualización o 1 día tras visualización activa",0,ABSOLUTE_OCPM,2026-08-03T21:53:15-0400,-,-,-,PieraCeresa_2026_Conversiones,,,0,,,,,333.333333,,,1,,2,11,2,1,1,,1,,0,0,
2026-08-08,2026-08-08,"Carrusel Catalogo - Video Nuevo 5",inactive,,,,15000,Diario,0,0,0,"En curso","7 días tras clic, 1 día tras visualización o 1 día tras visualización activa",0,ABSOLUTE_OCPM,2026-08-03T21:53:15-0400,-,-,-,PieraCeresa_2026_Conversiones,,,0,,,,,0,,,0,,,00:00:00,,,,,,,0,0,
2026-08-08,2026-08-08,"Carrusel Catalogo - Video Nuevo 4",inactive,,,,15000,Diario,0,0,0,"En curso","7 días tras clic, 1 día tras visualización o 1 día tras visualización activa",0,ABSOLUTE_OCPM,2026-08-03T21:53:15-0400,-,-,-,PieraCeresa_2026_Conversiones,,,0,,,,,0,,,0,,,00:00:00,,,,,,,0,0,
2026-08-08,2026-08-08,"Carrusel Catalogo - Video Nuevo 3",inactive,,,,15000,Diario,0,0,0,"En curso","7 días tras clic, 1 día tras visualización o 1 día tras visualización activa",0,ABSOLUTE_OCPM,2026-08-03T21:53:15-0400,-,-,-,PieraCeresa_2026_Conversiones,,,0,,,,,0,,,0,,,00:00:00,,,,,,,0,0,
2026-08-08,2026-08-08,"Carrusel Catalogo - Video Nuevo 2",inactive,,,,15000,Diario,145,16,15,"En curso","7 días tras clic, 1 día tras visualización o 1 día tras visualización activa",0,ABSOLUTE_OCPM,2026-08-03T21:53:15-0400,-,-,-,PieraCeresa_2026_Conversiones,,,6.666667,,,,,9062.5,,,1.066667,1,3,5,4,3,2,1,1,6.25,6.666667,12.5,145
2026-08-08,2026-08-08,"Carrusel Catalogo - Video Nuevo 1",not_delivering,,,,15000,Diario,15646,1920,1460,"En curso","7 días tras clic, 1 día tras visualización o 1 día tras visualización activa",0,ABSOLUTE_OCPM,2026-08-03T21:53:15-0400,-,-,-,PieraCeresa_2026_Conversiones,,,5.958904,101,,,,8148.958333,,,1.315068,117,181,10,79,47,29,11,78,6.09375,7.671233,8.072917,133.726496
2026-08-08,2026-08-08,"Carrusel Catalogo 3 - Video - Copia 2",inactive,,,,15000,Diario,0,0,0,"En curso","7 días tras clic, 1 día tras visualización o 1 día tras visualización activa",0,ABSOLUTE_OCPM,2026-08-03T21:53:15-0400,-,-,-,PieraCeresa_2026_Conversiones,,,0,,,,,0,,,0,,,00:00:00,,,,,,,0,0,
2026-08-08,2026-08-08,"Carrusel Catalogo 3 - Video - Copia",inactive,,,,15000,Diario,548,15,12,"En curso","7 días tras clic, 1 día tras visualización o 1 día tras visualización activa",0,ABSOLUTE_OCPM,2026-08-03T21:53:15-0400,-,-,-,PieraCeresa_2026_Conversiones,,,16.666667,3,,,,36533.333333,,,1.25,3,,00:00:00,,,,,,20,16.666667,20,182.666667
2026-08-08,2026-08-08,"Carrusel Catalogo 3 - Video",inactive,,,,15000,Diario,0,0,0,"En curso","7 días tras clic, 1 día tras visualización o 1 día tras visualización activa",0,ABSOLUTE_OCPM,2026-08-03T21:53:15-0400,-,-,-,PieraCeresa_2026_Conversiones,,,0,,,,,0,,,0,,,00:00:00,,,,,,,0,0,
2026-08-08,2026-08-08,"Carrusel Catalogo 2 - Video",not_delivering,,,,15000,Diario,439,47,42,"En curso","7 días tras clic, 1 día tras visualización o 1 día tras visualización activa",0,ABSOLUTE_OCPM,2026-08-03T21:53:15-0400,-,-,-,PieraCeresa_2026_Conversiones,,,7.142857,2,,,,9340.425532,,,1.119048,3,4,2,4,2,1,1,1,6.382979,7.142857,6.382979,146.333333
2026-08-08,2026-08-08,"Carrusel Catalogo",not_delivering,,,,15000,Diario,0,0,0,"En curso","7 días tras clic, 1 día tras visualización o 1 día tras visualización activa",0,ABSOLUTE_OCPM,2026-08-03T21:53:15-0400,-,-,-,PieraCeresa_2026_Conversiones,,,0,,,,,0,,,0,,,00:00:00,,,,,,,0,0,
2026-08-07,2026-08-07,"Carrusel Catalogo 2 - Video",not_delivering,,,,15000,Diario,0,0,0,"En curso","7 días tras clic, 1 día tras visualización o 1 día tras visualización activa",0,ABSOLUTE_OCPM,2026-08-22T06:54:06-0400,-,-,-,"PieraCeresa_2026_Conversiones -Purchase",,,0,,,,,0,,,0,,,00:00:00,,,,,,,0,0,
2026-08-07,2026-08-07,"Carrusel Catalogo",not_delivering,,,,15000,Diario,0,0,0,"En curso","7 días tras clic, 1 día tras visualización o 1 día tras visualización activa",0,ABSOLUTE_OCPM,2026-08-22T06:54:06-0400,-,-,-,"PieraCeresa_2026_Conversiones -Purchase",,,0,,,,,0,,,0,,,00:00:00,,,,,,,0,0,
2026-08-07,2026-08-07,"Carrusel Catalogo - Video Nuevo 1",not_delivering,,,,15000,Diario,0,0,0,"En curso","7 días tras clic, 1 día tras visualización o 1 día tras visualización activa",0,ABSOLUTE_OCPM,2026-08-22T06:54:06-0400,-,-,-,"PieraCeresa_2026_Conversiones -Purchase",,,0,,,,,0,,,0,,,00:00:00,,,,,,,0,0,
2026-08-07,2026-08-07,"Carrusel Catalogo 2 - Video - AGO",not_delivering,,,,15000,Diario,0,0,0,"En curso","7 días tras clic, 1 día tras visualización o 1 día tras visualización activa",0,ABSOLUTE_OCPM,2026-08-22T06:54:06-0400,-,-,-,"PieraCeresa_2026_Conversiones -Purchase",,,0,,,,,0,,,0,,,00:00:00,,,,,,,0,0,
2026-08-07,2026-08-07,"Carrusel Catalogo 1 - Video - AGO",not_delivering,,,,15000,Diario,0,0,0,"En curso","7 días tras clic, 1 día tras visualización o 1 día tras visualización activa",0,ABSOLUTE_OCPM,2026-08-22T06:54:06-0400,-,-,-,"PieraCeresa_2026_Conversiones -Purchase",,,0,,,,,0,,,0,,,00:00:00,,,,,,,0,0,
2026-08-07,2026-08-07,"Carrusel Catalogo 1 - Video - AGO",active,,,,15000,Diario,0,0,0,"En curso","7 días tras clic, 1 día tras visualización o 1 día tras visualización activa",0,ABSOLUTE_OCPM,2026-08-18T08:00:30-0400,-,-,-,"PieraCeresa_2026_Conversiones - Add Payment Info",,,0,,,,,0,,,0,,,00:00:00,,,,,,,0,0,
2026-08-07,2026-08-07,"Carrusel Catalogo 2 - Video - AGO",active,,,,15000,Diario,0,0,0,"En curso","7 días tras clic, 1 día tras visualización o 1 día tras visualización activa",0,ABSOLUTE_OCPM,2026-08-18T08:00:30-0400,-,-,-,"PieraCeresa_2026_Conversiones - Add Payment Info",,,0,,,,,0,,,0,,,00:00:00,,,,,,,0,0,
2026-08-07,2026-08-07,"Carrusel Catalogo",active,,,,15000,Diario,0,0,0,"En curso","7 días tras clic, 1 día tras visualización o 1 día tras visualización activa",0,ABSOLUTE_OCPM,2026-08-18T08:00:30-0400,-,-,-,"PieraCeresa_2026_Conversiones - Add Payment Info",,,0,,,,,0,,,0,,,00:00:00,,,,,,,0,0,
2026-08-07,2026-08-07,"Carrusel Catalogo 2 - Video",active,,,,15000,Diario,0,0,0,"En curso","7 días tras clic, 1 día tras visualización o 1 día tras visualización activa",0,ABSOLUTE_OCPM,2026-08-18T08:00:30-0400,-,-,-,"PieraCeresa_2026_Conversiones - Add Payment Info",,,0,,,,,0,,,0,,,00:00:00,,,,,,,0,0,
2026-08-07,2026-08-07,"Carrusel Catalogo - Video Nuevo 1",active,,,,15000,Diario,0,0,0,"En curso","7 días tras clic, 1 día tras visualización o 1 día tras visualización activa",0,ABSOLUTE_OCPM,2026-08-18T08:00:30-0400,-,-,-,"PieraCeresa_2026_Conversiones - Add Payment Info",,,0,,,,,0,,,0,,,00:00:00,,,,,,,0,0,
2026-08-07,2026-08-07,"Carrusel Catalogo - Video Nuevo 6",inactive,,,,15000,Diario,0,0,0,"En curso","7 días tras clic, 1 día tras visualización o 1 día tras visualización activa",0,ABSOLUTE_OCPM,2026-08-03T21:53:15-0400,-,-,-,PieraCeresa_2026_Conversiones,,,0,,,,,0,,,0,,,00:00:00,,,,,,,0,0,
2026-08-07,2026-08-07,"Carrusel Catalogo - Video Nuevo 5",inactive,,,,15000,Diario,0,0,0,"En curso","7 días tras clic, 1 día tras visualización o 1 día tras visualización activa",0,ABSOLUTE_OCPM,2026-08-03T21:53:15-0400,-,-,-,PieraCeresa_2026_Conversiones,,,0,,,,,0,,,0,,,00:00:00,,,,,,,0,0,
2026-08-07,2026-08-07,"Carrusel Catalogo - Video Nuevo 4",inactive,,,,15000,Diario,3,1,1,"En curso","7 días tras clic, 1 día tras visualización o 1 día tras visualización activa",0,ABSOLUTE_OCPM,2026-08-03T21:53:15-0400,-,-,-,PieraCeresa_2026_Conversiones,,,0,,,,,3000,,,1,,,00:00:00,,,,,,,0,0,
2026-08-07,2026-08-07,"Carrusel Catalogo - Video Nuevo 3",inactive,,,,15000,Diario,170,29,29,"En curso","7 días tras clic, 1 día tras visualización o 1 día tras visualización activa",0,ABSOLUTE_OCPM,2026-08-03T21:53:15-0400,-,-,-,PieraCeresa_2026_Conversiones,,,0,,,,,5862.068966,,,1,,6,2,17,9,6,3,3,,0,0,
2026-08-07,2026-08-07,"Carrusel Catalogo - Video Nuevo 2",inactive,,,,15000,Diario,17,5,5,"En curso","7 días tras clic, 1 día tras visualización o 1 día tras visualización activa",0,ABSOLUTE_OCPM,2026-08-03T21:53:15-0400,-,-,-,PieraCeresa_2026_Conversiones,,,0,,,,,3400,,,1,,,2,2,,,,,,0,0,
2026-08-07,2026-08-07,"Carrusel Catalogo - Video Nuevo 1",not_delivering,,,,15000,Diario,16884,1189,890,"En curso","7 días tras clic, 1 día tras visualización o 1 día tras visualización activa",0,ABSOLUTE_OCPM,2026-08-03T21:53:15-0400,-,-,-,PieraCeresa_2026_Conversiones,,,6.404494,58,,,,14200.168209,,,1.335955,68,281,10,111,67,48,17,111,5.719092,8.651685,9.167368,248.294118
2026-08-07,2026-08-07,"Carrusel Catalogo 3 - Video - Copia 2",inactive,,,,15000,Diario,0,0,0,"En curso","7 días tras clic, 1 día tras visualización o 1 día tras visualización activa",0,ABSOLUTE_OCPM,2026-08-03T21:53:15-0400,-,-,-,PieraCeresa_2026_Conversiones,,,0,,,,,0,,,0,,,00:00:00,,,,,,,0,0,
2026-08-07,2026-08-07,"Carrusel Catalogo 3 - Video - Copia",inactive,,,,15000,Diario,0,0,0,"En curso","7 días tras clic, 1 día tras visualización o 1 día tras visualización activa",0,ABSOLUTE_OCPM,2026-08-03T21:53:15-0400,-,-,-,PieraCeresa_2026_Conversiones,,,0,,,,,0,,,0,,,00:00:00,,,,,,,0,0,
2026-08-07,2026-08-07,"Carrusel Catalogo 3 - Video",inactive,,,,15000,Diario,0,0,0,"En curso","7 días tras clic, 1 día tras visualización o 1 día tras visualización activa",0,ABSOLUTE_OCPM,2026-08-03T21:53:15-0400,-,-,-,PieraCeresa_2026_Conversiones,,,0,,,,,0,,,0,,,00:00:00,,,,,,,0,0,
2026-08-07,2026-08-07,"Carrusel Catalogo 2 - Video",not_delivering,,,,15000,Diario,127,12,12,"En curso","7 días tras clic, 1 día tras visualización o 1 día tras visualización activa",0,ABSOLUTE_OCPM,2026-08-03T21:53:15-0400,-,-,-,PieraCeresa_2026_Conversiones,,,0,,,,,10583.333333,,,1,,2,5,2,1,1,1,1,,0,0,
2026-08-07,2026-08-07,"Carrusel Catalogo",not_delivering,,,,15000,Diario,0,0,0,"En curso","7 días tras clic, 1 día tras visualización o 1 día tras visualización activa",0,ABSOLUTE_OCPM,2026-08-03T21:53:15-0400,-,-,-,PieraCeresa_2026_Conversiones,,,0,,,,,0,,,0,,,00:00:00,,,,,,,0,0,
2026-08-06,2026-08-06,"Carrusel Catalogo 2 - Video",not_delivering,,,,15000,Diario,0,0,0,"En curso","7 días tras clic, 1 día tras visualización o 1 día tras visualización activa",0,ABSOLUTE_OCPM,2026-08-22T06:54:06-0400,-,-,-,"PieraCeresa_2026_Conversiones -Purchase",,,0,,,,,0,,,0,,,00:00:00,,,,,,,0,0,
2026-08-06,2026-08-06,"Carrusel Catalogo",not_delivering,,,,15000,Diario,0,0,0,"En curso","7 días tras clic, 1 día tras visualización o 1 día tras visualización activa",0,ABSOLUTE_OCPM,2026-08-22T06:54:06-0400,-,-,-,"PieraCeresa_2026_Conversiones -Purchase",,,0,,,,,0,,,0,,,00:00:00,,,,,,,0,0,
2026-08-06,2026-08-06,"Carrusel Catalogo - Video Nuevo 1",not_delivering,,,,15000,Diario,0,0,0,"En curso","7 días tras clic, 1 día tras visualización o 1 día tras visualización activa",0,ABSOLUTE_OCPM,2026-08-22T06:54:06-0400,-,-,-,"PieraCeresa_2026_Conversiones -Purchase",,,0,,,,,0,,,0,,,00:00:00,,,,,,,0,0,
2026-08-06,2026-08-06,"Carrusel Catalogo 2 - Video - AGO",not_delivering,,,,15000,Diario,0,0,0,"En curso","7 días tras clic, 1 día tras visualización o 1 día tras visualización activa",0,ABSOLUTE_OCPM,2026-08-22T06:54:06-0400,-,-,-,"PieraCeresa_2026_Conversiones -Purchase",,,0,,,,,0,,,0,,,00:00:00,,,,,,,0,0,
2026-08-06,2026-08-06,"Carrusel Catalogo 1 - Video - AGO",not_delivering,,,,15000,Diario,0,0,0,"En curso","7 días tras clic, 1 día tras visualización o 1 día tras visualización activa",0,ABSOLUTE_OCPM,2026-08-22T06:54:06-0400,-,-,-,"PieraCeresa_2026_Conversiones -Purchase",,,0,,,,,0,,,0,,,00:00:00,,,,,,,0,0,
2026-08-06,2026-08-06,"Carrusel Catalogo 1 - Video - AGO",active,,,,15000,Diario,0,0,0,"En curso","7 días tras clic, 1 día tras visualización o 1 día tras visualización activa",0,ABSOLUTE_OCPM,2026-08-18T08:00:30-0400,-,-,-,"PieraCeresa_2026_Conversiones - Add Payment Info",,,0,,,,,0,,,0,,,00:00:00,,,,,,,0,0,
2026-08-06,2026-08-06,"Carrusel Catalogo 2 - Video - AGO",active,,,,15000,Diario,0,0,0,"En curso","7 días tras clic, 1 día tras visualización o 1 día tras visualización activa",0,ABSOLUTE_OCPM,2026-08-18T08:00:30-0400,-,-,-,"PieraCeresa_2026_Conversiones - Add Payment Info",,,0,,,,,0,,,0,,,00:00:00,,,,,,,0,0,
2026-08-06,2026-08-06,"Carrusel Catalogo",active,,,,15000,Diario,0,0,0,"En curso","7 días tras clic, 1 día tras visualización o 1 día tras visualización activa",0,ABSOLUTE_OCPM,2026-08-18T08:00:30-0400,-,-,-,"PieraCeresa_2026_Conversiones - Add Payment Info",,,0,,,,,0,,,0,,,00:00:00,,,,,,,0,0,
2026-08-06,2026-08-06,"Carrusel Catalogo 2 - Video",active,,,,15000,Diario,0,0,0,"En curso","7 días tras clic, 1 día tras visualización o 1 día tras visualización activa",0,ABSOLUTE_OCPM,2026-08-18T08:00:30-0400,-,-,-,"PieraCeresa_2026_Conversiones - Add Payment Info",,,0,,,,,0,,,0,,,00:00:00,,,,,,,0,0,
2026-08-06,2026-08-06,"Carrusel Catalogo - Video Nuevo 1",active,,,,15000,Diario,0,0,0,"En curso","7 días tras clic, 1 día tras visualización o 1 día tras visualización activa",0,ABSOLUTE_OCPM,2026-08-18T08:00:30-0400,-,-,-,"PieraCeresa_2026_Conversiones - Add Payment Info",,,0,,,,,0,,,0,,,00:00:00,,,,,,,0,0,
2026-08-06,2026-08-06,"Carrusel Catalogo - Video Nuevo 6",inactive,,,,15000,Diario,225,14,14,"En curso","7 días tras clic, 1 día tras visualización o 1 día tras visualización activa",0,ABSOLUTE_OCPM,2026-08-03T21:53:15-0400,-,-,-,PieraCeresa_2026_Conversiones,,,0,,,,,16071.428571,,,1,,4,4,1,,,,,,0,0,
2026-08-06,2026-08-06,"Carrusel Catalogo - Video Nuevo 5",inactive,,,,15000,Diario,0,0,0,"En curso","7 días tras clic, 1 día tras visualización o 1 día tras visualización activa",0,ABSOLUTE_OCPM,2026-08-03T21:53:15-0400,-,-,-,PieraCeresa_2026_Conversiones,,,0,,,,,0,,,0,,,00:00:00,,,,,,,0,0,
2026-08-06,2026-08-06,"Carrusel Catalogo - Video Nuevo 4",inactive,,,,15000,Diario,0,0,0,"En curso","7 días tras clic, 1 día tras visualización o 1 día tras visualización activa",0,ABSOLUTE_OCPM,2026-08-03T21:53:15-0400,-,-,-,PieraCeresa_2026_Conversiones,,,0,,,,,0,,,0,,,00:00:00,,,,,,,0,0,
2026-08-06,2026-08-06,"Carrusel Catalogo - Video Nuevo 3",inactive,,,,15000,Diario,2,1,1,"En curso","7 días tras clic, 1 día tras visualización o 1 día tras visualización activa",0,ABSOLUTE_OCPM,2026-08-03T21:53:15-0400,-,-,-,PieraCeresa_2026_Conversiones,,,0,,,,,2000,,,1,,,2,1,,,,,,0,0,
2026-08-06,2026-08-06,"Carrusel Catalogo - Video Nuevo 2",inactive,,,,15000,Diario,10,4,4,"En curso","7 días tras clic, 1 día tras visualización o 1 día tras visualización activa",0,ABSOLUTE_OCPM,2026-08-03T21:53:15-0400,-,-,-,PieraCeresa_2026_Conversiones,,,0,,,,,2500,,,1,,2,3,3,,,,,,0,0,
2026-08-06,2026-08-06,"Carrusel Catalogo - Video Nuevo 1",not_delivering,,,,15000,Diario,9756,1134,789,"En curso","7 días tras clic, 1 día tras visualización o 1 día tras visualización activa",0,ABSOLUTE_OCPM,2026-08-03T21:53:15-0400,-,-,-,PieraCeresa_2026_Conversiones,,,5.069708,37,,,,8603.174603,,,1.437262,43,285,8,93,46,29,16,91,3.791887,7.984791,6.70194,226.883721
2026-08-06,2026-08-06,"Carrusel Catalogo 3 - Video - Copia 2",inactive,,,,15000,Diario,0,0,0,"En curso","7 días tras clic, 1 día tras visualización o 1 día tras visualización activa",0,ABSOLUTE_OCPM,2026-08-03T21:53:15-0400,-,-,-,PieraCeresa_2026_Conversiones,,,0,,,,,0,,,0,,,00:00:00,,,,,,,0,0,
2026-08-06,2026-08-06,"Carrusel Catalogo 3 - Video - Copia",inactive,,,,15000,Diario,112,20,19,"En curso","7 días tras clic, 1 día tras visualización o 1 día tras visualización activa",0,ABSOLUTE_OCPM,2026-08-03T21:53:15-0400,-,-,-,PieraCeresa_2026_Conversiones,,,10.526316,1,,,,5600,,,1.052632,2,,00:00:00,,,,,,10,15.789474,15,56
2026-08-06,2026-08-06,"Carrusel Catalogo 3 - Video",inactive,,,,15000,Diario,0,0,0,"En curso","7 días tras clic, 1 día tras visualización o 1 día tras visualización activa",0,ABSOLUTE_OCPM,2026-08-03T21:53:15-0400,-,-,-,PieraCeresa_2026_Conversiones,,,0,,,,,0,,,0,,,00:00:00,,,,,,,0,0,
2026-08-06,2026-08-06,"Carrusel Catalogo 2 - Video",not_delivering,,,,15000,Diario,464,53,47,"En curso","7 días tras clic, 1 día tras visualización o 1 día tras visualización activa",0,ABSOLUTE_OCPM,2026-08-03T21:53:15-0400,-,-,-,PieraCeresa_2026_Conversiones,,,0,,,,,8754.716981,,,1.12766,,8,5,8,4,3,2,2,,2.12766,1.886792,
2026-08-06,2026-08-06,"Carrusel Catalogo",not_delivering,,,,15000,Diario,0,0,0,"En curso","7 días tras clic, 1 día tras visualización o 1 día tras visualización activa",0,ABSOLUTE_OCPM,2026-08-03T21:53:15-0400,-,-,-,PieraCeresa_2026_Conversiones,,,0,,,,,0,,,0,,,00:00:00,,,,,,,0,0,
2026-08-05,2026-08-05,"Carrusel Catalogo 2 - Video",not_delivering,,,,15000,Diario,0,0,0,"En curso","7 días tras clic, 1 día tras visualización o 1 día tras visualización activa",0,ABSOLUTE_OCPM,2026-08-22T06:54:06-0400,-,-,-,"PieraCeresa_2026_Conversiones -Purchase",,,0,,,,,0,,,0,,,00:00:00,,,,,,,0,0,
2026-08-05,2026-08-05,"Carrusel Catalogo",not_delivering,,,,15000,Diario,0,0,0,"En curso","7 días tras clic, 1 día tras visualización o 1 día tras visualización activa",0,ABSOLUTE_OCPM,2026-08-22T06:54:06-0400,-,-,-,"PieraCeresa_2026_Conversiones -Purchase",,,0,,,,,0,,,0,,,00:00:00,,,,,,,0,0,
2026-08-05,2026-08-05,"Carrusel Catalogo - Video Nuevo 1",not_delivering,,,,15000,Diario,0,0,0,"En curso","7 días tras clic, 1 día tras visualización o 1 día tras visualización activa",0,ABSOLUTE_OCPM,2026-08-22T06:54:06-0400,-,-,-,"PieraCeresa_2026_Conversiones -Purchase",,,0,,,,,0,,,0,,,00:00:00,,,,,,,0,0,
2026-08-05,2026-08-05,"Carrusel Catalogo 2 - Video - AGO",not_delivering,,,,15000,Diario,0,0,0,"En curso","7 días tras clic, 1 día tras visualización o 1 día tras visualización activa",0,ABSOLUTE_OCPM,2026-08-22T06:54:06-0400,-,-,-,"PieraCeresa_2026_Conversiones -Purchase",,,0,,,,,0,,,0,,,00:00:00,,,,,,,0,0,
2026-08-05,2026-08-05,"Carrusel Catalogo 1 - Video - AGO",not_delivering,,,,15000,Diario,0,0,0,"En curso","7 días tras clic, 1 día tras visualización o 1 día tras visualización activa",0,ABSOLUTE_OCPM,2026-08-22T06:54:06-0400,-,-,-,"PieraCeresa_2026_Conversiones -Purchase",,,0,,,,,0,,,0,,,00:00:00,,,,,,,0,0,
2026-08-05,2026-08-05,"Carrusel Catalogo 1 - Video - AGO",active,,,,15000,Diario,0,0,0,"En curso","7 días tras clic, 1 día tras visualización o 1 día tras visualización activa",0,ABSOLUTE_OCPM,2026-08-18T08:00:30-0400,-,-,-,"PieraCeresa_2026_Conversiones - Add Payment Info",,,0,,,,,0,,,0,,,00:00:00,,,,,,,0,0,
2026-08-05,2026-08-05,"Carrusel Catalogo 2 - Video - AGO",active,,,,15000,Diario,0,0,0,"En curso","7 días tras clic, 1 día tras visualización o 1 día tras visualización activa",0,ABSOLUTE_OCPM,2026-08-18T08:00:30-0400,-,-,-,"PieraCeresa_2026_Conversiones - Add Payment Info",,,0,,,,,0,,,0,,,00:00:00,,,,,,,0,0,
2026-08-05,2026-08-05,"Carrusel Catalogo",active,,,,15000,Diario,0,0,0,"En curso","7 días tras clic, 1 día tras visualización o 1 día tras visualización activa",0,ABSOLUTE_OCPM,2026-08-18T08:00:30-0400,-,-,-,"PieraCeresa_2026_Conversiones - Add Payment Info",,,0,,,,,0,,,0,,,00:00:00,,,,,,,0,0,
2026-08-05,2026-08-05,"Carrusel Catalogo 2 - Video",active,,,,15000,Diario,0,0,0,"En curso","7 días tras clic, 1 día tras visualización o 1 día tras visualización activa",0,ABSOLUTE_OCPM,2026-08-18T08:00:30-0400,-,-,-,"PieraCeresa_2026_Conversiones - Add Payment Info",,,0,,,,,0,,,0,,,00:00:00,,,,,,,0,0,
2026-08-05,2026-08-05,"Carrusel Catalogo - Video Nuevo 1",active,,,,15000,Diario,0,0,0,"En curso","7 días tras clic, 1 día tras visualización o 1 día tras visualización activa",0,ABSOLUTE_OCPM,2026-08-18T08:00:30-0400,-,-,-,"PieraCeresa_2026_Conversiones - Add Payment Info",,,0,,,,,0,,,0,,,00:00:00,,,,,,,0,0,
2026-08-05,2026-08-05,"Carrusel Catalogo - Video Nuevo 6",inactive,,,,15000,Diario,5,1,1,"En curso","7 días tras clic, 1 día tras visualización o 1 día tras visualización activa",0,ABSOLUTE_OCPM,2026-08-03T21:53:15-0400,-,-,-,PieraCeresa_2026_Conversiones,,,0,,,,,5000,,,1,,1,4,,,,,,,100,100,
2026-08-05,2026-08-05,"Carrusel Catalogo - Video Nuevo 5",inactive,,,,15000,Diario,0,0,0,"En curso","7 días tras clic, 1 día tras visualización o 1 día tras visualización activa",0,ABSOLUTE_OCPM,2026-08-03T21:53:15-0400,-,-,-,PieraCeresa_2026_Conversiones,,,0,,,,,0,,,0,,,00:00:00,,,,,,,0,0,
2026-08-05,2026-08-05,"Carrusel Catalogo - Video Nuevo 4",inactive,,,,15000,Diario,0,0,0,"En curso","7 días tras clic, 1 día tras visualización o 1 día tras visualización activa",0,ABSOLUTE_OCPM,2026-08-03T21:53:15-0400,-,-,-,PieraCeresa_2026_Conversiones,,,0,,,,,0,,,0,,,00:00:00,,,,,,,0,0,
2026-08-05,2026-08-05,"Carrusel Catalogo - Video Nuevo 3",inactive,,,,15000,Diario,0,0,0,"En curso","7 días tras clic, 1 día tras visualización o 1 día tras visualización activa",0,ABSOLUTE_OCPM,2026-08-03T21:53:15-0400,-,-,-,PieraCeresa_2026_Conversiones,,,0,,,,,0,,,0,,,00:00:00,,,,,,,0,0,
2026-08-05,2026-08-05,"Carrusel Catalogo - Video Nuevo 2",inactive,,,,15000,Diario,210,45,40,"En curso","7 días tras clic, 1 día tras visualización o 1 día tras visualización activa",0,ABSOLUTE_OCPM,2026-08-03T21:53:15-0400,-,-,-,PieraCeresa_2026_Conversiones,,,5,3,,,,4666.666667,,,1.125,3,5,3,7,5,3,2,2,6.666667,5,4.444444,70
2026-08-05,2026-08-05,"Carrusel Catalogo - Video Nuevo 1",not_delivering,1,actions:offsite_conversion.fb_pixel_purchase,14297,15000,Diario,14297,1647,1046,"En curso","7 días tras clic, 1 día tras visualización o 1 día tras visualización activa",0,ABSOLUTE_OCPM,2026-08-03T21:53:15-0400,-,-,-,PieraCeresa_2026_Conversiones,12.58865496,action_values:offsite_conversion.fb_pixel_purchase,4.971319,53,1,2,1,8680.631451,179980,179980,1.57457,59,312,8,109,60,43,21,109,3.582271,8.126195,6.435944,242.322034
2026-08-05,2026-08-05,"Carrusel Catalogo 3 - Video - Copia 2",inactive,,,,15000,Diario,0,0,0,"En curso","7 días tras clic, 1 día tras visualización o 1 día tras visualización activa",0,ABSOLUTE_OCPM,2026-08-03T21:53:15-0400,-,-,-,PieraCeresa_2026_Conversiones,,,0,,,,,0,,,0,,,00:00:00,,,,,,,0,0,
2026-08-05,2026-08-05,"Carrusel Catalogo 3 - Video - Copia",inactive,,,,15000,Diario,7,1,1,"En curso","7 días tras clic, 1 día tras visualización o 1 día tras visualización activa",0,ABSOLUTE_OCPM,2026-08-03T21:53:15-0400,-,-,-,PieraCeresa_2026_Conversiones,,,0,,,,,7000,,,1,,,00:00:00,,,,,,,0,0,
2026-08-05,2026-08-05,"Carrusel Catalogo 3 - Video",inactive,,,,15000,Diario,0,0,0,"En curso","7 días tras clic, 1 día tras visualización o 1 día tras visualización activa",0,ABSOLUTE_OCPM,2026-08-03T21:53:15-0400,-,-,-,PieraCeresa_2026_Conversiones,,,0,,,,,0,,,0,,,00:00:00,,,,,,,0,0,
2026-08-05,2026-08-05,"Carrusel Catalogo 2 - Video",not_delivering,,,,15000,Diario,0,0,0,"En curso","7 días tras clic, 1 día tras visualización o 1 día tras visualización activa",0,ABSOLUTE_OCPM,2026-08-03T21:53:15-0400,-,-,-,PieraCeresa_2026_Conversiones,,,0,,,,,0,,,0,,,00:00:00,,,,,,,0,0,
2026-08-05,2026-08-05,"Carrusel Catalogo",not_delivering,,,,15000,Diario,0,0,0,"En curso","7 días tras clic, 1 día tras visualización o 1 día tras visualización activa",0,ABSOLUTE_OCPM,2026-08-03T21:53:15-0400,-,-,-,PieraCeresa_2026_Conversiones,,,0,,,,,0,,,0,,,00:00:00,,,,,,,0,0,
2026-08-04,2026-08-04,"Carrusel Catalogo 2 - Video",not_delivering,,,,15000,Diario,0,0,0,"En curso","7 días tras clic, 1 día tras visualización o 1 día tras visualización activa",0,ABSOLUTE_OCPM,2026-08-22T06:54:06-0400,-,-,-,"PieraCeresa_2026_Conversiones -Purchase",,,0,,,,,0,,,0,,,00:00:00,,,,,,,0,0,
2026-08-04,2026-08-04,"Carrusel Catalogo",not_delivering,,,,15000,Diario,0,0,0,"En curso","7 días tras clic, 1 día tras visualización o 1 día tras visualización activa",0,ABSOLUTE_OCPM,2026-08-22T06:54:06-0400,-,-,-,"PieraCeresa_2026_Conversiones -Purchase",,,0,,,,,0,,,0,,,00:00:00,,,,,,,0,0,
2026-08-04,2026-08-04,"Carrusel Catalogo - Video Nuevo 1",not_delivering,,,,15000,Diario,0,0,0,"En curso","7 días tras clic, 1 día tras visualización o 1 día tras visualización activa",0,ABSOLUTE_OCPM,2026-08-22T06:54:06-0400,-,-,-,"PieraCeresa_2026_Conversiones -Purchase",,,0,,,,,0,,,0,,,00:00:00,,,,,,,0,0,
2026-08-04,2026-08-04,"Carrusel Catalogo 2 - Video - AGO",not_delivering,,,,15000,Diario,0,0,0,"En curso","7 días tras clic, 1 día tras visualización o 1 día tras visualización activa",0,ABSOLUTE_OCPM,2026-08-22T06:54:06-0400,-,-,-,"PieraCeresa_2026_Conversiones -Purchase",,,0,,,,,0,,,0,,,00:00:00,,,,,,,0,0,
2026-08-04,2026-08-04,"Carrusel Catalogo 1 - Video - AGO",not_delivering,,,,15000,Diario,0,0,0,"En curso","7 días tras clic, 1 día tras visualización o 1 día tras visualización activa",0,ABSOLUTE_OCPM,2026-08-22T06:54:06-0400,-,-,-,"PieraCeresa_2026_Conversiones -Purchase",,,0,,,,,0,,,0,,,00:00:00,,,,,,,0,0,
2026-08-04,2026-08-04,"Carrusel Catalogo 1 - Video - AGO",active,,,,15000,Diario,0,0,0,"En curso","7 días tras clic, 1 día tras visualización o 1 día tras visualización activa",0,ABSOLUTE_OCPM,2026-08-18T08:00:30-0400,-,-,-,"PieraCeresa_2026_Conversiones - Add Payment Info",,,0,,,,,0,,,0,,,00:00:00,,,,,,,0,0,
2026-08-04,2026-08-04,"Carrusel Catalogo 2 - Video - AGO",active,,,,15000,Diario,0,0,0,"En curso","7 días tras clic, 1 día tras visualización o 1 día tras visualización activa",0,ABSOLUTE_OCPM,2026-08-18T08:00:30-0400,-,-,-,"PieraCeresa_2026_Conversiones - Add Payment Info",,,0,,,,,0,,,0,,,00:00:00,,,,,,,0,0,
2026-08-04,2026-08-04,"Carrusel Catalogo",active,,,,15000,Diario,0,0,0,"En curso","7 días tras clic, 1 día tras visualización o 1 día tras visualización activa",0,ABSOLUTE_OCPM,2026-08-18T08:00:30-0400,-,-,-,"PieraCeresa_2026_Conversiones - Add Payment Info",,,0,,,,,0,,,0,,,00:00:00,,,,,,,0,0,
2026-08-04,2026-08-04,"Carrusel Catalogo 2 - Video",active,,,,15000,Diario,0,0,0,"En curso","7 días tras clic, 1 día tras visualización o 1 día tras visualización activa",0,ABSOLUTE_OCPM,2026-08-18T08:00:30-0400,-,-,-,"PieraCeresa_2026_Conversiones - Add Payment Info",,,0,,,,,0,,,0,,,00:00:00,,,,,,,0,0,
2026-08-04,2026-08-04,"Carrusel Catalogo - Video Nuevo 1",active,,,,15000,Diario,0,0,0,"En curso","7 días tras clic, 1 día tras visualización o 1 día tras visualización activa",0,ABSOLUTE_OCPM,2026-08-18T08:00:30-0400,-,-,-,"PieraCeresa_2026_Conversiones - Add Payment Info",,,0,,,,,0,,,0,,,00:00:00,,,,,,,0,0,
2026-08-04,2026-08-04,"Carrusel Catalogo - Video Nuevo 6",inactive,,,,15000,Diario,511,46,43,"En curso","7 días tras clic, 1 día tras visualización o 1 día tras visualización activa",0,ABSOLUTE_OCPM,2026-08-03T21:53:15-0400,-,-,-,PieraCeresa_2026_Conversiones,,,2.325581,1,,,,11108.695652,,,1.069767,1,7,5,5,1,,,,2.173913,2.325581,2.173913,511
2026-08-04,2026-08-04,"Carrusel Catalogo - Video Nuevo 5",inactive,,,,15000,Diario,164,30,29,"En curso","7 días tras clic, 1 día tras visualización o 1 día tras visualización activa",0,ABSOLUTE_OCPM,2026-08-03T21:53:15-0400,-,-,-,PieraCeresa_2026_Conversiones,,,3.448276,,,,,5466.666667,,,1.034483,1,17,5,22,15,13,9,9,3.333333,3.448276,6.666667,164
2026-08-04,2026-08-04,"Carrusel Catalogo - Video Nuevo 4",inactive,,,,15000,Diario,223,19,17,"En curso","7 días tras clic, 1 día tras visualización o 1 día tras visualización activa",0,ABSOLUTE_OCPM,2026-08-03T21:53:15-0400,-,-,-,PieraCeresa_2026_Conversiones,,,0,,,,,11736.842105,,,1.117647,,4,4,4,2,2,1,1,,0,0,
2026-08-04,2026-08-04,"Carrusel Catalogo - Video Nuevo 3",inactive,,,,15000,Diario,114,28,26,"En curso","7 días tras clic, 1 día tras visualización o 1 día tras visualización activa",0,ABSOLUTE_OCPM,2026-08-03T21:53:15-0400,-,-,-,PieraCeresa_2026_Conversiones,,,3.846154,1,,,,4071.428571,,,1.076923,1,7,3,14,8,7,5,5,3.571429,3.846154,7.142857,114
2026-08-04,2026-08-04,"Carrusel Catalogo - Video Nuevo 2",inactive,,,,15000,Diario,2380,350,293,"En curso","7 días tras clic, 1 día tras visualización o 1 día tras visualización activa",0,ABSOLUTE_OCPM,2026-08-03T21:53:15-0400,-,-,-,PieraCeresa_2026_Conversiones,,,1.706485,5,,,,6800,,,1.194539,7,81,3,120,50,33,25,25,2,3.412969,4.571429,340
2026-08-04,2026-08-04,"Carrusel Catalogo - Video Nuevo 1",not_delivering,,,,15000,Diario,10713,1108,896,"En curso","7 días tras clic, 1 día tras visualización o 1 día tras visualización activa",0,ABSOLUTE_OCPM,2026-08-03T21:53:15-0400,-,-,-,PieraCeresa_2026_Conversiones,,,6.138393,57,,,,9668.772563,,,1.236607,66,352,9,113,70,49,29,113,5.956679,9.598214,9.837545,162.318182
2026-08-04,2026-08-04,"Carrusel Catalogo 3 - Video - Copia 2",inactive,,,,15000,Diario,0,0,0,"En curso","7 días tras clic, 1 día tras visualización o 1 día tras visualización activa",0,ABSOLUTE_OCPM,2026-08-03T21:53:15-0400,-,-,-,PieraCeresa_2026_Conversiones,,,0,,,,,0,,,0,,,00:00:00,,,,,,,0,0,
2026-08-04,2026-08-04,"Carrusel Catalogo 3 - Video - Copia",inactive,,,,15000,Diario,182,26,24,"En curso","7 días tras clic, 1 día tras visualización o 1 día tras visualización activa",0,ABSOLUTE_OCPM,2026-08-03T21:53:15-0400,-,-,-,PieraCeresa_2026_Conversiones,,,0,,,,,7000,,,1.083333,,,00:00:00,,,,,,,0,0,
2026-08-04,2026-08-04,"Carrusel Catalogo 3 - Video",inactive,,,,15000,Diario,0,0,0,"En curso","7 días tras clic, 1 día tras visualización o 1 día tras visualización activa",0,ABSOLUTE_OCPM,2026-08-03T21:53:15-0400,-,-,-,PieraCeresa_2026_Conversiones,,,0,,,,,0,,,0,,,00:00:00,,,,,,,0,0,
2026-08-04,2026-08-04,"Carrusel Catalogo 2 - Video",not_delivering,,,,15000,Diario,161,31,30,"En curso","7 días tras clic, 1 día tras visualización o 1 día tras visualización activa",0,ABSOLUTE_OCPM,2026-08-03T21:53:15-0400,-,-,-,PieraCeresa_2026_Conversiones,,,0,,,,,5193.548387,,,1.033333,,2,2,2,1,1,1,1,,0,0,
2026-08-04,2026-08-04,"Carrusel Catalogo",not_delivering,,,,15000,Diario,0,0,0,"En curso","7 días tras clic, 1 día tras visualización o 1 día tras visualización activa",0,ABSOLUTE_OCPM,2026-08-03T21:53:15-0400,-,-,-,PieraCeresa_2026_Conversiones,,,0,,,,,0,,,0,,,00:00:00,,,,,,,0,0,
2026-08-03,2026-08-03,"Carrusel Catalogo 2 - Video",not_delivering,,,,15000,Diario,0,0,0,"En curso","7 días tras clic, 1 día tras visualización o 1 día tras visualización activa",0,ABSOLUTE_OCPM,2026-08-22T06:54:06-0400,-,-,-,"PieraCeresa_2026_Conversiones -Purchase",,,0,,,,,0,,,0,,,00:00:00,,,,,,,0,0,
2026-08-03,2026-08-03,"Carrusel Catalogo",not_delivering,,,,15000,Diario,0,0,0,"En curso","7 días tras clic, 1 día tras visualización o 1 día tras visualización activa",0,ABSOLUTE_OCPM,2026-08-22T06:54:06-0400,-,-,-,"PieraCeresa_2026_Conversiones -Purchase",,,0,,,,,0,,,0,,,00:00:00,,,,,,,0,0,
2026-08-03,2026-08-03,"Carrusel Catalogo - Video Nuevo 1",not_delivering,,,,15000,Diario,0,0,0,"En curso","7 días tras clic, 1 día tras visualización o 1 día tras visualización activa",0,ABSOLUTE_OCPM,2026-08-22T06:54:06-0400,-,-,-,"PieraCeresa_2026_Conversiones -Purchase",,,0,,,,,0,,,0,,,00:00:00,,,,,,,0,0,
2026-08-03,2026-08-03,"Carrusel Catalogo 2 - Video - AGO",not_delivering,,,,15000,Diario,0,0,0,"En curso","7 días tras clic, 1 día tras visualización o 1 día tras visualización activa",0,ABSOLUTE_OCPM,2026-08-22T06:54:06-0400,-,-,-,"PieraCeresa_2026_Conversiones -Purchase",,,0,,,,,0,,,0,,,00:00:00,,,,,,,0,0,
2026-08-03,2026-08-03,"Carrusel Catalogo 1 - Video - AGO",not_delivering,,,,15000,Diario,0,0,0,"En curso","7 días tras clic, 1 día tras visualización o 1 día tras visualización activa",0,ABSOLUTE_OCPM,2026-08-22T06:54:06-0400,-,-,-,"PieraCeresa_2026_Conversiones -Purchase",,,0,,,,,0,,,0,,,00:00:00,,,,,,,0,0,
2026-08-03,2026-08-03,"Carrusel Catalogo 1 - Video - AGO",active,,,,15000,Diario,0,0,0,"En curso","7 días tras clic, 1 día tras visualización o 1 día tras visualización activa",0,ABSOLUTE_OCPM,2026-08-18T08:00:30-0400,-,-,-,"PieraCeresa_2026_Conversiones - Add Payment Info",,,0,,,,,0,,,0,,,00:00:00,,,,,,,0,0,
2026-08-03,2026-08-03,"Carrusel Catalogo 2 - Video - AGO",active,,,,15000,Diario,0,0,0,"En curso","7 días tras clic, 1 día tras visualización o 1 día tras visualización activa",0,ABSOLUTE_OCPM,2026-08-18T08:00:30-0400,-,-,-,"PieraCeresa_2026_Conversiones - Add Payment Info",,,0,,,,,0,,,0,,,00:00:00,,,,,,,0,0,
2026-08-03,2026-08-03,"Carrusel Catalogo",active,,,,15000,Diario,0,0,0,"En curso","7 días tras clic, 1 día tras visualización o 1 día tras visualización activa",0,ABSOLUTE_OCPM,2026-08-18T08:00:30-0400,-,-,-,"PieraCeresa_2026_Conversiones - Add Payment Info",,,0,,,,,0,,,0,,,00:00:00,,,,,,,0,0,
2026-08-03,2026-08-03,"Carrusel Catalogo 2 - Video",active,,,,15000,Diario,0,0,0,"En curso","7 días tras clic, 1 día tras visualización o 1 día tras visualización activa",0,ABSOLUTE_OCPM,2026-08-18T08:00:30-0400,-,-,-,"PieraCeresa_2026_Conversiones - Add Payment Info",,,0,,,,,0,,,0,,,00:00:00,,,,,,,0,0,
2026-08-03,2026-08-03,"Carrusel Catalogo - Video Nuevo 1",active,,,,15000,Diario,0,0,0,"En curso","7 días tras clic, 1 día tras visualización o 1 día tras visualización activa",0,ABSOLUTE_OCPM,2026-08-18T08:00:30-0400,-,-,-,"PieraCeresa_2026_Conversiones - Add Payment Info",,,0,,,,,0,,,0,,,00:00:00,,,,,,,0,0,
2026-08-03,2026-08-03,"Carrusel Catalogo - Video Nuevo 6",inactive,,,,15000,Diario,647,91,70,"En curso","7 días tras clic, 1 día tras visualización o 1 día tras visualización activa",0,ABSOLUTE_OCPM,2026-08-03T21:53:15-0400,-,-,-,PieraCeresa_2026_Conversiones,,,1.428571,2,,,,7109.89011,,,1.3,1,11,4,6,4,3,2,3,1.098901,2.857143,2.197802,647
2026-08-03,2026-08-03,"Carrusel Catalogo - Video Nuevo 5",inactive,,,,15000,Diario,575,124,116,"En curso","7 días tras clic, 1 día tras visualización o 1 día tras visualización activa",0,ABSOLUTE_OCPM,2026-08-03T21:53:15-0400,-,-,-,PieraCeresa_2026_Conversiones,,,6.034483,4,,,,4637.096774,,,1.068966,7,51,6,63,47,39,35,35,5.645161,7.758621,9.677419,82.142857
2026-08-03,2026-08-03,"Carrusel Catalogo - Video Nuevo 4",inactive,,,,15000,Diario,116,18,16,"En curso","7 días tras clic, 1 día tras visualización o 1 día tras visualización activa",0,ABSOLUTE_OCPM,2026-08-03T21:53:15-0400,-,-,-,PieraCeresa_2026_Conversiones,,,0,,,,,6444.444444,,,1.125,,3,2,5,1,1,1,1,,0,0,
2026-08-03,2026-08-03,"Carrusel Catalogo - Video Nuevo 3",inactive,,,,15000,Diario,650,107,89,"En curso","7 días tras clic, 1 día tras visualización o 1 día tras visualización activa",0,ABSOLUTE_OCPM,2026-08-03T21:53:15-0400,-,-,-,PieraCeresa_2026_Conversiones,,,4.494382,1,,,,6074.766355,,,1.202247,4,28,3,55,31,26,15,15,3.738318,5.617978,4.672897,162.5
2026-08-03,2026-08-03,"Carrusel Catalogo - Video Nuevo 2",inactive,,,,15000,Diario,1285,143,130,"En curso","7 días tras clic, 1 día tras visualización o 1 día tras visualización activa",0,ABSOLUTE_OCPM,2026-08-03T21:53:15-0400,-,-,-,PieraCeresa_2026_Conversiones,,,2.307692,4,,,,8986.013986,,,1.1,3,35,3,50,22,14,11,11,2.097902,4.615385,4.895105,428.333333
2026-08-03,2026-08-03,"Carrusel Catalogo - Video Nuevo 1",not_delivering,,,,15000,Diario,15844,1581,1282,"En curso","7 días tras clic, 1 día tras visualización o 1 día tras visualización activa",0,ABSOLUTE_OCPM,2026-08-03T21:53:15-0400,-,-,-,PieraCeresa_2026_Conversiones,,,6.162246,77,,,,10021.505376,,,1.233229,89,580,8,173,90,63,36,174,5.629349,9.828393,9.361164,178.022472
2026-08-03,2026-08-03,"Carrusel Catalogo 3 - Video - Copia 2",inactive,,,,15000,Diario,0,0,0,"En curso","7 días tras clic, 1 día tras visualización o 1 día tras visualización activa",0,ABSOLUTE_OCPM,2026-08-03T21:53:15-0400,-,-,-,PieraCeresa_2026_Conversiones,,,0,,,,,0,,,0,,,00:00:00,,,,,,,0,0,
2026-08-03,2026-08-03,"Carrusel Catalogo 3 - Video - Copia",inactive,,,,15000,Diario,566,81,74,"En curso","7 días tras clic, 1 día tras visualización o 1 día tras visualización activa",0,ABSOLUTE_OCPM,2026-08-03T21:53:15-0400,-,-,-,PieraCeresa_2026_Conversiones,,,2.702703,,,,,6987.654321,,,1.094595,2,,00:00:00,,,,,,2.469136,2.702703,2.469136,283
2026-08-03,2026-08-03,"Carrusel Catalogo 3 - Video",inactive,,,,15000,Diario,0,0,0,"En curso","7 días tras clic, 1 día tras visualización o 1 día tras visualización activa",0,ABSOLUTE_OCPM,2026-08-03T21:53:15-0400,-,-,-,PieraCeresa_2026_Conversiones,,,0,,,,,0,,,0,,,00:00:00,,,,,,,0,0,
2026-08-03,2026-08-03,"Carrusel Catalogo 2 - Video",not_delivering,,,,15000,Diario,0,0,0,"En curso","7 días tras clic, 1 día tras visualización o 1 día tras visualización activa",0,ABSOLUTE_OCPM,2026-08-03T21:53:15-0400,-,-,-,PieraCeresa_2026_Conversiones,,,0,,,,,0,,,0,,,00:00:00,,,,,,,0,0,
2026-08-03,2026-08-03,"Carrusel Catalogo",not_delivering,,,,15000,Diario,539,146,129,"En curso","7 días tras clic, 1 día tras visualización o 1 día tras visualización activa",0,ABSOLUTE_OCPM,2026-08-03T21:53:15-0400,-,-,-,PieraCeresa_2026_Conversiones,,,3.100775,4,,,,3691.780822,,,1.131783,4,,00:00:00,,,,,,2.739726,3.100775,3.424658,134.75
2026-08-02,2026-08-02,"Carrusel Catalogo 2 - Video",not_delivering,,,,15000,Diario,0,0,0,"En curso","7 días tras clic, 1 día tras visualización o 1 día tras visualización activa",0,ABSOLUTE_OCPM,2026-08-22T06:54:06-0400,-,-,-,"PieraCeresa_2026_Conversiones -Purchase",,,0,,,,,0,,,0,,,00:00:00,,,,,,,0,0,
2026-08-02,2026-08-02,"Carrusel Catalogo",not_delivering,,,,15000,Diario,0,0,0,"En curso","7 días tras clic, 1 día tras visualización o 1 día tras visualización activa",0,ABSOLUTE_OCPM,2026-08-22T06:54:06-0400,-,-,-,"PieraCeresa_2026_Conversiones -Purchase",,,0,,,,,0,,,0,,,00:00:00,,,,,,,0,0,
2026-08-02,2026-08-02,"Carrusel Catalogo - Video Nuevo 1",not_delivering,,,,15000,Diario,0,0,0,"En curso","7 días tras clic, 1 día tras visualización o 1 día tras visualización activa",0,ABSOLUTE_OCPM,2026-08-22T06:54:06-0400,-,-,-,"PieraCeresa_2026_Conversiones -Purchase",,,0,,,,,0,,,0,,,00:00:00,,,,,,,0,0,
2026-08-02,2026-08-02,"Carrusel Catalogo 2 - Video - AGO",not_delivering,,,,15000,Diario,0,0,0,"En curso","7 días tras clic, 1 día tras visualización o 1 día tras visualización activa",0,ABSOLUTE_OCPM,2026-08-22T06:54:06-0400,-,-,-,"PieraCeresa_2026_Conversiones -Purchase",,,0,,,,,0,,,0,,,00:00:00,,,,,,,0,0,
2026-08-02,2026-08-02,"Carrusel Catalogo 1 - Video - AGO",not_delivering,,,,15000,Diario,0,0,0,"En curso","7 días tras clic, 1 día tras visualización o 1 día tras visualización activa",0,ABSOLUTE_OCPM,2026-08-22T06:54:06-0400,-,-,-,"PieraCeresa_2026_Conversiones -Purchase",,,0,,,,,0,,,0,,,00:00:00,,,,,,,0,0,
2026-08-02,2026-08-02,"Carrusel Catalogo 1 - Video - AGO",active,,,,15000,Diario,0,0,0,"En curso","7 días tras clic, 1 día tras visualización o 1 día tras visualización activa",0,ABSOLUTE_OCPM,2026-08-18T08:00:30-0400,-,-,-,"PieraCeresa_2026_Conversiones - Add Payment Info",,,0,,,,,0,,,0,,,00:00:00,,,,,,,0,0,
2026-08-02,2026-08-02,"Carrusel Catalogo 2 - Video - AGO",active,,,,15000,Diario,0,0,0,"En curso","7 días tras clic, 1 día tras visualización o 1 día tras visualización activa",0,ABSOLUTE_OCPM,2026-08-18T08:00:30-0400,-,-,-,"PieraCeresa_2026_Conversiones - Add Payment Info",,,0,,,,,0,,,0,,,00:00:00,,,,,,,0,0,
2026-08-02,2026-08-02,"Carrusel Catalogo",active,,,,15000,Diario,0,0,0,"En curso","7 días tras clic, 1 día tras visualización o 1 día tras visualización activa",0,ABSOLUTE_OCPM,2026-08-18T08:00:30-0400,-,-,-,"PieraCeresa_2026_Conversiones - Add Payment Info",,,0,,,,,0,,,0,,,00:00:00,,,,,,,0,0,
2026-08-02,2026-08-02,"Carrusel Catalogo 2 - Video",active,,,,15000,Diario,0,0,0,"En curso","7 días tras clic, 1 día tras visualización o 1 día tras visualización activa",0,ABSOLUTE_OCPM,2026-08-18T08:00:30-0400,-,-,-,"PieraCeresa_2026_Conversiones - Add Payment Info",,,0,,,,,0,,,0,,,00:00:00,,,,,,,0,0,
2026-08-02,2026-08-02,"Carrusel Catalogo - Video Nuevo 1",active,,,,15000,Diario,0,0,0,"En curso","7 días tras clic, 1 día tras visualización o 1 día tras visualización activa",0,ABSOLUTE_OCPM,2026-08-18T08:00:30-0400,-,-,-,"PieraCeresa_2026_Conversiones - Add Payment Info",,,0,,,,,0,,,0,,,00:00:00,,,,,,,0,0,
2026-08-02,2026-08-02,"Carrusel Catalogo - Video Nuevo 6",inactive,,,,15000,Diario,0,0,0,"En curso","7 días tras clic, 1 día tras visualización o 1 día tras visualización activa",0,ABSOLUTE_OCPM,2026-08-03T21:53:15-0400,-,-,-,PieraCeresa_2026_Conversiones,,,0,,,,,0,,,0,,,00:00:00,,,,,,,0,0,
2026-08-02,2026-08-02,"Carrusel Catalogo - Video Nuevo 5",inactive,,,,15000,Diario,0,0,0,"En curso","7 días tras clic, 1 día tras visualización o 1 día tras visualización activa",0,ABSOLUTE_OCPM,2026-08-03T21:53:15-0400,-,-,-,PieraCeresa_2026_Conversiones,,,0,,,,,0,,,0,,,00:00:00,,,,,,,0,0,
2026-08-02,2026-08-02,"Carrusel Catalogo - Video Nuevo 4",inactive,,,,15000,Diario,0,0,0,"En curso","7 días tras clic, 1 día tras visualización o 1 día tras visualización activa",0,ABSOLUTE_OCPM,2026-08-03T21:53:15-0400,-,-,-,PieraCeresa_2026_Conversiones,,,0,,,,,0,,,0,,,00:00:00,,,,,,,0,0,
2026-08-02,2026-08-02,"Carrusel Catalogo - Video Nuevo 3",inactive,,,,15000,Diario,0,0,0,"En curso","7 días tras clic, 1 día tras visualización o 1 día tras visualización activa",0,ABSOLUTE_OCPM,2026-08-03T21:53:15-0400,-,-,-,PieraCeresa_2026_Conversiones,,,0,,,,,0,,,0,,,00:00:00,,,,,,,0,0,
2026-08-02,2026-08-02,"Carrusel Catalogo - Video Nuevo 2",inactive,,,,15000,Diario,0,0,0,"En curso","7 días tras clic, 1 día tras visualización o 1 día tras visualización activa",0,ABSOLUTE_OCPM,2026-08-03T21:53:15-0400,-,-,-,PieraCeresa_2026_Conversiones,,,0,,,,,0,,,0,,,00:00:00,,,,,,,0,0,
2026-08-02,2026-08-02,"Carrusel Catalogo - Video Nuevo 1",not_delivering,,,,15000,Diario,0,0,0,"En curso","7 días tras clic, 1 día tras visualización o 1 día tras visualización activa",0,ABSOLUTE_OCPM,2026-08-03T21:53:15-0400,-,-,-,PieraCeresa_2026_Conversiones,,,0,,,,,0,,,0,,,00:00:00,,,,,,,0,0,
2026-08-02,2026-08-02,"Carrusel Catalogo 3 - Video - Copia 2",inactive,,,,15000,Diario,0,0,0,"En curso","7 días tras clic, 1 día tras visualización o 1 día tras visualización activa",0,ABSOLUTE_OCPM,2026-08-03T21:53:15-0400,-,-,-,PieraCeresa_2026_Conversiones,,,0,,,,,0,,,0,,,00:00:00,,,,,,,0,0,
2026-08-02,2026-08-02,"Carrusel Catalogo 3 - Video - Copia",inactive,,,,15000,Diario,0,0,0,"En curso","7 días tras clic, 1 día tras visualización o 1 día tras visualización activa",0,ABSOLUTE_OCPM,2026-08-03T21:53:15-0400,-,-,-,PieraCeresa_2026_Conversiones,,,0,,,,,0,,,0,,,00:00:00,,,,,,,0,0,
2026-08-02,2026-08-02,"Carrusel Catalogo 3 - Video",inactive,,,,15000,Diario,58,9,8,"En curso","7 días tras clic, 1 día tras visualización o 1 día tras visualización activa",0,ABSOLUTE_OCPM,2026-08-03T21:53:15-0400,-,-,-,PieraCeresa_2026_Conversiones,,,0,1,,,,6444.444444,,,1.125,,,00:00:00,,,,,,,12.5,11.111111,
2026-08-02,2026-08-02,"Carrusel Catalogo 2 - Video",not_delivering,,,,15000,Diario,856,180,156,"En curso","7 días tras clic, 1 día tras visualización o 1 día tras visualización activa",0,ABSOLUTE_OCPM,2026-08-03T21:53:15-0400,-,-,-,PieraCeresa_2026_Conversiones,,,4.487179,6,1,1,,4755.555556,,,1.153846,8,22,3,21,9,5,1,1,4.444444,5.128205,5.555556,107
2026-08-02,2026-08-02,"Carrusel Catalogo",not_delivering,1,actions:offsite_conversion.fb_pixel_purchase,15989,15000,Diario,15989,2808,2120,"En curso","7 días tras clic, 1 día tras visualización o 1 día tras visualización activa",0,ABSOLUTE_OCPM,2026-08-03T21:53:15-0400,Promedio,-,-,PieraCeresa_2026_Conversiones,3.87704047,action_values:offsite_conversion.fb_pixel_purchase,3.584906,88,1,1,1,5694.088319,61990,61990,1.324528,98,6,12,2,2,2,2,2,3.490028,4.575472,4.91453,163.153061
2026-08-01,2026-08-01,"Carrusel Catalogo 2 - Video",not_delivering,,,,15000,Diario,0,0,0,"En curso","7 días tras clic, 1 día tras visualización o 1 día tras visualización activa",0,ABSOLUTE_OCPM,2026-08-22T06:54:06-0400,-,-,-,"PieraCeresa_2026_Conversiones -Purchase",,,0,,,,,0,,,0,,,00:00:00,,,,,,,0,0,
2026-08-01,2026-08-01,"Carrusel Catalogo",not_delivering,,,,15000,Diario,0,0,0,"En curso","7 días tras clic, 1 día tras visualización o 1 día tras visualización activa",0,ABSOLUTE_OCPM,2026-08-22T06:54:06-0400,-,-,-,"PieraCeresa_2026_Conversiones -Purchase",,,0,,,,,0,,,0,,,00:00:00,,,,,,,0,0,
2026-08-01,2026-08-01,"Carrusel Catalogo - Video Nuevo 1",not_delivering,,,,15000,Diario,0,0,0,"En curso","7 días tras clic, 1 día tras visualización o 1 día tras visualización activa",0,ABSOLUTE_OCPM,2026-08-22T06:54:06-0400,-,-,-,"PieraCeresa_2026_Conversiones -Purchase",,,0,,,,,0,,,0,,,00:00:00,,,,,,,0,0,
2026-08-01,2026-08-01,"Carrusel Catalogo 2 - Video - AGO",not_delivering,,,,15000,Diario,0,0,0,"En curso","7 días tras clic, 1 día tras visualización o 1 día tras visualización activa",0,ABSOLUTE_OCPM,2026-08-22T06:54:06-0400,-,-,-,"PieraCeresa_2026_Conversiones -Purchase",,,0,,,,,0,,,0,,,00:00:00,,,,,,,0,0,
2026-08-01,2026-08-01,"Carrusel Catalogo 1 - Video - AGO",not_delivering,,,,15000,Diario,0,0,0,"En curso","7 días tras clic, 1 día tras visualización o 1 día tras visualización activa",0,ABSOLUTE_OCPM,2026-08-22T06:54:06-0400,-,-,-,"PieraCeresa_2026_Conversiones -Purchase",,,0,,,,,0,,,0,,,00:00:00,,,,,,,0,0,
2026-08-01,2026-08-01,"Carrusel Catalogo 1 - Video - AGO",active,,,,15000,Diario,0,0,0,"En curso","7 días tras clic, 1 día tras visualización o 1 día tras visualización activa",0,ABSOLUTE_OCPM,2026-08-18T08:00:30-0400,-,-,-,"PieraCeresa_2026_Conversiones - Add Payment Info",,,0,,,,,0,,,0,,,00:00:00,,,,,,,0,0,
2026-08-01,2026-08-01,"Carrusel Catalogo 2 - Video - AGO",active,,,,15000,Diario,0,0,0,"En curso","7 días tras clic, 1 día tras visualización o 1 día tras visualización activa",0,ABSOLUTE_OCPM,2026-08-18T08:00:30-0400,-,-,-,"PieraCeresa_2026_Conversiones - Add Payment Info",,,0,,,,,0,,,0,,,00:00:00,,,,,,,0,0,
2026-08-01,2026-08-01,"Carrusel Catalogo",active,,,,15000,Diario,0,0,0,"En curso","7 días tras clic, 1 día tras visualización o 1 día tras visualización activa",0,ABSOLUTE_OCPM,2026-08-18T08:00:30-0400,-,-,-,"PieraCeresa_2026_Conversiones - Add Payment Info",,,0,,,,,0,,,0,,,00:00:00,,,,,,,0,0,
2026-08-01,2026-08-01,"Carrusel Catalogo 2 - Video",active,,,,15000,Diario,0,0,0,"En curso","7 días tras clic, 1 día tras visualización o 1 día tras visualización activa",0,ABSOLUTE_OCPM,2026-08-18T08:00:30-0400,-,-,-,"PieraCeresa_2026_Conversiones - Add Payment Info",,,0,,,,,0,,,0,,,00:00:00,,,,,,,0,0,
2026-08-01,2026-08-01,"Carrusel Catalogo - Video Nuevo 1",active,,,,15000,Diario,0,0,0,"En curso","7 días tras clic, 1 día tras visualización o 1 día tras visualización activa",0,ABSOLUTE_OCPM,2026-08-18T08:00:30-0400,-,-,-,"PieraCeresa_2026_Conversiones - Add Payment Info",,,0,,,,,0,,,0,,,00:00:00,,,,,,,0,0,
2026-08-01,2026-08-01,"Carrusel Catalogo - Video Nuevo 6",inactive,,,,15000,Diario,0,0,0,"En curso","7 días tras clic, 1 día tras visualización o 1 día tras visualización activa",0,ABSOLUTE_OCPM,2026-08-03T21:53:15-0400,-,-,-,PieraCeresa_2026_Conversiones,,,0,,,,,0,,,0,,,00:00:00,,,,,,,0,0,
2026-08-01,2026-08-01,"Carrusel Catalogo - Video Nuevo 5",inactive,,,,15000,Diario,0,0,0,"En curso","7 días tras clic, 1 día tras visualización o 1 día tras visualización activa",0,ABSOLUTE_OCPM,2026-08-03T21:53:15-0400,-,-,-,PieraCeresa_2026_Conversiones,,,0,,,,,0,,,0,,,00:00:00,,,,,,,0,0,
2026-08-01,2026-08-01,"Carrusel Catalogo - Video Nuevo 4",inactive,,,,15000,Diario,0,0,0,"En curso","7 días tras clic, 1 día tras visualización o 1 día tras visualización activa",0,ABSOLUTE_OCPM,2026-08-03T21:53:15-0400,-,-,-,PieraCeresa_2026_Conversiones,,,0,,,,,0,,,0,,,00:00:00,,,,,,,0,0,
2026-08-01,2026-08-01,"Carrusel Catalogo - Video Nuevo 3",inactive,,,,15000,Diario,0,0,0,"En curso","7 días tras clic, 1 día tras visualización o 1 día tras visualización activa",0,ABSOLUTE_OCPM,2026-08-03T21:53:15-0400,-,-,-,PieraCeresa_2026_Conversiones,,,0,,,,,0,,,0,,,00:00:00,,,,,,,0,0,
2026-08-01,2026-08-01,"Carrusel Catalogo - Video Nuevo 2",inactive,,,,15000,Diario,0,0,0,"En curso","7 días tras clic, 1 día tras visualización o 1 día tras visualización activa",0,ABSOLUTE_OCPM,2026-08-03T21:53:15-0400,-,-,-,PieraCeresa_2026_Conversiones,,,0,,,,,0,,,0,,,00:00:00,,,,,,,0,0,
2026-08-01,2026-08-01,"Carrusel Catalogo - Video Nuevo 1",not_delivering,,,,15000,Diario,0,0,0,"En curso","7 días tras clic, 1 día tras visualización o 1 día tras visualización activa",0,ABSOLUTE_OCPM,2026-08-03T21:53:15-0400,-,-,-,PieraCeresa_2026_Conversiones,,,0,,,,,0,,,0,,,00:00:00,,,,,,,0,0,
2026-08-01,2026-08-01,"Carrusel Catalogo 3 - Video - Copia 2",inactive,,,,15000,Diario,0,0,0,"En curso","7 días tras clic, 1 día tras visualización o 1 día tras visualización activa",0,ABSOLUTE_OCPM,2026-08-03T21:53:15-0400,-,-,-,PieraCeresa_2026_Conversiones,,,0,,,,,0,,,0,,,00:00:00,,,,,,,0,0,
2026-08-01,2026-08-01,"Carrusel Catalogo 3 - Video - Copia",inactive,,,,15000,Diario,0,0,0,"En curso","7 días tras clic, 1 día tras visualización o 1 día tras visualización activa",0,ABSOLUTE_OCPM,2026-08-03T21:53:15-0400,-,-,-,PieraCeresa_2026_Conversiones,,,0,,,,,0,,,0,,,00:00:00,,,,,,,0,0,
2026-08-01,2026-08-01,"Carrusel Catalogo 3 - Video",inactive,,,,15000,Diario,407,69,60,"En curso","7 días tras clic, 1 día tras visualización o 1 día tras visualización activa",0,ABSOLUTE_OCPM,2026-08-03T21:53:15-0400,-,-,-,PieraCeresa_2026_Conversiones,,,8.333333,4,,,,5898.550725,,,1.15,5,3,4,4,3,3,2,2,7.246377,10,10.144928,81.4
2026-08-01,2026-08-01,"Carrusel Catalogo 2 - Video",not_delivering,,,,15000,Diario,139,45,43,"En curso","7 días tras clic, 1 día tras visualización o 1 día tras visualización activa",0,ABSOLUTE_OCPM,2026-08-03T21:53:15-0400,-,-,-,PieraCeresa_2026_Conversiones,,,4.651163,2,,,,3088.888889,,,1.046512,2,5,2,4,,,,,4.444444,4.651163,4.444444,69.5
2026-08-01,2026-08-01,"Carrusel Catalogo",not_delivering,,,,15000,Diario,11558,1998,1462,"En curso","7 días tras clic, 1 día tras visualización o 1 día tras visualización activa",0,ABSOLUTE_OCPM,2026-08-03T21:53:15-0400,Promedio,-,-,PieraCeresa_2026_Conversiones,,,4.514364,73,1,,,5784.784785,,,1.366621,84,7,6,4,1,1,,3,4.204204,5.745554,5.805806,137.595238
2026-07-31,2026-07-31,"Carrusel Catalogo 2 - Video",not_delivering,,,,15000,Diario,0,0,0,"En curso","7 días tras clic, 1 día tras visualización o 1 día tras visualización activa",0,ABSOLUTE_OCPM,2026-08-22T06:54:06-0400,-,-,-,"PieraCeresa_2026_Conversiones -Purchase",,,0,,,,,0,,,0,,,00:00:00,,,,,,,0,0,
2026-07-31,2026-07-31,"Carrusel Catalogo",not_delivering,,,,15000,Diario,0,0,0,"En curso","7 días tras clic, 1 día tras visualización o 1 día tras visualización activa",0,ABSOLUTE_OCPM,2026-08-22T06:54:06-0400,-,-,-,"PieraCeresa_2026_Conversiones -Purchase",,,0,,,,,0,,,0,,,00:00:00,,,,,,,0,0,
2026-07-31,2026-07-31,"Carrusel Catalogo - Video Nuevo 1",not_delivering,,,,15000,Diario,0,0,0,"En curso","7 días tras clic, 1 día tras visualización o 1 día tras visualización activa",0,ABSOLUTE_OCPM,2026-08-22T06:54:06-0400,-,-,-,"PieraCeresa_2026_Conversiones -Purchase",,,0,,,,,0,,,0,,,00:00:00,,,,,,,0,0,
2026-07-31,2026-07-31,"Carrusel Catalogo 2 - Video - AGO",not_delivering,,,,15000,Diario,0,0,0,"En curso","7 días tras clic, 1 día tras visualización o 1 día tras visualización activa",0,ABSOLUTE_OCPM,2026-08-22T06:54:06-0400,-,-,-,"PieraCeresa_2026_Conversiones -Purchase",,,0,,,,,0,,,0,,,00:00:00,,,,,,,0,0,
2026-07-31,2026-07-31,"Carrusel Catalogo 1 - Video - AGO",not_delivering,,,,15000,Diario,0,0,0,"En curso","7 días tras clic, 1 día tras visualización o 1 día tras visualización activa",0,ABSOLUTE_OCPM,2026-08-22T06:54:06-0400,-,-,-,"PieraCeresa_2026_Conversiones -Purchase",,,0,,,,,0,,,0,,,00:00:00,,,,,,,0,0,
2026-07-31,2026-07-31,"Carrusel Catalogo 1 - Video - AGO",active,,,,15000,Diario,0,0,0,"En curso","7 días tras clic, 1 día tras visualización o 1 día tras visualización activa",0,ABSOLUTE_OCPM,2026-08-18T08:00:30-0400,-,-,-,"PieraCeresa_2026_Conversiones - Add Payment Info",,,0,,,,,0,,,0,,,00:00:00,,,,,,,0,0,
2026-07-31,2026-07-31,"Carrusel Catalogo 2 - Video - AGO",active,,,,15000,Diario,0,0,0,"En curso","7 días tras clic, 1 día tras visualización o 1 día tras visualización activa",0,ABSOLUTE_OCPM,2026-08-18T08:00:30-0400,-,-,-,"PieraCeresa_2026_Conversiones - Add Payment Info",,,0,,,,,0,,,0,,,00:00:00,,,,,,,0,0,
2026-07-31,2026-07-31,"Carrusel Catalogo",active,,,,15000,Diario,0,0,0,"En curso","7 días tras clic, 1 día tras visualización o 1 día tras visualización activa",0,ABSOLUTE_OCPM,2026-08-18T08:00:30-0400,-,-,-,"PieraCeresa_2026_Conversiones - Add Payment Info",,,0,,,,,0,,,0,,,00:00:00,,,,,,,0,0,
2026-07-31,2026-07-31,"Carrusel Catalogo 2 - Video",active,,,,15000,Diario,0,0,0,"En curso","7 días tras clic, 1 día tras visualización o 1 día tras visualización activa",0,ABSOLUTE_OCPM,2026-08-18T08:00:30-0400,-,-,-,"PieraCeresa_2026_Conversiones - Add Payment Info",,,0,,,,,0,,,0,,,00:00:00,,,,,,,0,0,
2026-07-31,2026-07-31,"Carrusel Catalogo - Video Nuevo 1",active,,,,15000,Diario,0,0,0,"En curso","7 días tras clic, 1 día tras visualización o 1 día tras visualización activa",0,ABSOLUTE_OCPM,2026-08-18T08:00:30-0400,-,-,-,"PieraCeresa_2026_Conversiones - Add Payment Info",,,0,,,,,0,,,0,,,00:00:00,,,,,,,0,0,
2026-07-31,2026-07-31,"Carrusel Catalogo - Video Nuevo 6",inactive,,,,15000,Diario,0,0,0,"En curso","7 días tras clic, 1 día tras visualización o 1 día tras visualización activa",0,ABSOLUTE_OCPM,2026-08-03T21:53:15-0400,-,-,-,PieraCeresa_2026_Conversiones,,,0,,,,,0,,,0,,,00:00:00,,,,,,,0,0,
2026-07-31,2026-07-31,"Carrusel Catalogo - Video Nuevo 5",inactive,,,,15000,Diario,0,0,0,"En curso","7 días tras clic, 1 día tras visualización o 1 día tras visualización activa",0,ABSOLUTE_OCPM,2026-08-03T21:53:15-0400,-,-,-,PieraCeresa_2026_Conversiones,,,0,,,,,0,,,0,,,00:00:00,,,,,,,0,0,
2026-07-31,2026-07-31,"Carrusel Catalogo - Video Nuevo 4",inactive,,,,15000,Diario,0,0,0,"En curso","7 días tras clic, 1 día tras visualización o 1 día tras visualización activa",0,ABSOLUTE_OCPM,2026-08-03T21:53:15-0400,-,-,-,PieraCeresa_2026_Conversiones,,,0,,,,,0,,,0,,,00:00:00,,,,,,,0,0,
2026-07-31,2026-07-31,"Carrusel Catalogo - Video Nuevo 3",inactive,,,,15000,Diario,0,0,0,"En curso","7 días tras clic, 1 día tras visualización o 1 día tras visualización activa",0,ABSOLUTE_OCPM,2026-08-03T21:53:15-0400,-,-,-,PieraCeresa_2026_Conversiones,,,0,,,,,0,,,0,,,00:00:00,,,,,,,0,0,
2026-07-31,2026-07-31,"Carrusel Catalogo - Video Nuevo 2",inactive,,,,15000,Diario,0,0,0,"En curso","7 días tras clic, 1 día tras visualización o 1 día tras visualización activa",0,ABSOLUTE_OCPM,2026-08-03T21:53:15-0400,-,-,-,PieraCeresa_2026_Conversiones,,,0,,,,,0,,,0,,,00:00:00,,,,,,,0,0,
2026-07-31,2026-07-31,"Carrusel Catalogo - Video Nuevo 1",not_delivering,,,,15000,Diario,0,0,0,"En curso","7 días tras clic, 1 día tras visualización o 1 día tras visualización activa",0,ABSOLUTE_OCPM,2026-08-03T21:53:15-0400,-,-,-,PieraCeresa_2026_Conversiones,,,0,,,,,0,,,0,,,00:00:00,,,,,,,0,0,
2026-07-31,2026-07-31,"Carrusel Catalogo 3 - Video - Copia 2",inactive,,,,15000,Diario,0,0,0,"En curso","7 días tras clic, 1 día tras visualización o 1 día tras visualización activa",0,ABSOLUTE_OCPM,2026-08-03T21:53:15-0400,-,-,-,PieraCeresa_2026_Conversiones,,,0,,,,,0,,,0,,,00:00:00,,,,,,,0,0,
2026-07-31,2026-07-31,"Carrusel Catalogo 3 - Video - Copia",inactive,,,,15000,Diario,0,0,0,"En curso","7 días tras clic, 1 día tras visualización o 1 día tras visualización activa",0,ABSOLUTE_OCPM,2026-08-03T21:53:15-0400,-,-,-,PieraCeresa_2026_Conversiones,,,0,,,,,0,,,0,,,00:00:00,,,,,,,0,0,
2026-07-31,2026-07-31,"Carrusel Catalogo 3 - Video",inactive,,,,15000,Diario,447,82,80,"En curso","7 días tras clic, 1 día tras visualización o 1 día tras visualización activa",0,ABSOLUTE_OCPM,2026-08-03T21:53:15-0400,-,-,-,PieraCeresa_2026_Conversiones,,,1.25,1,,,,5451.219512,,,1.025,1,2,3,4,2,2,2,2,1.219512,1.25,1.219512,447
2026-07-31,2026-07-31,"Carrusel Catalogo 2 - Video",not_delivering,,,,15000,Diario,3337,337,292,"En curso","7 días tras clic, 1 día tras visualización o 1 día tras visualización activa",0,ABSOLUTE_OCPM,2026-08-03T21:53:15-0400,-,-,-,PieraCeresa_2026_Conversiones,,,3.082192,8,,,,9902.077151,,,1.15411,11,60,3,57,27,13,9,9,3.264095,4.452055,5.04451,303.363636
2026-07-31,2026-07-31,"Carrusel Catalogo",not_delivering,,,,15000,Diario,20595,3554,2451,"En curso","7 días tras clic, 1 día tras visualización o 1 día tras visualización activa",0,ABSOLUTE_OCPM,2026-08-03T21:53:15-0400,Promedio,-,-,PieraCeresa_2026_Conversiones,,,4.120767,127,5,1,,5794.87901,,,1.45002,140,8,4,3,1,1,,2,3.939223,5.05916,5.514913,147.107143
2026-07-30,2026-07-30,"Carrusel Catalogo 2 - Video",not_delivering,,,,15000,Diario,0,0,0,"En curso","7 días tras clic, 1 día tras visualización o 1 día tras visualización activa",0,ABSOLUTE_OCPM,2026-08-22T06:54:06-0400,-,-,-,"PieraCeresa_2026_Conversiones -Purchase",,,0,,,,,0,,,0,,,00:00:00,,,,,,,0,0,
2026-07-30,2026-07-30,"Carrusel Catalogo",not_delivering,,,,15000,Diario,0,0,0,"En curso","7 días tras clic, 1 día tras visualización o 1 día tras visualización activa",0,ABSOLUTE_OCPM,2026-08-22T06:54:06-0400,-,-,-,"PieraCeresa_2026_Conversiones -Purchase",,,0,,,,,0,,,0,,,00:00:00,,,,,,,0,0,
2026-07-30,2026-07-30,"Carrusel Catalogo - Video Nuevo 1",not_delivering,,,,15000,Diario,0,0,0,"En curso","7 días tras clic, 1 día tras visualización o 1 día tras visualización activa",0,ABSOLUTE_OCPM,2026-08-22T06:54:06-0400,-,-,-,"PieraCeresa_2026_Conversiones -Purchase",,,0,,,,,0,,,0,,,00:00:00,,,,,,,0,0,
2026-07-30,2026-07-30,"Carrusel Catalogo 2 - Video - AGO",not_delivering,,,,15000,Diario,0,0,0,"En curso","7 días tras clic, 1 día tras visualización o 1 día tras visualización activa",0,ABSOLUTE_OCPM,2026-08-22T06:54:06-0400,-,-,-,"PieraCeresa_2026_Conversiones -Purchase",,,0,,,,,0,,,0,,,00:00:00,,,,,,,0,0,
2026-07-30,2026-07-30,"Carrusel Catalogo 1 - Video - AGO",not_delivering,,,,15000,Diario,0,0,0,"En curso","7 días tras clic, 1 día tras visualización o 1 día tras visualización activa",0,ABSOLUTE_OCPM,2026-08-22T06:54:06-0400,-,-,-,"PieraCeresa_2026_Conversiones -Purchase",,,0,,,,,0,,,0,,,00:00:00,,,,,,,0,0,
2026-07-30,2026-07-30,"Carrusel Catalogo 1 - Video - AGO",active,,,,15000,Diario,0,0,0,"En curso","7 días tras clic, 1 día tras visualización o 1 día tras visualización activa",0,ABSOLUTE_OCPM,2026-08-18T08:00:30-0400,-,-,-,"PieraCeresa_2026_Conversiones - Add Payment Info",,,0,,,,,0,,,0,,,00:00:00,,,,,,,0,0,
2026-07-30,2026-07-30,"Carrusel Catalogo 2 - Video - AGO",active,,,,15000,Diario,0,0,0,"En curso","7 días tras clic, 1 día tras visualización o 1 día tras visualización activa",0,ABSOLUTE_OCPM,2026-08-18T08:00:30-0400,-,-,-,"PieraCeresa_2026_Conversiones - Add Payment Info",,,0,,,,,0,,,0,,,00:00:00,,,,,,,0,0,
2026-07-30,2026-07-30,"Carrusel Catalogo",active,,,,15000,Diario,0,0,0,"En curso","7 días tras clic, 1 día tras visualización o 1 día tras visualización activa",0,ABSOLUTE_OCPM,2026-08-18T08:00:30-0400,-,-,-,"PieraCeresa_2026_Conversiones - Add Payment Info",,,0,,,,,0,,,0,,,00:00:00,,,,,,,0,0,
2026-07-30,2026-07-30,"Carrusel Catalogo 2 - Video",active,,,,15000,Diario,0,0,0,"En curso","7 días tras clic, 1 día tras visualización o 1 día tras visualización activa",0,ABSOLUTE_OCPM,2026-08-18T08:00:30-0400,-,-,-,"PieraCeresa_2026_Conversiones - Add Payment Info",,,0,,,,,0,,,0,,,00:00:00,,,,,,,0,0,
2026-07-30,2026-07-30,"Carrusel Catalogo - Video Nuevo 1",active,,,,15000,Diario,0,0,0,"En curso","7 días tras clic, 1 día tras visualización o 1 día tras visualización activa",0,ABSOLUTE_OCPM,2026-08-18T08:00:30-0400,-,-,-,"PieraCeresa_2026_Conversiones - Add Payment Info",,,0,,,,,0,,,0,,,00:00:00,,,,,,,0,0,
2026-07-30,2026-07-30,"Carrusel Catalogo - Video Nuevo 6",inactive,,,,15000,Diario,0,0,0,"En curso","7 días tras clic, 1 día tras visualización o 1 día tras visualización activa",0,ABSOLUTE_OCPM,2026-08-03T21:53:15-0400,-,-,-,PieraCeresa_2026_Conversiones,,,0,,,,,0,,,0,,,00:00:00,,,,,,,0,0,
2026-07-30,2026-07-30,"Carrusel Catalogo - Video Nuevo 5",inactive,,,,15000,Diario,0,0,0,"En curso","7 días tras clic, 1 día tras visualización o 1 día tras visualización activa",0,ABSOLUTE_OCPM,2026-08-03T21:53:15-0400,-,-,-,PieraCeresa_2026_Conversiones,,,0,,,,,0,,,0,,,00:00:00,,,,,,,0,0,
2026-07-30,2026-07-30,"Carrusel Catalogo - Video Nuevo 4",inactive,,,,15000,Diario,0,0,0,"En curso","7 días tras clic, 1 día tras visualización o 1 día tras visualización activa",0,ABSOLUTE_OCPM,2026-08-03T21:53:15-0400,-,-,-,PieraCeresa_2026_Conversiones,,,0,,,,,0,,,0,,,00:00:00,,,,,,,0,0,
2026-07-30,2026-07-30,"Carrusel Catalogo - Video Nuevo 3",inactive,,,,15000,Diario,0,0,0,"En curso","7 días tras clic, 1 día tras visualización o 1 día tras visualización activa",0,ABSOLUTE_OCPM,2026-08-03T21:53:15-0400,-,-,-,PieraCeresa_2026_Conversiones,,,0,,,,,0,,,0,,,00:00:00,,,,,,,0,0,
2026-07-30,2026-07-30,"Carrusel Catalogo - Video Nuevo 2",inactive,,,,15000,Diario,0,0,0,"En curso","7 días tras clic, 1 día tras visualización o 1 día tras visualización activa",0,ABSOLUTE_OCPM,2026-08-03T21:53:15-0400,-,-,-,PieraCeresa_2026_Conversiones,,,0,,,,,0,,,0,,,00:00:00,,,,,,,0,0,
2026-07-30,2026-07-30,"Carrusel Catalogo - Video Nuevo 1",not_delivering,,,,15000,Diario,0,0,0,"En curso","7 días tras clic, 1 día tras visualización o 1 día tras visualización activa",0,ABSOLUTE_OCPM,2026-08-03T21:53:15-0400,-,-,-,PieraCeresa_2026_Conversiones,,,0,,,,,0,,,0,,,00:00:00,,,,,,,0,0,
2026-07-30,2026-07-30,"Carrusel Catalogo 3 - Video - Copia 2",inactive,,,,15000,Diario,0,0,0,"En curso","7 días tras clic, 1 día tras visualización o 1 día tras visualización activa",0,ABSOLUTE_OCPM,2026-08-03T21:53:15-0400,-,-,-,PieraCeresa_2026_Conversiones,,,0,,,,,0,,,0,,,00:00:00,,,,,,,0,0,
2026-07-30,2026-07-30,"Carrusel Catalogo 3 - Video - Copia",inactive,,,,15000,Diario,0,0,0,"En curso","7 días tras clic, 1 día tras visualización o 1 día tras visualización activa",0,ABSOLUTE_OCPM,2026-08-03T21:53:15-0400,-,-,-,PieraCeresa_2026_Conversiones,,,0,,,,,0,,,0,,,00:00:00,,,,,,,0,0,
2026-07-30,2026-07-30,"Carrusel Catalogo 3 - Video",inactive,,,,15000,Diario,2119,227,189,"En curso","7 días tras clic, 1 día tras visualización o 1 día tras visualización activa",0,ABSOLUTE_OCPM,2026-08-03T21:53:15-0400,-,-,-,PieraCeresa_2026_Conversiones,,,3.703704,5,,,,9334.801762,,,1.201058,8,6,3,13,6,5,4,4,3.524229,4.232804,4.405286,264.875
2026-07-30,2026-07-30,"Carrusel Catalogo 2 - Video",not_delivering,,,,15000,Diario,3495,234,187,"En curso","7 días tras clic, 1 día tras visualización o 1 día tras visualización activa",0,ABSOLUTE_OCPM,2026-08-03T21:53:15-0400,-,-,-,PieraCeresa_2026_Conversiones,,,2.139037,2,,,,14935.897436,,,1.251337,4,34,3,34,16,9,9,9,1.709402,4.278075,4.700855,873.75
2026-07-30,2026-07-30,"Carrusel Catalogo",not_delivering,,,,15000,Diario,9066,1393,985,"En curso","7 días tras clic, 1 día tras visualización o 1 día tras visualización activa",0,ABSOLUTE_OCPM,2026-08-03T21:53:15-0400,Promedio,-,-,PieraCeresa_2026_Conversiones,,,2.84264,35,2,1,,6508.255564,,,1.414213,44,3,4,2,1,,,1,3.15865,3.248731,3.948313,206.045455
2026-07-29,2026-07-29,"Carrusel Catalogo 2 - Video",not_delivering,,,,15000,Diario,0,0,0,"En curso","7 días tras clic, 1 día tras visualización o 1 día tras visualización activa",0,ABSOLUTE_OCPM,2026-08-22T06:54:06-0400,-,-,-,"PieraCeresa_2026_Conversiones -Purchase",,,0,,,,,0,,,0,,,00:00:00,,,,,,,0,0,
2026-07-29,2026-07-29,"Carrusel Catalogo",not_delivering,,,,15000,Diario,0,0,0,"En curso","7 días tras clic, 1 día tras visualización o 1 día tras visualización activa",0,ABSOLUTE_OCPM,2026-08-22T06:54:06-0400,-,-,-,"PieraCeresa_2026_Conversiones -Purchase",,,0,,,,,0,,,0,,,00:00:00,,,,,,,0,0,
2026-07-29,2026-07-29,"Carrusel Catalogo - Video Nuevo 1",not_delivering,,,,15000,Diario,0,0,0,"En curso","7 días tras clic, 1 día tras visualización o 1 día tras visualización activa",0,ABSOLUTE_OCPM,2026-08-22T06:54:06-0400,-,-,-,"PieraCeresa_2026_Conversiones -Purchase",,,0,,,,,0,,,0,,,00:00:00,,,,,,,0,0,
2026-07-29,2026-07-29,"Carrusel Catalogo 2 - Video - AGO",not_delivering,,,,15000,Diario,0,0,0,"En curso","7 días tras clic, 1 día tras visualización o 1 día tras visualización activa",0,ABSOLUTE_OCPM,2026-08-22T06:54:06-0400,-,-,-,"PieraCeresa_2026_Conversiones -Purchase",,,0,,,,,0,,,0,,,00:00:00,,,,,,,0,0,
2026-07-29,2026-07-29,"Carrusel Catalogo 1 - Video - AGO",not_delivering,,,,15000,Diario,0,0,0,"En curso","7 días tras clic, 1 día tras visualización o 1 día tras visualización activa",0,ABSOLUTE_OCPM,2026-08-22T06:54:06-0400,-,-,-,"PieraCeresa_2026_Conversiones -Purchase",,,0,,,,,0,,,0,,,00:00:00,,,,,,,0,0,
2026-07-29,2026-07-29,"Carrusel Catalogo 1 - Video - AGO",active,,,,15000,Diario,0,0,0,"En curso","7 días tras clic, 1 día tras visualización o 1 día tras visualización activa",0,ABSOLUTE_OCPM,2026-08-18T08:00:30-0400,-,-,-,"PieraCeresa_2026_Conversiones - Add Payment Info",,,0,,,,,0,,,0,,,00:00:00,,,,,,,0,0,
2026-07-29,2026-07-29,"Carrusel Catalogo 2 - Video - AGO",active,,,,15000,Diario,0,0,0,"En curso","7 días tras clic, 1 día tras visualización o 1 día tras visualización activa",0,ABSOLUTE_OCPM,2026-08-18T08:00:30-0400,-,-,-,"PieraCeresa_2026_Conversiones - Add Payment Info",,,0,,,,,0,,,0,,,00:00:00,,,,,,,0,0,
2026-07-29,2026-07-29,"Carrusel Catalogo",active,,,,15000,Diario,0,0,0,"En curso","7 días tras clic, 1 día tras visualización o 1 día tras visualización activa",0,ABSOLUTE_OCPM,2026-08-18T08:00:30-0400,-,-,-,"PieraCeresa_2026_Conversiones - Add Payment Info",,,0,,,,,0,,,0,,,00:00:00,,,,,,,0,0,
2026-07-29,2026-07-29,"Carrusel Catalogo 2 - Video",active,,,,15000,Diario,0,0,0,"En curso","7 días tras clic, 1 día tras visualización o 1 día tras visualización activa",0,ABSOLUTE_OCPM,2026-08-18T08:00:30-0400,-,-,-,"PieraCeresa_2026_Conversiones - Add Payment Info",,,0,,,,,0,,,0,,,00:00:00,,,,,,,0,0,
2026-07-29,2026-07-29,"Carrusel Catalogo - Video Nuevo 1",active,,,,15000,Diario,0,0,0,"En curso","7 días tras clic, 1 día tras visualización o 1 día tras visualización activa",0,ABSOLUTE_OCPM,2026-08-18T08:00:30-0400,-,-,-,"PieraCeresa_2026_Conversiones - Add Payment Info",,,0,,,,,0,,,0,,,00:00:00,,,,,,,0,0,
2026-07-29,2026-07-29,"Carrusel Catalogo - Video Nuevo 6",inactive,,,,15000,Diario,0,0,0,"En curso","7 días tras clic, 1 día tras visualización o 1 día tras visualización activa",0,ABSOLUTE_OCPM,2026-08-03T21:53:15-0400,-,-,-,PieraCeresa_2026_Conversiones,,,0,,,,,0,,,0,,,00:00:00,,,,,,,0,0,
2026-07-29,2026-07-29,"Carrusel Catalogo - Video Nuevo 5",inactive,,,,15000,Diario,0,0,0,"En curso","7 días tras clic, 1 día tras visualización o 1 día tras visualización activa",0,ABSOLUTE_OCPM,2026-08-03T21:53:15-0400,-,-,-,PieraCeresa_2026_Conversiones,,,0,,,,,0,,,0,,,00:00:00,,,,,,,0,0,
2026-07-29,2026-07-29,"Carrusel Catalogo - Video Nuevo 4",inactive,,,,15000,Diario,0,0,0,"En curso","7 días tras clic, 1 día tras visualización o 1 día tras visualización activa",0,ABSOLUTE_OCPM,2026-08-03T21:53:15-0400,-,-,-,PieraCeresa_2026_Conversiones,,,0,,,,,0,,,0,,,00:00:00,,,,,,,0,0,
2026-07-29,2026-07-29,"Carrusel Catalogo - Video Nuevo 3",inactive,,,,15000,Diario,0,0,0,"En curso","7 días tras clic, 1 día tras visualización o 1 día tras visualización activa",0,ABSOLUTE_OCPM,2026-08-03T21:53:15-0400,-,-,-,PieraCeresa_2026_Conversiones,,,0,,,,,0,,,0,,,00:00:00,,,,,,,0,0,
2026-07-29,2026-07-29,"Carrusel Catalogo - Video Nuevo 2",inactive,,,,15000,Diario,0,0,0,"En curso","7 días tras clic, 1 día tras visualización o 1 día tras visualización activa",0,ABSOLUTE_OCPM,2026-08-03T21:53:15-0400,-,-,-,PieraCeresa_2026_Conversiones,,,0,,,,,0,,,0,,,00:00:00,,,,,,,0,0,
2026-07-29,2026-07-29,"Carrusel Catalogo - Video Nuevo 1",not_delivering,,,,15000,Diario,0,0,0,"En curso","7 días tras clic, 1 día tras visualización o 1 día tras visualización activa",0,ABSOLUTE_OCPM,2026-08-03T21:53:15-0400,-,-,-,PieraCeresa_2026_Conversiones,,,0,,,,,0,,,0,,,00:00:00,,,,,,,0,0,
2026-07-29,2026-07-29,"Carrusel Catalogo 3 - Video - Copia 2",inactive,,,,15000,Diario,0,0,0,"En curso","7 días tras clic, 1 día tras visualización o 1 día tras visualización activa",0,ABSOLUTE_OCPM,2026-08-03T21:53:15-0400,-,-,-,PieraCeresa_2026_Conversiones,,,0,,,,,0,,,0,,,00:00:00,,,,,,,0,0,
2026-07-29,2026-07-29,"Carrusel Catalogo 3 - Video - Copia",inactive,,,,15000,Diario,0,0,0,"En curso","7 días tras clic, 1 día tras visualización o 1 día tras visualización activa",0,ABSOLUTE_OCPM,2026-08-03T21:53:15-0400,-,-,-,PieraCeresa_2026_Conversiones,,,0,,,,,0,,,0,,,00:00:00,,,,,,,0,0,
2026-07-29,2026-07-29,"Carrusel Catalogo 3 - Video",inactive,,,,15000,Diario,2186,327,259,"En curso","7 días tras clic, 1 día tras visualización o 1 día tras visualización activa",0,ABSOLUTE_OCPM,2026-08-03T21:53:15-0400,-,-,-,PieraCeresa_2026_Conversiones,,,3.474903,8,,,,6685.015291,,,1.262548,9,23,4,44,23,15,14,14,2.752294,4.247104,3.363914,242.888889
2026-07-29,2026-07-29,"Carrusel Catalogo 2 - Video",not_delivering,,,,15000,Diario,3644,472,373,"En curso","7 días tras clic, 1 día tras visualización o 1 día tras visualización activa",0,ABSOLUTE_OCPM,2026-08-03T21:53:15-0400,-,-,-,PieraCeresa_2026_Conversiones,,,4.289544,15,,,,7720.338983,,,1.265416,18,82,3,75,35,19,13,13,3.813559,5.093834,6.567797,202.444444
2026-07-29,2026-07-29,"Carrusel Catalogo",not_delivering,,,,15000,Diario,14293,2390,1772,"En curso","7 días tras clic, 1 día tras visualización o 1 día tras visualización activa",0,ABSOLUTE_OCPM,2026-08-03T21:53:15-0400,Promedio,-,-,PieraCeresa_2026_Conversiones,,,3.668172,66,3,1,,5980.334728,,,1.348758,78,7,5,2,2,1,,2,3.263598,4.514673,5.146444,183.24359
2026-07-28,2026-07-28,"Carrusel Catalogo 2 - Video",not_delivering,,,,15000,Diario,0,0,0,"En curso","7 días tras clic, 1 día tras visualización o 1 día tras visualización activa",0,ABSOLUTE_OCPM,2026-08-22T06:54:06-0400,-,-,-,"PieraCeresa_2026_Conversiones -Purchase",,,0,,,,,0,,,0,,,00:00:00,,,,,,,0,0,
2026-07-28,2026-07-28,"Carrusel Catalogo",not_delivering,,,,15000,Diario,0,0,0,"En curso","7 días tras clic, 1 día tras visualización o 1 día tras visualización activa",0,ABSOLUTE_OCPM,2026-08-22T06:54:06-0400,-,-,-,"PieraCeresa_2026_Conversiones -Purchase",,,0,,,,,0,,,0,,,00:00:00,,,,,,,0,0,
2026-07-28,2026-07-28,"Carrusel Catalogo - Video Nuevo 1",not_delivering,,,,15000,Diario,0,0,0,"En curso","7 días tras clic, 1 día tras visualización o 1 día tras visualización activa",0,ABSOLUTE_OCPM,2026-08-22T06:54:06-0400,-,-,-,"PieraCeresa_2026_Conversiones -Purchase",,,0,,,,,0,,,0,,,00:00:00,,,,,,,0,0,
2026-07-28,2026-07-28,"Carrusel Catalogo 2 - Video - AGO",not_delivering,,,,15000,Diario,0,0,0,"En curso","7 días tras clic, 1 día tras visualización o 1 día tras visualización activa",0,ABSOLUTE_OCPM,2026-08-22T06:54:06-0400,-,-,-,"PieraCeresa_2026_Conversiones -Purchase",,,0,,,,,0,,,0,,,00:00:00,,,,,,,0,0,
2026-07-28,2026-07-28,"Carrusel Catalogo 1 - Video - AGO",not_delivering,,,,15000,Diario,0,0,0,"En curso","7 días tras clic, 1 día tras visualización o 1 día tras visualización activa",0,ABSOLUTE_OCPM,2026-08-22T06:54:06-0400,-,-,-,"PieraCeresa_2026_Conversiones -Purchase",,,0,,,,,0,,,0,,,00:00:00,,,,,,,0,0,
2026-07-28,2026-07-28,"Carrusel Catalogo 1 - Video - AGO",active,,,,15000,Diario,0,0,0,"En curso","7 días tras clic, 1 día tras visualización o 1 día tras visualización activa",0,ABSOLUTE_OCPM,2026-08-18T08:00:30-0400,-,-,-,"PieraCeresa_2026_Conversiones - Add Payment Info",,,0,,,,,0,,,0,,,00:00:00,,,,,,,0,0,
2026-07-28,2026-07-28,"Carrusel Catalogo 2 - Video - AGO",active,,,,15000,Diario,0,0,0,"En curso","7 días tras clic, 1 día tras visualización o 1 día tras visualización activa",0,ABSOLUTE_OCPM,2026-08-18T08:00:30-0400,-,-,-,"PieraCeresa_2026_Conversiones - Add Payment Info",,,0,,,,,0,,,0,,,00:00:00,,,,,,,0,0,
2026-07-28,2026-07-28,"Carrusel Catalogo",active,,,,15000,Diario,0,0,0,"En curso","7 días tras clic, 1 día tras visualización o 1 día tras visualización activa",0,ABSOLUTE_OCPM,2026-08-18T08:00:30-0400,-,-,-,"PieraCeresa_2026_Conversiones - Add Payment Info",,,0,,,,,0,,,0,,,00:00:00,,,,,,,0,0,
2026-07-28,2026-07-28,"Carrusel Catalogo 2 - Video",active,,,,15000,Diario,0,0,0,"En curso","7 días tras clic, 1 día tras visualización o 1 día tras visualización activa",0,ABSOLUTE_OCPM,2026-08-18T08:00:30-0400,-,-,-,"PieraCeresa_2026_Conversiones - Add Payment Info",,,0,,,,,0,,,0,,,00:00:00,,,,,,,0,0,
2026-07-28,2026-07-28,"Carrusel Catalogo - Video Nuevo 1",active,,,,15000,Diario,0,0,0,"En curso","7 días tras clic, 1 día tras visualización o 1 día tras visualización activa",0,ABSOLUTE_OCPM,2026-08-18T08:00:30-0400,-,-,-,"PieraCeresa_2026_Conversiones - Add Payment Info",,,0,,,,,0,,,0,,,00:00:00,,,,,,,0,0,
2026-07-28,2026-07-28,"Carrusel Catalogo - Video Nuevo 6",inactive,,,,15000,Diario,0,0,0,"En curso","7 días tras clic, 1 día tras visualización o 1 día tras visualización activa",0,ABSOLUTE_OCPM,2026-08-03T21:53:15-0400,-,-,-,PieraCeresa_2026_Conversiones,,,0,,,,,0,,,0,,,00:00:00,,,,,,,0,0,
2026-07-28,2026-07-28,"Carrusel Catalogo - Video Nuevo 5",inactive,,,,15000,Diario,0,0,0,"En curso","7 días tras clic, 1 día tras visualización o 1 día tras visualización activa",0,ABSOLUTE_OCPM,2026-08-03T21:53:15-0400,-,-,-,PieraCeresa_2026_Conversiones,,,0,,,,,0,,,0,,,00:00:00,,,,,,,0,0,
2026-07-28,2026-07-28,"Carrusel Catalogo - Video Nuevo 4",inactive,,,,15000,Diario,0,0,0,"En curso","7 días tras clic, 1 día tras visualización o 1 día tras visualización activa",0,ABSOLUTE_OCPM,2026-08-03T21:53:15-0400,-,-,-,PieraCeresa_2026_Conversiones,,,0,,,,,0,,,0,,,00:00:00,,,,,,,0,0,
2026-07-28,2026-07-28,"Carrusel Catalogo - Video Nuevo 3",inactive,,,,15000,Diario,0,0,0,"En curso","7 días tras clic, 1 día tras visualización o 1 día tras visualización activa",0,ABSOLUTE_OCPM,2026-08-03T21:53:15-0400,-,-,-,PieraCeresa_2026_Conversiones,,,0,,,,,0,,,0,,,00:00:00,,,,,,,0,0,
2026-07-28,2026-07-28,"Carrusel Catalogo - Video Nuevo 2",inactive,,,,15000,Diario,0,0,0,"En curso","7 días tras clic, 1 día tras visualización o 1 día tras visualización activa",0,ABSOLUTE_OCPM,2026-08-03T21:53:15-0400,-,-,-,PieraCeresa_2026_Conversiones,,,0,,,,,0,,,0,,,00:00:00,,,,,,,0,0,
2026-07-28,2026-07-28,"Carrusel Catalogo - Video Nuevo 1",not_delivering,,,,15000,Diario,0,0,0,"En curso","7 días tras clic, 1 día tras visualización o 1 día tras visualización activa",0,ABSOLUTE_OCPM,2026-08-03T21:53:15-0400,-,-,-,PieraCeresa_2026_Conversiones,,,0,,,,,0,,,0,,,00:00:00,,,,,,,0,0,
2026-07-28,2026-07-28,"Carrusel Catalogo 3 - Video - Copia 2",inactive,,,,15000,Diario,0,0,0,"En curso","7 días tras clic, 1 día tras visualización o 1 día tras visualización activa",0,ABSOLUTE_OCPM,2026-08-03T21:53:15-0400,-,-,-,PieraCeresa_2026_Conversiones,,,0,,,,,0,,,0,,,00:00:00,,,,,,,0,0,
2026-07-28,2026-07-28,"Carrusel Catalogo 3 - Video - Copia",inactive,,,,15000,Diario,0,0,0,"En curso","7 días tras clic, 1 día tras visualización o 1 día tras visualización activa",0,ABSOLUTE_OCPM,2026-08-03T21:53:15-0400,-,-,-,PieraCeresa_2026_Conversiones,,,0,,,,,0,,,0,,,00:00:00,,,,,,,0,0,
2026-07-28,2026-07-28,"Carrusel Catalogo 3 - Video",inactive,,,,15000,Diario,6,6,6,"En curso","7 días tras clic, 1 día tras visualización o 1 día tras visualización activa",0,ABSOLUTE_OCPM,2026-08-03T21:53:15-0400,-,-,-,PieraCeresa_2026_Conversiones,,,0,,,,,1000,,,1,,1,2,1,1,1,,,,0,0,
2026-07-28,2026-07-28,"Carrusel Catalogo 2 - Video",not_delivering,1,actions:offsite_conversion.fb_pixel_purchase,2126,15000,Diario,2126,412,365,"En curso","7 días tras clic, 1 día tras visualización o 1 día tras visualización activa",0,ABSOLUTE_OCPM,2026-08-03T21:53:15-0400,-,-,-,PieraCeresa_2026_Conversiones,29.15804327,action_values:offsite_conversion.fb_pixel_purchase,1.643836,6,1,1,1,5160.194175,61990,61990,1.128767,6,100,3,95,23,12,11,11,1.456311,2.465753,2.912621,354.333333
2026-07-28,2026-07-28,"Carrusel Catalogo",not_delivering,,,,15000,Diario,14388,3924,2603,"En curso","7 días tras clic, 1 día tras visualización o 1 día tras visualización activa",0,ABSOLUTE_OCPM,2026-08-03T21:53:15-0400,Promedio,-,-,PieraCeresa_2026_Conversiones,,,3.880138,108,1,,,3666.666667,,,1.507491,122,8,4,2,2,2,1,2,3.109072,4.994237,4.663609,117.934426
2026-07-27,2026-07-27,"Carrusel Catalogo 2 - Video",not_delivering,,,,15000,Diario,0,0,0,"En curso","7 días tras clic, 1 día tras visualización o 1 día tras visualización activa",0,ABSOLUTE_OCPM,2026-08-22T06:54:06-0400,-,-,-,"PieraCeresa_2026_Conversiones -Purchase",,,0,,,,,0,,,0,,,00:00:00,,,,,,,0,0,
2026-07-27,2026-07-27,"Carrusel Catalogo",not_delivering,,,,15000,Diario,0,0,0,"En curso","7 días tras clic, 1 día tras visualización o 1 día tras visualización activa",0,ABSOLUTE_OCPM,2026-08-22T06:54:06-0400,-,-,-,"PieraCeresa_2026_Conversiones -Purchase",,,0,,,,,0,,,0,,,00:00:00,,,,,,,0,0,
2026-07-27,2026-07-27,"Carrusel Catalogo - Video Nuevo 1",not_delivering,,,,15000,Diario,0,0,0,"En curso","7 días tras clic, 1 día tras visualización o 1 día tras visualización activa",0,ABSOLUTE_OCPM,2026-08-22T06:54:06-0400,-,-,-,"PieraCeresa_2026_Conversiones -Purchase",,,0,,,,,0,,,0,,,00:00:00,,,,,,,0,0,
2026-07-27,2026-07-27,"Carrusel Catalogo 2 - Video - AGO",not_delivering,,,,15000,Diario,0,0,0,"En curso","7 días tras clic, 1 día tras visualización o 1 día tras visualización activa",0,ABSOLUTE_OCPM,2026-08-22T06:54:06-0400,-,-,-,"PieraCeresa_2026_Conversiones -Purchase",,,0,,,,,0,,,0,,,00:00:00,,,,,,,0,0,
2026-07-27,2026-07-27,"Carrusel Catalogo 1 - Video - AGO",not_delivering,,,,15000,Diario,0,0,0,"En curso","7 días tras clic, 1 día tras visualización o 1 día tras visualización activa",0,ABSOLUTE_OCPM,2026-08-22T06:54:06-0400,-,-,-,"PieraCeresa_2026_Conversiones -Purchase",,,0,,,,,0,,,0,,,00:00:00,,,,,,,0,0,
2026-07-27,2026-07-27,"Carrusel Catalogo 1 - Video - AGO",active,,,,15000,Diario,0,0,0,"En curso","7 días tras clic, 1 día tras visualización o 1 día tras visualización activa",0,ABSOLUTE_OCPM,2026-08-18T08:00:30-0400,-,-,-,"PieraCeresa_2026_Conversiones - Add Payment Info",,,0,,,,,0,,,0,,,00:00:00,,,,,,,0,0,
2026-07-27,2026-07-27,"Carrusel Catalogo 2 - Video - AGO",active,,,,15000,Diario,0,0,0,"En curso","7 días tras clic, 1 día tras visualización o 1 día tras visualización activa",0,ABSOLUTE_OCPM,2026-08-18T08:00:30-0400,-,-,-,"PieraCeresa_2026_Conversiones - Add Payment Info",,,0,,,,,0,,,0,,,00:00:00,,,,,,,0,0,
2026-07-27,2026-07-27,"Carrusel Catalogo",active,,,,15000,Diario,0,0,0,"En curso","7 días tras clic, 1 día tras visualización o 1 día tras visualización activa",0,ABSOLUTE_OCPM,2026-08-18T08:00:30-0400,-,-,-,"PieraCeresa_2026_Conversiones - Add Payment Info",,,0,,,,,0,,,0,,,00:00:00,,,,,,,0,0,
2026-07-27,2026-07-27,"Carrusel Catalogo 2 - Video",active,,,,15000,Diario,0,0,0,"En curso","7 días tras clic, 1 día tras visualización o 1 día tras visualización activa",0,ABSOLUTE_OCPM,2026-08-18T08:00:30-0400,-,-,-,"PieraCeresa_2026_Conversiones - Add Payment Info",,,0,,,,,0,,,0,,,00:00:00,,,,,,,0,0,
2026-07-27,2026-07-27,"Carrusel Catalogo - Video Nuevo 1",active,,,,15000,Diario,0,0,0,"En curso","7 días tras clic, 1 día tras visualización o 1 día tras visualización activa",0,ABSOLUTE_OCPM,2026-08-18T08:00:30-0400,-,-,-,"PieraCeresa_2026_Conversiones - Add Payment Info",,,0,,,,,0,,,0,,,00:00:00,,,,,,,0,0,
2026-07-27,2026-07-27,"Carrusel Catalogo - Video Nuevo 6",inactive,,,,15000,Diario,0,0,0,"En curso","7 días tras clic, 1 día tras visualización o 1 día tras visualización activa",0,ABSOLUTE_OCPM,2026-08-03T21:53:15-0400,-,-,-,PieraCeresa_2026_Conversiones,,,0,,,,,0,,,0,,,00:00:00,,,,,,,0,0,
2026-07-27,2026-07-27,"Carrusel Catalogo - Video Nuevo 5",inactive,,,,15000,Diario,0,0,0,"En curso","7 días tras clic, 1 día tras visualización o 1 día tras visualización activa",0,ABSOLUTE_OCPM,2026-08-03T21:53:15-0400,-,-,-,PieraCeresa_2026_Conversiones,,,0,,,,,0,,,0,,,00:00:00,,,,,,,0,0,
2026-07-27,2026-07-27,"Carrusel Catalogo - Video Nuevo 4",inactive,,,,15000,Diario,0,0,0,"En curso","7 días tras clic, 1 día tras visualización o 1 día tras visualización activa",0,ABSOLUTE_OCPM,2026-08-03T21:53:15-0400,-,-,-,PieraCeresa_2026_Conversiones,,,0,,,,,0,,,0,,,00:00:00,,,,,,,0,0,
2026-07-27,2026-07-27,"Carrusel Catalogo - Video Nuevo 3",inactive,,,,15000,Diario,0,0,0,"En curso","7 días tras clic, 1 día tras visualización o 1 día tras visualización activa",0,ABSOLUTE_OCPM,2026-08-03T21:53:15-0400,-,-,-,PieraCeresa_2026_Conversiones,,,0,,,,,0,,,0,,,00:00:00,,,,,,,0,0,
2026-07-27,2026-07-27,"Carrusel Catalogo - Video Nuevo 2",inactive,,,,15000,Diario,0,0,0,"En curso","7 días tras clic, 1 día tras visualización o 1 día tras visualización activa",0,ABSOLUTE_OCPM,2026-08-03T21:53:15-0400,-,-,-,PieraCeresa_2026_Conversiones,,,0,,,,,0,,,0,,,00:00:00,,,,,,,0,0,
2026-07-27,2026-07-27,"Carrusel Catalogo - Video Nuevo 1",not_delivering,,,,15000,Diario,0,0,0,"En curso","7 días tras clic, 1 día tras visualización o 1 día tras visualización activa",0,ABSOLUTE_OCPM,2026-08-03T21:53:15-0400,-,-,-,PieraCeresa_2026_Conversiones,,,0,,,,,0,,,0,,,00:00:00,,,,,,,0,0,
2026-07-27,2026-07-27,"Carrusel Catalogo 3 - Video - Copia 2",inactive,,,,15000,Diario,0,0,0,"En curso","7 días tras clic, 1 día tras visualización o 1 día tras visualización activa",0,ABSOLUTE_OCPM,2026-08-03T21:53:15-0400,-,-,-,PieraCeresa_2026_Conversiones,,,0,,,,,0,,,0,,,00:00:00,,,,,,,0,0,
2026-07-27,2026-07-27,"Carrusel Catalogo 3 - Video - Copia",inactive,,,,15000,Diario,0,0,0,"En curso","7 días tras clic, 1 día tras visualización o 1 día tras visualización activa",0,ABSOLUTE_OCPM,2026-08-03T21:53:15-0400,-,-,-,PieraCeresa_2026_Conversiones,,,0,,,,,0,,,0,,,00:00:00,,,,,,,0,0,
2026-07-27,2026-07-27,"Carrusel Catalogo 3 - Video",inactive,,,,15000,Diario,0,0,0,"En curso","7 días tras clic, 1 día tras visualización o 1 día tras visualización activa",0,ABSOLUTE_OCPM,2026-08-03T21:53:15-0400,-,-,-,PieraCeresa_2026_Conversiones,,,0,,,,,0,,,0,,,00:00:00,,,,,,,0,0,
2026-07-27,2026-07-27,"Carrusel Catalogo 2 - Video",not_delivering,,,,15000,Diario,0,0,0,"En curso","7 días tras clic, 1 día tras visualización o 1 día tras visualización activa",0,ABSOLUTE_OCPM,2026-08-03T21:53:15-0400,-,-,-,PieraCeresa_2026_Conversiones,,,0,,,,,0,,,0,,,00:00:00,,,,,,,0,0,
2026-07-27,2026-07-27,"Carrusel Catalogo",not_delivering,,,,15000,Diario,0,0,0,"En curso","7 días tras clic, 1 día tras visualización o 1 día tras visualización activa",0,ABSOLUTE_OCPM,2026-08-03T21:53:15-0400,-,-,-,PieraCeresa_2026_Conversiones,,,0,,,,,0,,,0,,,00:00:00,,,,,,,0,0,
